run_id,collected_at,video_id,url,title,description,channel_id,channel_title,channel_description,channel_published_at,channel_country,channel_view_count,channel_subscriber_count,channel_hidden_subscriber_count,video_published_at,duration_iso8601,duration_seconds,default_language,default_audio_language,caption_available,transcript_status,transcript_text,transcript_source,transcript_retrieval_error,privacy_status,made_for_kids,view_count,like_count,comment_count,favorite_count,metadata_available,search_query_count,first_seen_query,first_seen_rank,normalized_title,near_duplicate_key,near_duplicate_candidate,search_queries
batch-yiran-colon-001,2026-09-24T22:03:52.025748+00:00,HudS9_URqGc,https://www.youtube.com/watch?v=HudS9_URqGc,"Colon cancer screenings recommended to start at 45, not 50","The American Cancer Society recommends U.S. adults start getting colonoscopies at age 45, not 50. CBS News chief medical correspondent Dr. Jon LaPook joins CBSN to discuss why these new guidelines are going into place, and why the disease is affecting more young people.",UC8p1vwvWtl6T73JiExfWs1g,CBS News,"CBS News is a trusted source for the latest in politics, U.S. and world news. The network is home to award-winning broadcasts CBS Mornings, CBS Evening News, 60 Minutes, CBS Sunday Morning, 48 Hours and Face the Nation.

CBS News 24/7 is the premier anchored streaming news service from CBS News and Stations that is available free to everyone with access to the internet and is the destination for breaking news, live events, original reporting and storytelling, and programs from CBS News and Stations' top anchors and correspondents working locally, nationally and around the globe. It is available on more than 30 platforms across mobile, desktop and connected TVs for free, as well as CBSNews.com and Paramount+ and live in 91 countries.

Subscribe to our YouTube channel for breaking news, live events and in-depth reporting from CBS News.

For licensing inquiries, contact: licensing@veritone.com
",2006-09-27T13:38:41Z,US,6743984757,7090000,False,2018-05-31T00:37:36Z,PT7M27S,447,en,en,false,no_captions_reported,,,,public,False,1882,22,26,0,True,1,When should I start colorectal cancer screening? (age 45 vs 50),1,"colon cancer screenings recommended to start at 45, not 50","colon cancer screenings recommended to start at 45, not 50|UC8p1vwvWtl6T73JiExfWs1g",False,"[{""cancer_domain"": ""colon"", ""search_query"": ""When should I start colorectal cancer screening? (age 45 vs 50)"", ""rank"": 1, ""contributor"": ""Yiran"", ""source"": ""CDC: Screening for Colorectal Cancer"", ""scope_category"": ""Pre-screening education""}]"
batch-yiran-colon-001,2026-09-24T22:03:52.025748+00:00,i3WH6ZkAWZg,https://www.youtube.com/watch?v=i3WH6ZkAWZg,Updated colorectal cancer screening recommendations: Start at 45 I UCLA Health,"A rise in colorectal cancer cases amongst young adults led to new national guidelines lowering the recommended screening age for colorectal cancer from age 50 to 45 (May 2021). Individuals with a family history of colorectal or high-risk conditions should consult their doctor about whether they should begin screening before age 45. Colorectal cancer screening can prevent colorectal cancer through the removal of abnormal growths or polyps. It can also help doctors detect colorectal cancers early when they are most likely curable.  

Learn more about screening options, when to screen and facts about colorectal cancer at 
https://www.uclahealth.org/colon-cancer-screening/

Presented by Folasade P. May, MD, PhD",UCb_JYhqnSdEejiznUm3XNqQ,UCLA Health,"For more than half a century, UCLA Health System has provided the best in healthcare and the latest in medical technology to the people of Los Angeles and throughout the world. 

Comprised of Ronald Reagan UCLA Medical Center, UCLA Medical Center, Santa Monica, Resnick Neuropsychiatric Hospital at UCLA, UCLA Mattel Children's Hospital, and the UCLA Medical Group with its wide-reaching system of primary-care and specialty-care offices throughout the region, UCLA Health System is among the most comprehensive and advanced healthcare systems in the world. Visit us at www.uclahealth.org",2007-09-26T23:51:13Z,US,136016769,582000,False,2022-02-18T20:13:42Z,PT1M31S,91,en,en-US,false,no_captions_reported,,,,public,False,4220,47,1,0,True,1,When should I start colorectal cancer screening? (age 45 vs 50),2,updated colorectal cancer screening recommendations: start at 45 i ucla health,updated colorectal cancer screening recommendations: start at 45 i ucla health|UCb_JYhqnSdEejiznUm3XNqQ,False,"[{""cancer_domain"": ""colon"", ""search_query"": ""When should I start colorectal cancer screening? (age 45 vs 50)"", ""rank"": 2, ""contributor"": ""Yiran"", ""source"": ""CDC: Screening for Colorectal Cancer"", ""scope_category"": ""Pre-screening education""}]"
batch-yiran-colon-001,2026-09-24T22:03:52.025748+00:00,GUIu0YC-Q5k,https://www.youtube.com/watch?v=GUIu0YC-Q5k,By the Numbers: Colon cancer screenings should begin at age 45,"Screenings for colon cancer, the second leading cause of U.S. cancer deaths, should begin at age 45, not 50, according to a task force.

ABC News Live Prime, Weekdays at 7EST & 9EST

WATCH the ABC News Live Stream Here: https://www.youtube.com/watch?v=w_Ma8oQLmSM  
SUBSCRIBE to ABC NEWS: https://bit.ly/2vZb6yP  
Watch More on http://abcnews.go.com/  
LIKE ABC News on FACEBOOK https://www.facebook.com/abcnews   
FOLLOW ABC News on TWITTER: https://twitter.com/abc

#ABCNLPrime #ByTheNumbers #ColonCancer #CancerDeaths",UCBi2mrWuNuyYy4gbM6fU18Q,ABC News,"ABC News is your daily source for breaking national and world news, exclusive interviews and 24/7 live streaming coverage that will help you stay up to date on the events shaping our world. https://abcnews.com",2006-08-07T23:12:21Z,US,18997587334,19800000,False,2021-05-19T02:45:05Z,PT1M32S,92,en,en,false,no_captions_reported,,,,public,False,3095,68,13,0,True,1,When should I start colorectal cancer screening? (age 45 vs 50),3,by the numbers: colon cancer screenings should begin at age 45,by the numbers: colon cancer screenings should begin at age 45|UCBi2mrWuNuyYy4gbM6fU18Q,False,"[{""cancer_domain"": ""colon"", ""search_query"": ""When should I start colorectal cancer screening? (age 45 vs 50)"", ""rank"": 3, ""contributor"": ""Yiran"", ""source"": ""CDC: Screening for Colorectal Cancer"", ""scope_category"": ""Pre-screening education""}]"
batch-yiran-colon-001,2026-09-24T22:03:52.025748+00:00,Wc1Co9eFb80,https://www.youtube.com/watch?v=Wc1Co9eFb80,"Colorectal cancer screenings should start at age 45, new guidelines say","New guidelines say most people should start colorectal cancer screenings earlier. The American Cancer Society says testing for men and women at average risk should begin at age 45 instead of 50. The change comes in response to a 51 percent rise in colon and rectal cancers since 1994 in adults younger than 50. CBS News chief medical correspondent and gastroenterologist Dr. Jon LaPook joins ""CBS This Morning"" to discuss the guidelines.

Subscribe to the ""CBS This Morning"" Channel HERE: http://bit.ly/1Q0v2hE
Watch ""CBS This Morning"" HERE: http://bit.ly/1T88yAR
Watch the latest installment of ""Note to Self,"" only on ""CBS This Morning,"" HERE: http://cbsn.ws/1Sh8XlB
Follow ""CBS This Morning"" on Instagram HERE: http://bit.ly/1Q7NGnY
Like ""CBS This Morning"" on Facebook HERE: http://on.fb.me/1LhtdvI
Follow ""CBS This Morning"" on Twitter HERE: http://bit.ly/1Xj5W3p
Follow ""CBS This Morning"" on Google+ HERE: http://bit.ly/1SIM4I8

Get the latest news and best in original reporting from CBS News delivered to your inbox. Subscribe to newsletters HERE: http://cbsn.ws/1RqHw7T

Get your news on the go! Download CBS News mobile apps HERE: http://cbsn.ws/1Xb1WC8

Get new episodes of shows you love across devices the next day, stream local news live, and watch full seasons of CBS fan favorites anytime, anywhere with CBS All Access. Try it free! http://bit.ly/1OQA29B


Delivered by Norah O’Donnell and Gayle King, ""CBS This Morning"" offers a thoughtful, substantive and insightful source of news and information to a daily audience of 3 million viewers. The Emmy Award-winning broadcast presents a mix of daily news, coverage of developing stories of national and global significance, and interviews with leading figures in politics, business and entertainment. Check local listings for ""CBS This Morning"" broadcast times.",UC-SJ6nODDmufqBzPBwCvYvQ,CBS Mornings,"Each weekday morning, ""CBS Mornings” brings you the latest breaking news, smart conversation and in-depth feature reporting. Watch ""CBS Mornings"" on weekdays at 7 a.m. ET on CBS and stream it at 8 a.m. ET on the CBS News app.

For licensing inquiries, contact: licensing@veritone.com
",2013-05-23T10:59:52Z,,2851080784,3320000,False,2018-05-31T12:36:52Z,PT3M26S,206,en,en,false,no_captions_reported,,,,public,False,3123,13,2,0,True,1,When should I start colorectal cancer screening? (age 45 vs 50),4,"colorectal cancer screenings should start at age 45, new guidelines say","colorectal cancer screenings should start at age 45, new guidelines say|UC-SJ6nODDmufqBzPBwCvYvQ",False,"[{""cancer_domain"": ""colon"", ""search_query"": ""When should I start colorectal cancer screening? (age 45 vs 50)"", ""rank"": 4, ""contributor"": ""Yiran"", ""source"": ""CDC: Screening for Colorectal Cancer"", ""scope_category"": ""Pre-screening education""}]"
batch-yiran-colon-001,2026-09-24T22:03:52.025748+00:00,tSCCPtM5xM4,https://www.youtube.com/watch?v=tSCCPtM5xM4,Colorectal Cancer Screening: 45 is the new 50,"The colorectal cancer screening age recommendation is now 45. Dana-Farber's Kimmie Ng, MD, MPH, explains the significance and how the move is prompted by an alarming rise in cases of colorectal cancer in people younger than 50. Read more in this press release: https://www.dana-farber.org/newsroom/news-releases/2021/“45-is-the-new-50”-as-age-for-colorectal-cancer-screening-is-lowered/ Video published: May 18, 2021",UCmo02peDKZvgpJj3TT2Jt_A,Dana-Farber Cancer Institute,"Dana-Farber Cancer Institute provides expert, compassionate care to children and adults while advancing the understanding, diagnosis, treatment, and prevention of cancer and related diseases. Dana-Farber, with its partners, is ranked among the nation's very top cancer centers, and is one of the world's leading center for research into the causes of---and new treatments for---the disease.  
To make an appointment, visit www.dana-farber.org or call the following numbers for: 

Adults: +1 877-442-3324 (+1 877-442-DFCI)

Children: +1 888-733-4662 (+1 888-PEDI-ONC)

Dana-Farber shares patient stories which may include descriptions of actual medical results. Dana-Farber provides personalized care for each patient based on their unique needs; their experiences and results will vary.",2007-11-05T20:46:58Z,US,11715648,57600,False,2021-05-18T15:00:21Z,PT2M19S,139,en,en,true,captions_reported_available,,,,public,False,531,4,,0,True,1,When should I start colorectal cancer screening? (age 45 vs 50),5,colorectal cancer screening: 45 is the new 50,colorectal cancer screening: 45 is the new 50|UCmo02peDKZvgpJj3TT2Jt_A,False,"[{""cancer_domain"": ""colon"", ""search_query"": ""When should I start colorectal cancer screening? (age 45 vs 50)"", ""rank"": 5, ""contributor"": ""Yiran"", ""source"": ""CDC: Screening for Colorectal Cancer"", ""scope_category"": ""Pre-screening education""}]"
batch-yiran-colon-001,2026-09-24T22:03:52.025748+00:00,g0Y9quP6Zcw,https://www.youtube.com/watch?v=g0Y9quP6Zcw,What Age Should Patients Get Screened for Colorectal Cancer?,"Although the US Preventive Services Task Force updated its recommendation in 2021 to lower the age at which patients should begin screening for colorectal cancer to 45, the American College of Physicians continues to recommend screening starting at age 50. 

In an interview with HCPLive at the 2024 American College of Physicians (ACP) Internal Medicine Meeting in Boston, Timothy Wilt, MD, MPH, professor of medicine and public health in the division of general internal medicine at the Minneapolis VA Health Care System, explained the potential benefits versus harms of screening at different ages.

“ACP believes and looks at the evidence and says that the best balance of benefits and harms is beginning screening at age 50 and that clinicians should consider recommending against not screening at age 45 because it would be a better benefit by allocating resources and screening decisions to those at greatest risk and with greatest certainty,” he said.

Looking beyond optimal timing to begin screening, Wilt also discussed when it may be appropriate for patients to “focus on some other things” as they get older, highlighting a decreasing risk of developing cancer and benefiting from screening decrease with age.

Read the full article here: https://www.hcplive.com/view/timothy-wilt-md-mph-what-age-should-patients-get-screened-for-colorectal-cancer-

Hear more from Wilt: https://www.hcplive.com/view/timothy-wilt-md-mph-discussing-colorectal-cancer-screening-options-recommended-acp

#Cancer #Screening #Gastroenterology",UCy4D1nNOzIYe685NEtIvDZg,HCPLive,"HCPLive, a comprehensive clinical news site, covers many specialties—cardiology, ophthalmology, allergy, biosimilars, dermatology, endocrinology, gastroenterology, geriatrics, hematology, hepatology, nephrology, pain, psychiatry, pulmonary, rheumatology, sleep, and more. This channel provides in-depth conference coverage, interviews with physician experts on pivotal data, breaking news, and more. 

",2010-11-02T14:17:00Z,US,4821430,16100,False,2024-04-23T17:00:25Z,PT5M17S,317,en,en-US,false,no_captions_reported,,,,public,False,561,0,0,0,True,1,When should I start colorectal cancer screening? (age 45 vs 50),6,what age should patients get screened for colorectal cancer?,what age should patients get screened for colorectal cancer?|UCy4D1nNOzIYe685NEtIvDZg,False,"[{""cancer_domain"": ""colon"", ""search_query"": ""When should I start colorectal cancer screening? (age 45 vs 50)"", ""rank"": 6, ""contributor"": ""Yiran"", ""source"": ""CDC: Screening for Colorectal Cancer"", ""scope_category"": ""Pre-screening education""}]"
batch-yiran-colon-001,2026-09-24T22:03:52.025748+00:00,vOaoUzWU4Z8,https://www.youtube.com/watch?v=vOaoUzWU4Z8,Colon cancer screenings are now recommended at age 45 instead of 50,Colon cancer screenings are now recommended at age 45 instead of 50,UClMs26ViHFMy7MS897Alcxw,FOX 2 St. Louis,"KTVI FOX 2 is a top television station in St. Louis, Missouri producing over 68 hours of live news and local programming each week.",2009-11-17T23:18:07Z,US,253446450,293000,False,2021-05-20T12:27:18Z,PT2M57S,177,en,en,true,captions_reported_available,,,,public,False,758,5,2,0,True,1,When should I start colorectal cancer screening? (age 45 vs 50),7,colon cancer screenings are now recommended at age 45 instead of 50,colon cancer screenings are now recommended at age 45 instead of 50|UClMs26ViHFMy7MS897Alcxw,False,"[{""cancer_domain"": ""colon"", ""search_query"": ""When should I start colorectal cancer screening? (age 45 vs 50)"", ""rank"": 7, ""contributor"": ""Yiran"", ""source"": ""CDC: Screening for Colorectal Cancer"", ""scope_category"": ""Pre-screening education""}]"
batch-yiran-colon-001,2026-09-24T22:03:52.025748+00:00,oSyIcfIJSow,https://www.youtube.com/watch?v=oSyIcfIJSow,Recommended age to start colorectal cancer screening drops from 50 to 45,The recommended age to get screened for colon cancer fell from 50 to 45. The U.S. Preventative Services Task Force announcing the official change this morning.,UCDqchFCm3HNLAob6OpsLWLw,KTNV Channel 13 Las Vegas,"13 Action News brings you the latest from the Entertainment Capital of the World with locals in mind, covering everything from the Strip to suburban neighborhoods across the Las Vegas Valley. We're your local connection for breaking news, weather alerts, and the stories shaping Southern Nevada's rapidly growing communities.",2015-01-26T21:43:01Z,,365227732,339000,False,2021-05-18T19:18:55Z,PT20S,20,en,en-US,true,captions_reported_available,,,,public,False,181,0,1,0,True,1,When should I start colorectal cancer screening? (age 45 vs 50),8,recommended age to start colorectal cancer screening drops from 50 to 45,recommended age to start colorectal cancer screening drops from 50 to 45|UCDqchFCm3HNLAob6OpsLWLw,False,"[{""cancer_domain"": ""colon"", ""search_query"": ""When should I start colorectal cancer screening? (age 45 vs 50)"", ""rank"": 8, ""contributor"": ""Yiran"", ""source"": ""CDC: Screening for Colorectal Cancer"", ""scope_category"": ""Pre-screening education""}]"
batch-yiran-colon-001,2026-09-24T22:03:52.025748+00:00,wiQsPQHcRiI,https://www.youtube.com/watch?v=wiQsPQHcRiI,Experts Recommend Colorectal Cancer Screenings Begin At Age 45,Colon cancer is the third-leading cause of death in the United States.,UCi4fcBVyo4CAnmdgXeO-NvA,CBS Boston,"Welcome to the official WBZ News / CBS Boston Channel!   All the local news and information you need from the team at WBZ-TV News and WBZ.com. 

Subscribe on YouTube:  http://www.youtube.com/CBSBoston
Facebook:    https://www.facebook.com/CBSBoston
Instagram: https://www.instagram.com/wbztv/
X:   @wbz
",2014-02-27T18:30:55Z,US,414597439,374000,False,2021-05-18T21:38:37Z,PT26S,26,en,en,true,captions_reported_available,,,,public,False,113,1,1,0,True,1,When should I start colorectal cancer screening? (age 45 vs 50),9,experts recommend colorectal cancer screenings begin at age 45,experts recommend colorectal cancer screenings begin at age 45|UCi4fcBVyo4CAnmdgXeO-NvA,False,"[{""cancer_domain"": ""colon"", ""search_query"": ""When should I start colorectal cancer screening? (age 45 vs 50)"", ""rank"": 9, ""contributor"": ""Yiran"", ""source"": ""CDC: Screening for Colorectal Cancer"", ""scope_category"": ""Pre-screening education""}]"
batch-yiran-colon-001,2026-09-24T22:03:52.025748+00:00,XpGGFNoUDkU,https://www.youtube.com/watch?v=XpGGFNoUDkU,National task force issues guidelines to lower colorectal cancer screening age from 50 to 45,The U.S Preventive Services Task Force has released new guidelines recommending colonoscopies at the age of 45 instead of 50.,UCIVk1L1-JmpdiGuZcVjImtA,ABC15 Arizona,"This is the official YouTube channel for ABC15 Arizona, delivering the latest Phoenix local news and weather. We look to uplift Arizona with good news stories, and our investigations help fight for what's right. 

We are Everything Arizona: Breaking News, Weather, Investigations and more.
",2008-10-09T20:23:22Z,US,614942332,585000,False,2021-05-21T23:59:29Z,PT2M57S,177,en,en-US,true,captions_reported_available,,,,public,False,1016,1,0,0,True,1,When should I start colorectal cancer screening? (age 45 vs 50),10,national task force issues guidelines to lower colorectal cancer screening age from 50 to 45,national task force issues guidelines to lower colorectal cancer screening age from 50 to 45|UCIVk1L1-JmpdiGuZcVjImtA,False,"[{""cancer_domain"": ""colon"", ""search_query"": ""When should I start colorectal cancer screening? (age 45 vs 50)"", ""rank"": 10, ""contributor"": ""Yiran"", ""source"": ""CDC: Screening for Colorectal Cancer"", ""scope_category"": ""Pre-screening education""}]"
batch-yiran-colon-001,2026-09-24T22:03:52.025748+00:00,ESBmOtSiJyc,https://www.youtube.com/watch?v=ESBmOtSiJyc,Colonoscopy Outdated? New Blood Test for Colon Cancer Screening,"We discuss a new blood test for colon cancer screening by Guardant Health which uses cell free DNA to screen for colon cancer. Is the Shield test better than colonoscopy? Lets discuss the pros and cons of Guardant Health's Shield test. 

Watch This Next: Cologuard vs FIT for Colon Cancer Screening https://youtu.be/jVoS0dAxE_Y

If you are in healthcare and want to earn extra income check out this link to M3 surveys(affiliate): https://aff.m3globalresearch.com/4f414b48/46a5949111338094

Instagram: https://www.instagram.com/imedicalschool/
Follow us on twitter: https://twitter.com/iMedSchool
Follow us on Facebook: https://www.facebook.com/Imedicalschool?ref=hl
Website: kanurumd.com

iMedicalSchool is a channel dedicated to helping you understand complex medical topics in a simple manner. We want to make sure that you understand every topic presented.  We are happy to answer questions and take suggestions.  No matter if you are in medical school, nursing school or physician assistant school we are here to help you learn more.

Citations:
American Dad  - Seth MacFarlane, Mike Barker and Matt Weitzman for the Fox Broadcasting Company. 

Brooklyn Nine Nine Created by Dan Goor and Michael Schur Fox Broadcasting Company. 

Joey created by Scott Silveri and Shana Goldberg-Meehan NBC

Big Bang Theory created by Chuck Lorre and Bill Prady CBS",UCqf69ZzuEHEodRqn7C88K5w,iMedicalSchool,"Ever wonder why a test was ordered, why a medication was prescribed, or why the latest health news matters to you? At iMedicalSchool, we break down the ""why"" behind medical decisions—so you can understand medicine the way clinicians do.

DISCLAIMER: The information discussed in these videos is meant for medical education only. The content is not intended to be a substitute for professional medical advice, diagnosis, or treatment. Always seek the advice of your physician or qualified healthcare provider with any questions regarding your health.  You should not disregard professional medical advice or delay seeking medical advice based on this content. iMedicalSchool disclaims any and all liability to any party for any direct, indirect, special, incidental, or other damages due to use of this content

",2011-09-19T13:20:46Z,US,4372442,93000,False,2024-05-31T06:54:42Z,PT6M4S,364,en,en,true,captions_reported_available,,,,public,False,3379,,10,0,True,1,Colonoscopy vs FIT stool test: which screening test is right for me?,1,colonoscopy outdated? new blood test for colon cancer screening,colonoscopy outdated? new blood test for colon cancer screening|UCqf69ZzuEHEodRqn7C88K5w,False,"[{""cancer_domain"": ""colon"", ""search_query"": ""Colonoscopy vs FIT stool test: which screening test is right for me?"", ""rank"": 1, ""contributor"": ""Yiran"", ""source"": ""American Cancer Society colorectal screening guideline"", ""scope_category"": ""Pre-screening education""}]"
batch-yiran-colon-001,2026-09-24T22:03:52.025748+00:00,gdGl7Psvc8o,https://www.youtube.com/watch?v=gdGl7Psvc8o,At-home test or a colonoscopy? Which screening is best for you: HealthLink,"Colorectal cancer is among the top leading cause of cancer-related deaths in the U.S., according to the American Cancer Society. It's why doctors say screenings are so critical.

As more cases among younger people are being documented, healthcare providers stress that if patients are having symptoms, get tested. Even if no symptoms are present, they urge people to still get tested.

For the women KING 5 talked to for HealthLink, trusting their gut, saved their lives.

READ THE FULL STORY: https://www.king5.com/article/news/health/at-home-test-colonoscopy-screening-best-healthlink/281-bb2d4f90-4912-458f-85f3-4a0c572125ab",UCp1KrVaZDZ7BOI_QBuTWWmg,KING 5 Seattle,"KING 5 News (NBC Seattle)

Seattle Leading Local News: Weather, Traffic, Sports & More

See Seattle through new lens with our flagship YouTube series, Local Lens Seattle! 


[KING 5 Media Group, a TEGNA company]",2006-03-08T16:16:10Z,US,670659323,612000,False,2023-03-25T00:00:13Z,PT3M34S,214,en,en,true,captions_reported_available,,,,public,False,1652,22,0,0,True,1,Colonoscopy vs FIT stool test: which screening test is right for me?,2,at-home test or a colonoscopy? which screening is best for you: healthlink,at-home test or a colonoscopy? which screening is best for you: healthlink|UCp1KrVaZDZ7BOI_QBuTWWmg,False,"[{""cancer_domain"": ""colon"", ""search_query"": ""Colonoscopy vs FIT stool test: which screening test is right for me?"", ""rank"": 2, ""contributor"": ""Yiran"", ""source"": ""American Cancer Society colorectal screening guideline"", ""scope_category"": ""Pre-screening education""}]"
batch-yiran-colon-001,2026-09-24T22:03:52.025748+00:00,gMtMtJsRmw4,https://www.youtube.com/watch?v=gMtMtJsRmw4,How to Decide Your Colon Cancer Screening Method?,"What's the best way to screen for colon cancer? In this video, I describe the factors to consider to make your choice on how to answer this question. I discuss the pros and cons of the most common methods to screen for colon cancer - a colonoscopy, a Cologuard, and a FIT test. I discuss which methods detect colon cancer and which method prevents colon cancer. I consider the cost differences of each of these tests and when insurance may not cover a test. I also present the risks of the tests. The accuracy of these tests differ so I break down the statistics for how well these test detect cancer, how well they detect precursors to cancer, and some of the reasons the test may be wrong. Finally, I emphasize the importance of convenience and availability. Ultimately, the best test is the test you complete which ensures you have been screened and helps us toward the goal that all eligible patients be screened for colon cancer. 

SUBSCRIBE to the Channel for More Content: ?sub_confirmation=1

Be Sure to Check Out Other Relevant Content:
- When is it Time to Stop Colon Cancer Screening:  https://youtu.be/Ykyoc231akE
- DONT Follow These TikTok Colonoscopy Prep Tips:  https://youtu.be/uV3hEH4BvC8
- How to Endure a Clear Liquid Diet: https://youtu.be/PwXeh0RvRuM
- Time for A Colonoscopy: https://youtu.be/vco6Wo4vWXY
- When & Why Have a Colonoscopy: https://youtu.be/c8p2m8W9PXw
- How to Plan for A Colonoscopy: https://youtu.be/zn6vZX2Sh-4
- Cant Handle Colonoscopy Prep - Watch This: https://youtu.be/uJX44uYqMws
- Never Would I Ever Colonoscopy Edition: https://youtu.be/t_aaM1zhsl4
- Do Colonoscopies Actually Prevent Colon Cancer: https://youtu.be/K-VThlZEzMU


DISCLAIMER: While I am a Gastroenterologist, I am not acting as your Gastroenterologist. The information provided on this channel is intended to be general educational content and not directed towards any one individual. If you believe you have a medical condition that deserves attention please seek care from your healthcare provider. If you are experiencing a life threatening emergency, call 911.",UCQSH8alK6dL11aj2YT1I8Vg,"Mark Cooper, MD","I'm Mark Cooper - a board ceritified gastroenterologist - these videos are a fun and easy way to learn about all things GI!

Understanding your gut and how to keep it healthy is complicated! I provide clarity on common, and not so common,  GI topics in a fun and relatable way!

Ask questions in the comment sections and we will try to make a video on the topics you find most interesting!

We upload a new video every Monday morning. Please SUBSCRIBE so you are altered when new content is released!

Lets have some fun!

ABIM Certification: https://www.abim.org/verify-physician?type=id&id=366080
",2020-08-18T14:41:16.174265Z,US,5497813,31200,False,2023-02-27T23:00:33Z,PT7M11S,431,en,en,false,no_captions_reported,,,,public,False,24695,344,59,0,True,1,Colonoscopy vs FIT stool test: which screening test is right for me?,3,how to decide your colon cancer screening method?,how to decide your colon cancer screening method?|UCQSH8alK6dL11aj2YT1I8Vg,False,"[{""cancer_domain"": ""colon"", ""search_query"": ""Colonoscopy vs FIT stool test: which screening test is right for me?"", ""rank"": 3, ""contributor"": ""Yiran"", ""source"": ""American Cancer Society colorectal screening guideline"", ""scope_category"": ""Pre-screening education""}]"
batch-yiran-colon-001,2026-09-24T22:03:52.025748+00:00,FrrZusKsw4k,https://www.youtube.com/watch?v=FrrZusKsw4k,FIT Test Instead of a Colonoscopy? I'm doing it. Is it right for you?,"Colonoscopy vs FIT Test: Can a Stool Test Replace a Colonoscopy?

Nobody looks forward to a colonoscopy. When my doctor offered me a FIT (Fecal Immunochemical Test) as a non-invasive colorectal cancer screening option, I documented the process.

In this video I walk through what taking the FIT test at home, looks like collecting the sample, packaging it correctly, and sending it off for analysis. If you’re wondering what the test is really like, or whether a FIT test is a potential alternative to a colonoscopy, you’ll see exactly what I experienced.

This isn’t medical advice. It’s one man’s real-life experience navigating the health decisions many of us face as we get older.

In this episode you’ll learn:
• What a FIT (Fecal Immunochemical Test) is
• How to collect a stool sample correctly
• How the home colorectal cancer screening kit works
• FIT test vs colonoscopy differences
• My honest thoughts while completing the test

If you’re researching:

* Colonoscopy alternative
* FIT test
* Fecal Immunochemical Test
* Home stool test
* Colon cancer screening
* Colorectal cancer screening
* Colonoscopy preparation
* Colonoscopy or FIT test
* Home colon cancer test
* Stool sample collection

…this video should help you understand what the process actually looks like.

Welcome to Old Man Playbook, a channel dedicated to helping men (and women) over 50 (and anyone planning to get there) navigate aging, health, retirement, travel, life changes, downsizing and the challenges that come with getting older while continuing to live this life to the fullest. Life is an adventure and this channel is a guide to living till the end.

If you enjoy practical, honest conversations making the best out of every year through retirement and making the second half of life your best half, consider subscribing. So many issues we all face. I'm aging in real time, just like you, I'm just documenting it. Serious stuff, yet lighthearted and fun.

New episodes every week.

#FITTest #Colonoscopy #ColonCancerScreening #ColorectalCancer #MensHealth #Over50 #Over60 #HealthyAging #PreventiveHealth #OldManPlaybook #Laughs #Comedy",UC2ZrCY0sD6FKi2ax2t5SylA,Old Man Playbook,"Getting old in real time. 

Welcome to Old Man Playbook, a channel dedicated to helping men (and women) over 50 (and anyone planning to get there) navigate aging, health, retirement, travel, life changes, downsizing and the challenges that come with getting older while continuing to live this life to the fullest. Life is an adventure and this channel is a guide to living till the end.

If you enjoy practical, honest conversations making the best out of every year through retirement and making the second half of life your best half, consider subscribing. So many issues we all face. I'm aging in real time, just like you, I'm just documenting it. Serious stuff, yet lighthearted and fun.

New episodes every week.
Reinvention • Retirement • Travel • Money • Comedy • Music • Marriage • Self Discovery • Downsizing • Moving Abroad
",2026-01-29T22:29:48.873531Z,US,44,2,False,2026-07-11T14:15:33Z,PT4M21S,261,en-US,en-US,false,no_captions_reported,,,,public,False,39,2,0,0,True,1,Colonoscopy vs FIT stool test: which screening test is right for me?,4,fit test instead of a colonoscopy? i'm doing it. is it right for you?,fit test instead of a colonoscopy? i'm doing it. is it right for you?|UC2ZrCY0sD6FKi2ax2t5SylA,False,"[{""cancer_domain"": ""colon"", ""search_query"": ""Colonoscopy vs FIT stool test: which screening test is right for me?"", ""rank"": 4, ""contributor"": ""Yiran"", ""source"": ""American Cancer Society colorectal screening guideline"", ""scope_category"": ""Pre-screening education""}]"
batch-yiran-colon-001,2026-09-24T22:03:52.025748+00:00,LR5hrb6-aCE,https://www.youtube.com/watch?v=LR5hrb6-aCE,Colonoscopy vs Cologuard - What type of colorectal cancer screening is right for me?,"Colorectal cancer screening can save your life. But with several screening tests - colonoscopy, Cologuard, FIT test - on the market today, how do you know which test is right for you? A colonoscopy is the only screening test that can prevent and detect cancer. It is considered the gold standard in colorectal cancer screening. Watch to learn why this test is important and what to look for in a gastroenterologist performing the procedure.",UCZHu66EpbKZxglDBPpFG9dQ,South Denver GI,"For more than 45 years, South Denver Gastroenterology has delivered comprehensive, exceptional care providing patients with optimal outcomes for gastrointestinal, pancreatic and liver diseases, including colon cancer, Crohn’s disease, ulcerative colitis, gastroesophageal reflux, Hepatitis C and cirrhosis. With clinic locations in Englewood, Lone Tree, Parker and Castle Rock, along with endoscopy centers in Englewood, Lone Tree and Castle Rock, we are committed to improving the health and wellness of our patients. The videos in this channel reflect the experiences of our patients and providers. ",2020-11-10T20:10:58.124457Z,,4079,23,False,2023-02-18T07:16:38Z,PT2M6S,126,en,,false,no_captions_reported,,,,public,False,818,4,0,0,True,1,Colonoscopy vs FIT stool test: which screening test is right for me?,5,colonoscopy vs cologuard - what type of colorectal cancer screening is right for me?,colonoscopy vs cologuard - what type of colorectal cancer screening is right for me?|UCZHu66EpbKZxglDBPpFG9dQ,False,"[{""cancer_domain"": ""colon"", ""search_query"": ""Colonoscopy vs FIT stool test: which screening test is right for me?"", ""rank"": 5, ""contributor"": ""Yiran"", ""source"": ""American Cancer Society colorectal screening guideline"", ""scope_category"": ""Pre-screening education""}]"
batch-yiran-colon-001,2026-09-24T22:03:52.025748+00:00,w50MImj0esQ,https://www.youtube.com/watch?v=w50MImj0esQ,What if I had a positive colorectal cancer screening test? - Dr. John Kisiel,Dr. John Kisiel explains what you should do if you have a positive result from a colorectal screening test. Mayo Clinic joins Fight Colorectal Cancer for #80by2018. Learn more about colorectal cancer on Mayo Clinic Connect: http://mayocl.in/ColorectalCancer.,UC8fQzKHIhSoZeSq3bwQx4mw,Mayo Clinic,"Mayo Clinic is a nonprofit worldwide leader in medical care, research and education for people from all walks of life. Doctors from every medical specialty work together to care for patients, joined by common systems and a philosophy of ""the needs of the patient come first."" Our headquarters are located in Rochester, MN, while we have campuses in Florida and Arizona.

Looking to connect with others facing similar health issues? Check out Mayo Clinic Connect — an online community where you can share your experiences, ask questions and find support from people like you.

Mayo Clinic locations and more: https://www.mayoclinic.org/about/
Detailed list of all our phone numbers: https://www.mayoclinic.org/contact/

*For the safety of our patients, staff and visitors, Mayo Clinic has strict masking policies in place. Anyone shown without a mask was either recorded prior to COVID-19 or recorded in a non-patient care area where social distancing and other safety protocols were followed.
",2006-06-16T03:47:20Z,US,497586636,1260000,False,2018-03-01T15:51:11Z,PT35S,35,en,en,true,captions_reported_available,,,,public,False,30656,62,,0,True,1,Colonoscopy vs FIT stool test: which screening test is right for me?,6,what if i had a positive colorectal cancer screening test? - dr. john kisiel,what if i had a positive colorectal cancer screening test? - dr. john kisiel|UC8fQzKHIhSoZeSq3bwQx4mw,False,"[{""cancer_domain"": ""colon"", ""search_query"": ""Colonoscopy vs FIT stool test: which screening test is right for me?"", ""rank"": 6, ""contributor"": ""Yiran"", ""source"": ""American Cancer Society colorectal screening guideline"", ""scope_category"": ""Pre-screening education""}]"
batch-yiran-colon-001,2026-09-24T22:03:52.025748+00:00,Ykyoc231akE,https://www.youtube.com/watch?v=Ykyoc231akE,When is it TIME to STOP Colon Cancer Screening?,"Have you been told its time to stop colon cancer screening? Or do you wonder if you really need another colonoscopy, and think its time to stop having a colonoscopy?

In this video, I discuss how we decide when it is time to stop colon cancer screening. First, its important to understand the goal of a colonoscopy - to prevent colon cancer. And that is done by removing polyps that may turn into colon cancer in the future. Second, I talk about when polyps may become cancer. Third, I explain why only having one colonoscopy isnt enough and if stool based colon cancer screening is ok. Fourth, I discuss how GI doctors determine how frequent your colonoscopies should be based on how many polyps or what type of polyps you have. Fifth, I eplain why someone would want to stop having colon cancer screening and what the guidlines state as a reasonable timeframe. Additionally, i talk about where the guidlines are not clear and how you and your doctor can explore when is the best time for you to stop screening. While a colonoscopy has many benefits, there are risks for people who have severe conditions and may not be the right choice for people with other comorbidities. So discuss these factors with your doctor!

SUBSCRIBE to the Channel for More Content: ?sub_confirmation=1

Be Sure to Check Out Other Relevant Content:
- How to Decide Your Colon Cancr Screening Method?: https://youtu.be/gMtMtJsRmw4
- DONT Follow These TikTok Colonoscopy Prep Tips:  https://youtu.be/uV3hEH4BvC8
- How to Endure a Clear Liquid Diet: https://youtu.be/PwXeh0RvRuM
- Time for A Colonoscopy: https://youtu.be/vco6Wo4vWXY
- When & Why Have a Colonoscopy: https://youtu.be/c8p2m8W9PXw
- How to Plan for A Colonoscopy: https://youtu.be/zn6vZX2Sh-4
- Cant Handle Colonoscopy Prep - Watch This: https://youtu.be/uJX44uYqMws
- Never Would I Ever Colonoscopy Edition: https://youtu.be/t_aaM1zhsl4
- Do Colonoscopies Actually Prevent Colon Cancer: https://youtu.be/K-VThlZEzMU

DISCLAIMER: While I am a Gastroenterologist, I am not acting as your Gastroenterologist. The information provided on this channel is intended to be general educational content and not directed towards any one individual. If you believe you have a medical condition that deserves attention please seek care from your healthcare provider. If you are experiencing a life threatening emergency, call 911.",UCQSH8alK6dL11aj2YT1I8Vg,"Mark Cooper, MD","I'm Mark Cooper - a board ceritified gastroenterologist - these videos are a fun and easy way to learn about all things GI!

Understanding your gut and how to keep it healthy is complicated! I provide clarity on common, and not so common,  GI topics in a fun and relatable way!

Ask questions in the comment sections and we will try to make a video on the topics you find most interesting!

We upload a new video every Monday morning. Please SUBSCRIBE so you are altered when new content is released!

Lets have some fun!

ABIM Certification: https://www.abim.org/verify-physician?type=id&id=366080
",2020-08-18T14:41:16.174265Z,US,5497813,31200,False,2023-05-29T22:00:16Z,PT5M12S,312,en,en,false,no_captions_reported,,,,public,False,1466941,16735,2140,0,True,4,Colonoscopy vs FIT stool test: which screening test is right for me?,7,when is it time to stop colon cancer screening?,when is it time to stop colon cancer screening?|UCQSH8alK6dL11aj2YT1I8Vg,False,"[{""cancer_domain"": ""colon"", ""search_query"": ""Colonoscopy vs FIT stool test: which screening test is right for me?"", ""rank"": 7, ""contributor"": ""Yiran"", ""source"": ""American Cancer Society colorectal screening guideline"", ""scope_category"": ""Pre-screening education""}, {""cancer_domain"": ""colon"", ""search_query"": ""Family history of colon cancer: do I need to start screening earlier?"", ""rank"": 7, ""contributor"": ""Yiran"", ""source"": ""American Cancer Society: who is at increased or high risk"", ""scope_category"": ""Pre-screening education""}, {""cancer_domain"": ""colon"", ""search_query"": ""Can screening prevent colorectal cancer by finding and removing polyps?"", ""rank"": 1, ""contributor"": ""Yiran"", ""source"": ""NCI: Screening Tests to Detect Colorectal Cancer and Polyps"", ""scope_category"": ""Reinforcing screening importance""}, {""cancer_domain"": ""colon"", ""search_query"": ""What if polyps were found during my colonoscopy?"", ""rank"": 7, ""contributor"": ""Yiran"", ""source"": ""American Cancer Society: What to Know If Polyps Were Found"", ""scope_category"": ""Next steps if diagnosed""}]"
batch-yiran-colon-001,2026-09-24T22:03:52.025748+00:00,MU0nSa5f8WQ,https://www.youtube.com/watch?v=MU0nSa5f8WQ,Fecal Immunochemical Test (FIT) for Colon Cancer Screening | UCLA Digestive Diseases,"A fecal immunochemical test (FIT) is colon cancer screening option that patients can perform from home. It tests the stool for small amounts of human blood that cannot be seen with the naked eye. Most FIT kits include the following: outer envelope, sampling bottle, collection paper, question and answer brochure, return mailer envelope, biohazard bag, absorbant pad.

More information: https://www.uclahealth.org/colon-cancer-screening/",UCb_JYhqnSdEejiznUm3XNqQ,UCLA Health,"For more than half a century, UCLA Health System has provided the best in healthcare and the latest in medical technology to the people of Los Angeles and throughout the world. 

Comprised of Ronald Reagan UCLA Medical Center, UCLA Medical Center, Santa Monica, Resnick Neuropsychiatric Hospital at UCLA, UCLA Mattel Children's Hospital, and the UCLA Medical Group with its wide-reaching system of primary-care and specialty-care offices throughout the region, UCLA Health System is among the most comprehensive and advanced healthcare systems in the world. Visit us at www.uclahealth.org",2007-09-26T23:51:13Z,US,136016769,582000,False,2021-01-05T18:26:50Z,PT2M5S,125,en,en,false,no_captions_reported,,,,public,False,104605,387,22,0,True,1,Colonoscopy vs FIT stool test: which screening test is right for me?,8,fecal immunochemical test (fit) for colon cancer screening | ucla digestive diseases,fecal immunochemical test (fit) for colon cancer screening | ucla digestive diseases|UCb_JYhqnSdEejiznUm3XNqQ,False,"[{""cancer_domain"": ""colon"", ""search_query"": ""Colonoscopy vs FIT stool test: which screening test is right for me?"", ""rank"": 8, ""contributor"": ""Yiran"", ""source"": ""American Cancer Society colorectal screening guideline"", ""scope_category"": ""Pre-screening education""}]"
batch-yiran-colon-001,2026-09-24T22:03:52.025748+00:00,6kBI3OyOPA4,https://www.youtube.com/watch?v=6kBI3OyOPA4,Colonoscopy or Cologuard? The TRUTH in 60 Seconds 🧻,"Colonoscopy or Cologuard—what’s the real difference?
If you're over 45 and wondering which test is right for colon cancer screening, this 60-second breakdown is for you.

I’m Dr. John Schmidt, a board-certified family medicine physician, and I’ve walked thousands of patients through this choice. This video explains:
• What each test does
• Who should get which one
• Why Cologuard isn’t a free pass

Early detection saves lives. Let’s make this simple.

👉 Like, share, and subscribe for more no-fluff health info.

#AlwaysOnCall #Colonoscopy #Cologuard #ColonCancerScreening #HealthShorts",UCqkPno58_zCuP4KAAx4aZhA,Always on Call,"
👋 I’m Dr. John Schmidt, DO, M.S.— physician, athlete, published biomedical researcher, and the guy who never clocks out.

I break down health, fitness, and medical truths in a way that’s real, motivating, and easy to understand. No fluff, no BS — just honest, evidence-based insights you can use right now.

▶️ New videos every week:
• Crash Carts (health tips in 60 seconds)
• “Wait, What?” health facts that’ll blow your mind
• Fitness, recovery, and mindset from a doctor who trains like an athlete

🎯 Whether you’re a busy parent, a weekend warrior, or just trying to live longer and stronger — you’re in the right place.

💥 Hit subscribe and let’s go. Always On Call.
",2008-08-04T01:41:12Z,,270857,649,False,2025-06-26T23:10:09Z,PT1M,60,en,en,false,no_captions_reported,,,,public,False,29796,367,71,0,True,1,Colonoscopy vs FIT stool test: which screening test is right for me?,9,colonoscopy or cologuard? the truth in 60 seconds 🧻,colonoscopy or cologuard? the truth in 60 seconds 🧻|UCqkPno58_zCuP4KAAx4aZhA,False,"[{""cancer_domain"": ""colon"", ""search_query"": ""Colonoscopy vs FIT stool test: which screening test is right for me?"", ""rank"": 9, ""contributor"": ""Yiran"", ""source"": ""American Cancer Society colorectal screening guideline"", ""scope_category"": ""Pre-screening education""}]"
batch-yiran-colon-001,2026-09-24T22:03:52.025748+00:00,0hsbfFn5Mxk,https://www.youtube.com/watch?v=0hsbfFn5Mxk,Cologuard vs. Colonoscopy: Making the Right Choice for Colon Cancer Screening!,"In today's discussion, we're diving into the world of colon cancer screening and comparing two popular methods: Cologuard and colonoscopy. Have you heard about the Cologuard test but unsure if it's the right choice for you? 

I'll break down how this stool DNA test works, its accuracy, and who's eligible for it. Plus, we'll weigh the pros and cons against the gold standard - colonoscopy.

Whether you're considering Cologuard or leaning towards a colonoscopy, understanding your options is key to early detection and prevention. Tune in as we navigate the ins and outs of colon cancer screening methods, helping you make informed decisions about your health. 🩺💡

#coloncancerscreening  #CologuardVsColonoscopy #EarlyDetection #HealthAwareness #Prevention #stayinformed 

Follow me on Social Media:
Facebook: trina.wiggins.79
Instagram: trina.r.wigginsmd

Email: carlortrina@gmail.com",UCaFSSrT2LHg_QMPbSut7WtQ,Trina Wiggins,"My name is Dr. Trina Wiggins, and I love to share my videos with my fitness and health tips, motivation, and inspiration!",2020-09-09T14:58:29.79196Z,US,205147,2160,False,2024-05-06T01:55:38Z,PT3M4S,184,en,,false,no_captions_reported,,,,public,False,81,7,0,0,True,1,Colonoscopy vs FIT stool test: which screening test is right for me?,10,cologuard vs. colonoscopy: making the right choice for colon cancer screening!,cologuard vs. colonoscopy: making the right choice for colon cancer screening!|UCaFSSrT2LHg_QMPbSut7WtQ,False,"[{""cancer_domain"": ""colon"", ""search_query"": ""Colonoscopy vs FIT stool test: which screening test is right for me?"", ""rank"": 10, ""contributor"": ""Yiran"", ""source"": ""American Cancer Society colorectal screening guideline"", ""scope_category"": ""Pre-screening education""}]"
batch-yiran-colon-001,2026-09-24T22:03:52.025748+00:00,youn8pn5ctM,https://www.youtube.com/watch?v=youn8pn5ctM,Screening Guidelines for Those With a Family History of Colon Cancer,"Many who have a loved one with colon cancer wonder what their risk level is. It is no secret that if you have a family history of colon cancer you should be screened early and often. However, many people aren't sure if they are the right age or are just scared of what a colonoscopy might entail. Some people are scared that maybe cancer will  be found and avoid screening at all costs. Reasons like these are why early screening is such a big part of most colon cancer awareness efforts. Often, people just don't know that colon cancer doesn't have many symptoms until it is in advanced stages.

That said, colon cancer is often much more than just a hereditary disease and many people are at a greater risk without even knowing. Dr. Jeffrey Weber talks more about screening guidelines for those with a family history of colon cancer below:

VIEW THE ARTICLE: http://www.coloncanceranswers.com/family-history-of-colon-cancer/

LAST WEEK'S VIDEO - Why are Genetics in Colon Cancer Important? - http://www.youtube.com/watch?v=Ee94e8...

SUBSCRIBE FOR MORE EXPERT INFORMATION AND BREAKING COLON CANCER NEWS
http://www.youtube.com/subscription_c... 

VISIT COLONCANCERANSWERS.com FOR TONS OF INFORMATIVE VIDEOS
http://www.coloncanceranswers.com/ 

SUGGEST THE NEXT TOPIC FOR OUR COLON CANCER EXPERTS!
http://www.coloncanceranswers.com/ 

CONNECT WITH US! 
Google+ : http://bit.ly/169ii4g 
Facebook : https://www.facebook.com/ColonCancerA... 
Twitter : https://twitter.com/ColonCancerQA",UCyoZtq0_mvS7eKi0LBM_EFg,Colon Cancer Answers,"Colon Cancer Answers is a colon cancer awareness website where patients can ask questions which our experts may select to answer on video. After the video is made, it's posted to the video library for everyone to see and share.

Our experts discuss topics including colon cancer life expectancy, newly diagnosed colon cancer, colon cancer treatment strategies, chemotherapy for colon cancer, colon cancer surgery, ostomy bags after colon cancer, and much more.

If you'd like to ask our experts a question, please visit our website at www.coloncanceranswers.com.",2013-01-23T20:21:24Z,,1217747,3650,False,2014-02-10T18:44:44Z,PT1M21S,81,en,,true,captions_reported_available,,,,public,False,515,3,2,0,True,1,Family history of colon cancer: do I need to start screening earlier?,1,screening guidelines for those with a family history of colon cancer,screening guidelines for those with a family history of colon cancer|UCyoZtq0_mvS7eKi0LBM_EFg,False,"[{""cancer_domain"": ""colon"", ""search_query"": ""Family history of colon cancer: do I need to start screening earlier?"", ""rank"": 1, ""contributor"": ""Yiran"", ""source"": ""American Cancer Society: who is at increased or high risk"", ""scope_category"": ""Pre-screening education""}]"
batch-yiran-colon-001,2026-09-24T22:03:52.025748+00:00,gh-e-Jo8F-k,https://www.youtube.com/watch?v=gh-e-Jo8F-k,Colon Cancer Screening: The Role of Family History,"NYU Langone oncologist Dr. Julia Smith speaks about the hereditary risk factors associated with colon cancer. 

Learn more about Dr. Smith: http://nyulangone.org/doctors/1114963907/julia-a-smith

Learn more about NYU Langone’s Perlmutter Cancer Center: http://nyulangone.org/locations/perlmutter-cancer-center",UCDp-ctduCmWgCjr5w68s4Cw,NYU Langone Health,"When it comes to your health, the quality of your hospital and doctors matter. As one of the premier health systems in the nation, NYU Langone culture is rooted in excellence in patient care, education, and research.
 
Culture matters. Outcomes matter. This is why we consistently deliver the highest quality care at our 300+ practices and five hospitals throughout the New York metro area and Florida. 

Taking top-quality patient care to new heights. Ranked #1 for quality care in the U.S. by Vizient, Inc. 
 
To find a doctor, visit the link below.
",2009-06-18T19:03:29Z,US,172782553,104000,False,2015-07-23T19:24:51Z,PT17M1S,1021,en,,false,no_captions_reported,,,,public,False,255,0,0,0,True,1,Family history of colon cancer: do I need to start screening earlier?,2,colon cancer screening: the role of family history,colon cancer screening: the role of family history|UCDp-ctduCmWgCjr5w68s4Cw,False,"[{""cancer_domain"": ""colon"", ""search_query"": ""Family history of colon cancer: do I need to start screening earlier?"", ""rank"": 2, ""contributor"": ""Yiran"", ""source"": ""American Cancer Society: who is at increased or high risk"", ""scope_category"": ""Pre-screening education""}]"
batch-yiran-colon-001,2026-09-24T22:03:52.025748+00:00,DN_JYRqVVDw,https://www.youtube.com/watch?v=DN_JYRqVVDw,Why Is Family History Important For Colon Cancer? - Colon Health Channel,"Why Is Family History Important For Colon Cancer? Have you ever wondered why understanding your family’s health history is important for colon health? In this informative video, we'll explain how family history can influence your risk of developing colon cancer. We’ll cover how inherited genetic factors and shared lifestyle habits play a role in colon health. You’ll learn why having relatives with colon cancer or precancerous growths, like polyps, can increase your chances of developing the disease. We’ll also discuss how family history can lead to earlier and more frequent screenings, helping detect issues before they become serious. Additionally, we’ll explore the importance of personalized screening plans and the potential benefits of genetic testing or counseling if multiple family members are affected. Understanding your family’s health background is a key step in taking control of your colon health. We’ll share tips on how to gather this information and communicate it effectively with your healthcare provider. Whether you’re concerned about your risk or just want to stay informed, this video provides essential guidance to help you make proactive health choices. Remember, talking openly about your family history can be a simple yet powerful way to protect your health. Subscribe for more helpful tips on colon health and disease prevention!

⬇️ Subscribe to our channel for more valuable insights.

🔗Subscribe: https://www.youtube.com/@ColonHealthChannel/?sub_confirmation=1 

#ColonCancer #ColonHealth #FamilyHistory #CancerPrevention #HealthScreening #Polyps #GeneticTesting #PreventiveCare #EarlyDetection #HealthTips #CancerRisk #MedicalAdvice #HealthEducation #ScreeningGuidelines #Wellness 

About Us: Welcome to the Colon Health Channel! Our mission is to provide essential information on colorectal health, focusing on topics like colorectal cancer symptoms, colon cancer screening, rectal cancer signs, and the stages of colorectal cancer. We also cover treatment options, risk factors, surgery for colorectal cancer, and living with the condition. Our friendly tone aims to make complex health issues more approachable for everyone. The content provided is for general informational and educational purposes only. It is not intended to substitute for professional medical advice, diagnosis, or treatment. Never disregard professional medical advice or delay seeking it because of something you have seen in this content. Never rely on this information in place of consulting with qualified healthcare professionals. The creators and distributors of this content are not responsible for any adverse effects or consequences resulting from the use of any suggestions, preparations, or procedures described in this material. Always consult with your healthcare provider before starting any new health-related practice or program.",UC9hvmN4dfcHQIH6NkO_sboQ,Colon Health Channel,"Welcome to the Colon Health Channel! Our mission is to provide essential information on colorectal health, focusing on topics like colorectal cancer symptoms, colon cancer screening, rectal cancer signs, and the stages of colorectal cancer. We also cover treatment options, risk factors, surgery for colorectal cancer, and living with the condition. Our friendly tone aims to make complex health issues more approachable for everyone.

DISCLAIMER: This content is independently created by Colon Health Channel and is presented for informational purposes only. We maintain no affiliation, partnership, or formal relationship with any individuals, organizations, companies, or products featured in this content. All trademarks and brand names mentioned are acknowledged as the property of their respective owners. While we strive for accuracy, we encourage viewers to verify current information through official channels and authorized sources.
",2025-03-31T18:21:13.875811Z,US,193075,443,False,2025-09-17T04:33:09Z,PT2M41S,161,en,,false,no_captions_reported,,,,public,False,6,0,0,0,True,1,Family history of colon cancer: do I need to start screening earlier?,3,why is family history important for colon cancer? - colon health channel,why is family history important for colon cancer? - colon health channel|UC9hvmN4dfcHQIH6NkO_sboQ,False,"[{""cancer_domain"": ""colon"", ""search_query"": ""Family history of colon cancer: do I need to start screening earlier?"", ""rank"": 3, ""contributor"": ""Yiran"", ""source"": ""American Cancer Society: who is at increased or high risk"", ""scope_category"": ""Pre-screening education""}]"
batch-yiran-colon-001,2026-09-24T22:03:52.025748+00:00,87hAwKw_LAM,https://www.youtube.com/watch?v=87hAwKw_LAM,How Do I Talk About My Family's Health History of Colorectal Cancer? (short),Tough conversations save lives! Here's some questions to start the conversation with your loved ones.,UCImog2K9U1PPHCSGiT6XezQ,Colon Cancer Coalition,"Videos from our races, supporters, sponsors, and colon cancer survivors.",2010-08-17T19:11:42Z,,401095,812,False,2023-03-08T16:27:55Z,PT1M39S,99,en,en-US,true,captions_reported_available,,,,public,False,7948,34,0,0,True,1,Family history of colon cancer: do I need to start screening earlier?,4,how do i talk about my family's health history of colorectal cancer? (short),how do i talk about my family's health history of colorectal cancer? (short)|UCImog2K9U1PPHCSGiT6XezQ,False,"[{""cancer_domain"": ""colon"", ""search_query"": ""Family history of colon cancer: do I need to start screening earlier?"", ""rank"": 4, ""contributor"": ""Yiran"", ""source"": ""American Cancer Society: who is at increased or high risk"", ""scope_category"": ""Pre-screening education""}]"
batch-yiran-colon-001,2026-09-24T22:03:52.025748+00:00,D24acgkuuyI,https://www.youtube.com/watch?v=D24acgkuuyI,Colon Cancer Risk Factors: What You Need to Know from Boston Medical Center Expert,"HealthDay Interview with Jennifer Davids, MD, Chief of Colon and Rectal Surgery , Boston Medical Center

https://www.healthday.com/healthday-tv/cancer/colon-cancer-is-on-the-rise-in-young-adults-what-you-need-to-know


Colorectal cancer is now one of the leading causes of cancer-related deaths among younger adults, prompting the U.S. Preventive Services Task Force to lower the recommended age for screening from 50 to 45. According to Dr. Jennifer Davids, Chief of Colon and Rectal Surgery at Boston Medical Center, colorectal cancer is increasingly affecting individuals in their 20s, 30s, and 40s. Many younger patients mistakenly attribute their symptoms to stress or diet, leading to late-stage diagnoses and more invasive treatments.

Symptoms of colorectal cancer can be subtle and mistaken for other conditions. Dr. Davids highlights changes in bowel habits, such as frequency, consistency, difficulty passing stools, urgency, and the presence of blood in the stool, as key warning signs. Additional symptoms include abdominal pain, bloating, nausea, fatigue, unintentional weight loss, and changes in eating habits. Recognizing these signs early and seeking medical evaluation is crucial.

To protect oneself from colorectal cancer, screening is essential. ""45 is the new 50,"" Dr. Davids emphasizes, urging individuals to stay on top of their screenings. Knowing one’s family history is also critical, as a history of polyps or colorectal cancer significantly increases risk. Many patients are unaware of their family history or hesitant to inquire, but understanding this information can guide screening decisions.

Colonoscopy remains the gold standard for colorectal cancer screening. While concerns about the invasiveness of the procedure or preparation process may deter some individuals, Dr. Davids stresses that any form of screening is better than none. Colonoscopy has the advantage of identifying and removing polyps and early-stage cancers in a single session, making it an effective preventative measure.

Lifestyle factors may also play a role in colorectal cancer prevention. Recent studies suggest that yogurt and calcium intake may contribute to a reduced risk. Dr. Davids explains that gut bacteria composition may influence inflammation and cancer development, though more research is needed to determine the extent of dietary impact.

Aspirin has also been studied for its potential in preventing the recurrence of colorectal cancer and polyps. While it is inexpensive and widely available, aspirin can cause gastrointestinal irritation and ulcers. Therefore, Dr. Davids advises individuals to consult their healthcare providers before taking aspirin as a preventive measure.

Given the rising rates of colorectal cancer in younger generations, spreading awareness is critical. Dr. Davids believes in normalizing conversations about bowel health, polyps, and colonoscopies. Public figures sharing their screening experiences on social media and news platforms can help reduce stigma and encourage proactive health measures. Looking out for peers and family members by promoting awareness and early screening can make a significant difference in reducing colorectal cancer mortality.


Visit HealthDay.com: https://healthday.com
Like HealthDay on Facebook: https://www.facebook.com/HealthDayNews
Follow HealthDay on Instagram: https://www.instagram.com/healthday_news
Follow HealthDay on Twitter: https://twitter.com/HealthDayTweets
Connect with HealthDay on LinkedIn: https://www.linkedin.com/company/418188/


00:00 Introduction
00:16 The Topic and The Introductory Comment of Dr. Jennifer Davids, MD
00:46 How do you know if you're having the symptoms?
01:29 What are the best ways to protect yourself?
02:08 Is colonoscopy still the gold standard?
02:50 Are there preventative steps to potentially avoid colon cancer?
03:48 Does taking regular aspirin help in preventing the recurrence of colon cancer?
04:36 What's the best way to get the message out to the younger generations?


#ColorectalCancer #ColonCancerAwareness #ColorectalHealth #CancerPrevention #DigestiveHealth #BowelHealth #YoungAdultCancer #ScreeningSavesLives #GetScreened #EarlyDetectionSavesLives #ColonoscopySavesLives #ScreenAt45 #KnowTheSigns #ColonHealthMatters #YoungAdultsAndCancer #FamilyHistoryMatters #GutHealth #CancerPreventionTips #NutritionAndHealth #EndColonCancer #CancerAwarenessMonth #HealthMatters #ColorectalCancerAwareness #ColonCancerScreening #Colonoscopy #HealthAdvice #HealthTips #HealthyLiving #HealthyHabits #HealthyLifestyle #HealthyChoices #Wellness #WellnessTips #MedicalResearch #MedicalStudy #HealthResearch #HealthStudies #WellnessMatters #StayHealthy #HealthRisks #MedicalAdvice #HealthAwareness #HealthDiscussion #HealthStudy #ResearchFindings #HealthSolutions #HealthEducation #HealthInformation #MedicalFindings #ScienceNews #HealthData #ScientificFindings #MedicalNews #PublicHealth #CancerSymptoms #HealthScreening #KnowYourRisk #EarlyDetection #45IsTheNew50",UCSGE_xgCHJSxb7Ey4HeR-lw,HealthDay,"HealthDay specializes in producing evidence-based health content, which is licensed to media companies, hospitals, managed care organizations, publishers, non-profits and government agencies.

Visit HealthDay.com: https://healthday.com
Like HealthDay on Facebook: https://www.facebook.com/HealthDayNews
Follow HealthDay on Instagram: https://www.instagram.com/healthday_news
Follow HealthDay on Twitter: https://twitter.com/HealthDayTweets
Connect with HealthDay on LinkedIn: https://www.linkedin.com/company/418188/
",2020-04-09T18:48:40.239762Z,US,383270,998,False,2025-03-27T13:00:16Z,PT5M14S,314,en-US,en-US,false,no_captions_reported,,,,public,False,65,1,1,0,True,1,Family history of colon cancer: do I need to start screening earlier?,5,colon cancer risk factors: what you need to know from boston medical center expert,colon cancer risk factors: what you need to know from boston medical center expert|UCSGE_xgCHJSxb7Ey4HeR-lw,False,"[{""cancer_domain"": ""colon"", ""search_query"": ""Family history of colon cancer: do I need to start screening earlier?"", ""rank"": 5, ""contributor"": ""Yiran"", ""source"": ""American Cancer Society: who is at increased or high risk"", ""scope_category"": ""Pre-screening education""}]"
batch-yiran-colon-001,2026-09-24T22:03:52.025748+00:00,nuBbuwwwwJA,https://www.youtube.com/watch?v=nuBbuwwwwJA,Family History and Colorectal Cancer Risks with Dr. Shelton McMullan,"G. Shelton McMullan, MD, gastroenterologist at MedStar Franklin Square Medical Center, discusses the known contributing factors of colorectal cancer and if a family history means a higher risk. To learn more about Dr. McMullan please visit https://www.medstarfranklinsquare.org/doctor-profile/1033409362.",UC0aBuqqUobPX8oW8whmX2_g,MedStar Health,"MedStar Health is a not-for-profit health system dedicated to caring for people in Maryland and the Washington, D.C., region, while advancing the practice of medicine through education, innovation and research. MedStar's 30,000 associates, 6,000 affiliated physicians, 10 hospitals, ambulatory care and urgent care centers, and the MedStar Health Research Institute are recognized regionally and nationally for excellence in medical care. As the medical education and clinical partner of Georgetown University, MedStar trains more than 1,100 medical residents annually. MedStar Health's patient-first philosophy combines care, compassion and clinical excellence with an emphasis on customer service. 

All videos are the property of MedStar Health.",2008-06-19T03:10:54Z,US,67044873,88300,False,2018-03-09T18:18:49Z,PT1M3S,63,en,en,true,captions_reported_available,,,,public,False,263,0,0,0,True,1,Family history of colon cancer: do I need to start screening earlier?,6,family history and colorectal cancer risks with dr. shelton mcmullan,family history and colorectal cancer risks with dr. shelton mcmullan|UC0aBuqqUobPX8oW8whmX2_g,False,"[{""cancer_domain"": ""colon"", ""search_query"": ""Family history of colon cancer: do I need to start screening earlier?"", ""rank"": 6, ""contributor"": ""Yiran"", ""source"": ""American Cancer Society: who is at increased or high risk"", ""scope_category"": ""Pre-screening education""}]"
batch-yiran-colon-001,2026-09-24T22:03:52.025748+00:00,uEG89LPo4C8,https://www.youtube.com/watch?v=uEG89LPo4C8,Importance of Early Colon Cancer Detection: A Patient's Story of Family History and Prevention,"Early detection of colon cancer is crucial because it significantly increases survival rates, with over 90% of patients surviving five years or more when diagnosed at an early, localized stage, compared to much lower rates in advanced stages. For individuals like our patient, whose mother tragically passed from the disease, family history underscores the urgency of proactive screening, such as colonoscopies starting at age 45 or earlier if risks are present, to identify and remove precancerous polyps before they develop into cancer. By sharing personal stories like this, we aim to inspire others to prioritize regular check-ups, potentially saving lives through prevention and timely intervention.

At our private gastroenterology practice in Hilliard, Ohio (Central Ohio), we offer comprehensive care including our own on-site surgical center for convenient, high-quality procedures.",UCWCaEvKp6QhzD1jrhz051vA,Gastro Office ,"Gastro Office is an independent Gastroenterology Practice located in Columbus, Ohio. We love everything gut and liver related. Our motto is Love and Service and hope to be able to provide service to a broader audience via this channel. Constructive criticism always welcome. ",2020-12-12T18:07:32.217761Z,US,252210,532,False,2026-03-11T17:07:26Z,PT1M55S,115,en,en,false,no_captions_reported,,,,public,False,965,1,0,0,True,1,Family history of colon cancer: do I need to start screening earlier?,8,importance of early colon cancer detection: a patient's story of family history and prevention,importance of early colon cancer detection: a patient's story of family history and prevention|UCWCaEvKp6QhzD1jrhz051vA,False,"[{""cancer_domain"": ""colon"", ""search_query"": ""Family history of colon cancer: do I need to start screening earlier?"", ""rank"": 8, ""contributor"": ""Yiran"", ""source"": ""American Cancer Society: who is at increased or high risk"", ""scope_category"": ""Pre-screening education""}]"
batch-yiran-colon-001,2026-09-24T22:03:52.025748+00:00,LF48G_sf6mo,https://www.youtube.com/watch?v=LF48G_sf6mo,"If You have a Family History of Cancer, When Should You get a Colonoscopy?","Patient Dana Saunders shares his family history with colorectal cancer and how he encourages his children to get screening. Ron Charles, MD at University Hospitals Seidman Cancer Center explains why colorectal cancer screenings are important.  

To learn more, visit: https://www.UHhospitals.org/Colonoscopy

University Hospitals is one of the nation’s leading health care systems, providing patient-centered care that meets the highest standards for quality and patient safety and have received numerous awards and recognitions from some of the most prestigious institutions in the country for our leadership and exceptional patient outcomes. As an accountable care organization, we foster long-term patient-provider relationships that help promote preventive care, increase wellness and healthy behaviors, decrease emergency episodes, and prevent hospitalizations. To learn more: https://www.uhhospitals.org",UC3o204QqPUa6V3q2m_9DZuQ,University Hospitals,"Founded in 1866, University Hospitals has grown over the last 150 years to become what it is today – one of the nation’s leading health care systems, committed to providing high-quality, patient-centered medical care to the residents of Northeast Ohio. Our facilities include a thriving academic medical center, consistently ranked among the nation’s top hospitals by U.S. News & World Report, along with 18 hospitals, 40 health centers and dozens of medical practices throughout a 15-county region. 

At UH, our national reputation for providing high-quality care, our direct involvement in pioneering medical advancements and clinical discoveries, and a continued commitment to training the next generation of health care providers demonstrate our dedication to living out the UH mission: To Heal. To Teach. To Discover.

Please note that University Hospitals Case Medical Center has changed its name to University Hospitals Cleveland Medical Center.",2008-04-14T15:23:34Z,US,24531764,32800,False,2024-09-04T13:30:09Z,PT2M4S,124,en,en,true,captions_reported_available,,,,public,False,404,,0,0,True,1,Family history of colon cancer: do I need to start screening earlier?,9,"if you have a family history of cancer, when should you get a colonoscopy?","if you have a family history of cancer, when should you get a colonoscopy?|UC3o204QqPUa6V3q2m_9DZuQ",False,"[{""cancer_domain"": ""colon"", ""search_query"": ""Family history of colon cancer: do I need to start screening earlier?"", ""rank"": 9, ""contributor"": ""Yiran"", ""source"": ""American Cancer Society: who is at increased or high risk"", ""scope_category"": ""Pre-screening education""}]"
batch-yiran-colon-001,2026-09-24T22:03:52.025748+00:00,IfbsBXJbNeU,https://www.youtube.com/watch?v=IfbsBXJbNeU,"Vital Facts on Colon Cancer: Know Your Family History, Get Screened Early","When should I get screened for colon cancer? What is my risk if a relative was diagnosed at an age younger than 50? How can such a young and physically fit person like actor Chadwick Boseman die from this disease at the age of 43?

These are some of the common questions being raised worldwide with the shocking death of Black Panther star, Mr. Boseman. Primary care physicians and cancer specialists are fielding more questions than ever about colon cancer risk factors, symptoms and screening guidelines since the news broke of the actor’s death.

“The passing of this Hollywood star, Chadwick Boseman, has left me looking at him as a role model for our youth today, a role model to bring awareness to colorectal cancer,” says Sarah Joseph, M.D., medical oncologist at Miami Cancer Institute, with a focus on gastrointestinal cancers.



[Transcript]
Sarah Joseph, M.D.:
As a GI, a gastroenterologist, oncologist at the Miami Cancer Institute I treat colorectal cancer. And a lot of my patients are under the age of 50 at time of diagnosis. So with the passing of this Hollywood star of Chadwick Boseman, it really left me with looking at him as a role model to bring awareness to colorectal cancer. All our screening has been geared towards a population age of over 50 years. So in that general population, in the above 50 to about 74 years old, that incidence of colorectal cancer has been decreasing. And that is predominantly because of increasing in screening, which are colonoscopies. The incidence in the age group less than 50 has been increasing. It has increased, I would say about 13%. So in general, the American Cancer Society in the year 2020 has averaged new diagnosis in the U.S. of colorectal cancer to be about 150,000. 10 % are diagnosed before the age of 50.
So it can be divided in genetic and non-genetic predisposing risk factors. So the non-genetics would be the obesity processed red meats for example. Smoking also plays a huge risk factor in developing colorectal cancer. If we look at the non-genetics with the genetic components of increased risk of colorectal cancer, I think the biggest thing to look at is we do have genetic predisposing conditions. The biggest ones are called Lynch Syndrome. The other one is called FAP, so Familial Adenomatous Polyposis. If we look at the incidence of this in a younger age group, the biggest telltale sign is speaking to your family. Talking to your family, getting that history. If, for example, in the case of Chad Boseman, he was diagnosed in 2016 around the age of 39, because of the age of diagnosis of 39, you would be screened 10 years earlier. So you would be starting to screen at age 29. In light of COVID-19, we urge the general population to adhere to our screening policies. Do not fear to come to the hospital. Hospitals are practicing social distancing, we wear appropriate masks and cleaning policies as well.

#colorectalcancer #cancerprevention #cancer",UCX0nfKiyBiAgFq_8QBuQW-Q,Baptist Health,"Welcome to Baptist Health's YouTube Channel

Subscribe for your go-to health and wellness resource in South Florida, as well as powerful patient stories, news about Baptist Health, our programs, the latest health-related technology and, special community events.",2009-09-04T18:56:13Z,US,23527521,42000,False,2020-09-01T18:35:22Z,PT2M34S,154,en,en,false,no_captions_reported,,,,public,False,158,,0,0,True,1,Family history of colon cancer: do I need to start screening earlier?,10,"vital facts on colon cancer: know your family history, get screened early","vital facts on colon cancer: know your family history, get screened early|UCX0nfKiyBiAgFq_8QBuQW-Q",False,"[{""cancer_domain"": ""colon"", ""search_query"": ""Family history of colon cancer: do I need to start screening earlier?"", ""rank"": 10, ""contributor"": ""Yiran"", ""source"": ""American Cancer Society: who is at increased or high risk"", ""scope_category"": ""Pre-screening education""}]"
batch-yiran-colon-001,2026-09-24T22:03:52.025748+00:00,5ZjkeaeWN6w,https://www.youtube.com/watch?v=5ZjkeaeWN6w,Mayo Clinic Minute - Tips to make colonoscopy bowel prep easier,"For many people, one of the most uncomfortable parts of a colonoscopy is the preparation for the procedure.

The purpose of a colonoscopy is to examine the colon and rectum for abnormalities such as polyps, tumors or inflammation, aiding in the detection and prevention of colorectal cancer. And to do that, it's important your medical team has a clear view. 

Dr. Derek Ebner, a Mayo Clinic gastroenterologist, offers tips on how to make colonoscopy bowel prep, essentially a strong laxative, easier.
____________________________________________
FOR THE PUBLIC: More health and medical news on the Mayo Clinic News Network. https://newsnetwork.mayoclinic.org/

FOR THE MEDIA ONLY: To access clean and NAT sound versions of this video on the Mayo Clinic News Network, register at https://newsnetwork.mayoclinic.org/request-account/

Mayo Clinic: https://mayocl.in/3tNMAdF
Like Mayo Clinic on Facebook: https://www.facebook.com/MayoClinic
Follow Mayo Clinic on Instagram https://www.instagram.com/mayoclinic/
Follow Mayo Clinic on X, formerly Twitter: https://x.com/MayoClinic
Follow Mayo Clinic on Threads: https://www.threads.net/@mayoclinic",UC8fQzKHIhSoZeSq3bwQx4mw,Mayo Clinic,"Mayo Clinic is a nonprofit worldwide leader in medical care, research and education for people from all walks of life. Doctors from every medical specialty work together to care for patients, joined by common systems and a philosophy of ""the needs of the patient come first."" Our headquarters are located in Rochester, MN, while we have campuses in Florida and Arizona.

Looking to connect with others facing similar health issues? Check out Mayo Clinic Connect — an online community where you can share your experiences, ask questions and find support from people like you.

Mayo Clinic locations and more: https://www.mayoclinic.org/about/
Detailed list of all our phone numbers: https://www.mayoclinic.org/contact/

*For the safety of our patients, staff and visitors, Mayo Clinic has strict masking policies in place. Anyone shown without a mask was either recorded prior to COVID-19 or recorded in a non-patient care area where social distancing and other safety protocols were followed.
",2006-06-16T03:47:20Z,US,497586636,1260000,False,2024-03-28T11:56:44Z,PT1M11S,71,en,en,false,no_captions_reported,,,,public,False,132951,457,,0,True,1,How to make colonoscopy prep easier,1,mayo clinic minute - tips to make colonoscopy bowel prep easier,mayo clinic minute - tips to make colonoscopy bowel prep easier|UC8fQzKHIhSoZeSq3bwQx4mw,False,"[{""cancer_domain"": ""colon"", ""search_query"": ""How to make colonoscopy prep easier"", ""rank"": 1, ""contributor"": ""Yiran"", ""source"": ""Mayo Clinic Press: How to make colonoscopy prep easier"", ""scope_category"": ""Anxiety Reduction""}]"
batch-yiran-colon-001,2026-09-24T22:03:52.025748+00:00,0UygFVavoBQ,https://www.youtube.com/watch?v=0UygFVavoBQ,How can I make colonoscopy prep a little easier?,"ABC News chief medical correspondent Dr. Jen Ashton answers your health questions and shares her daily prescription for wellness.

SUBSCRIBE to GMA's YouTube page: 
https://bit.ly/2Zq0dU5  
 
VISIT the GMA3 homepage: 
https://bit.ly/3kNlst8 
 
FOLLOW GMA3:
Facebook: https://www.facebook.com/abcgma3
Twitter: https://twitter.com/abcgma3
Instagram: https://instagram.com/abcgma3  

#gma3 #colonoscopy #drjenashton #healthquestions",UCH1oRy1dINbMVp3UFWrKP0w,Good Morning America,"Good Morning America brings you the latest breaking news, expert analysis, helpful advice for everyday living, recipes from the best chefs in the country and live performances from the best musicians on television. Emmy® Award-winning “Good Morning America,” featuring the anchor team of Robin Roberts, George Stephanopoulos, Michael Strahan and chief meteorologist Ginger Zee, airs live 7:00-9:00 a.m. EDT on ABC. 
",2015-08-26T18:32:10Z,US,3929343673,5500000,False,2023-08-25T20:31:57Z,PT2M46S,166,en,en,false,no_captions_reported,,,,public,False,5596,52,1,0,True,1,How to make colonoscopy prep easier,2,how can i make colonoscopy prep a little easier?,how can i make colonoscopy prep a little easier?|UCH1oRy1dINbMVp3UFWrKP0w,False,"[{""cancer_domain"": ""colon"", ""search_query"": ""How to make colonoscopy prep easier"", ""rank"": 2, ""contributor"": ""Yiran"", ""source"": ""Mayo Clinic Press: How to make colonoscopy prep easier"", ""scope_category"": ""Anxiety Reduction""}]"
batch-yiran-colon-001,2026-09-24T22:03:52.025748+00:00,slgsUSgzmNo,https://www.youtube.com/watch?v=slgsUSgzmNo,YOUR DOCTOR'S FIVE SECRET TIPS TO BEAT THE COLONOSCOPY PREP!,"Dr. Fred Gandolfo, a board certified gastroenterologist, shares 5 secret tips to make your colonoscopy prep much easier! DON'T DO YOUR PRE COLONOSCOPY CLEAN-OUT WITHOUT WATCHING THIS VIDEO! 

-Learn WHY colonoscopy is important for men and women starting at age 45
-Learn HOW colonoscopy prevents colon cancer
-Learn HOW to mix and drink SUPREP bowel preparation (that gross liquid needed to clean out the colon)
-See what NOT to do if you want to have a good bowel prep experience
-Watch Dr. Gandolfo teach you the FIVE SECRETS to an easy and excellent bowel prep!

LINK TO THE FREE EBOOK ""EVERYTHING YOU NEED TO KNOW BEFORE YOUR FIRST COLONOSCOPY""---- https://precisiondigestivecare.com/free-ebook/

The ebook covers all of the above, as well as:
-what lifestyle factors can cause colon cancer and colon polyps 
-what are the RISKS of colonoscopy
-what are the ALTERNATIVE TESTS to colonoscopy
-how the colonoscopy anesthesia and sedation works
-when you need to repeat a colonoscopy
-how to select a good doctor to do your colonoscopy
-how to EAT TO PREVENT COLON CANCER
-and much more!

Located in Long Island, NY? Visit Dr. Gandolfo's medical practice here https://precisiondigestivecare.com

Follow Dr. Gandolfo on Instagram: https://instagram.com/frederick_gandolfo_md

Listen to Dr. Gandolfo's podcast ""The Real GI Doc Show"" here: https://huntingtongi.ck.page/9878cf91a7",UC76qLkB_b-00RNx3Uwujabw,PrecisionGI,"Dr. Fred Gandolfo is a gastroenterologist in New York. 

",2019-08-29T09:59:08Z,US,3359552,16700,False,2019-09-26T20:01:09Z,PT13M2S,782,en,en,false,no_captions_reported,,,,public,False,2353784,43991,5268,0,True,1,How to make colonoscopy prep easier,3,your doctor's five secret tips to beat the colonoscopy prep!,your doctor's five secret tips to beat the colonoscopy prep!|UC76qLkB_b-00RNx3Uwujabw,False,"[{""cancer_domain"": ""colon"", ""search_query"": ""How to make colonoscopy prep easier"", ""rank"": 3, ""contributor"": ""Yiran"", ""source"": ""Mayo Clinic Press: How to make colonoscopy prep easier"", ""scope_category"": ""Anxiety Reduction""}]"
batch-yiran-colon-001,2026-09-24T22:03:52.025748+00:00,vXk-pqiy8n0,https://www.youtube.com/watch?v=vXk-pqiy8n0,EASY COLONOSCOPY PREP? THIS GI DOCTOR SHOWS YOU HOW TO MAKE MIRALAX BOWEL PREP!,"MiraLAX bowel preparation is an easier alternative to nasty-tasting prescription preps for some people.
MiraLAX is flavorless and easy to drink. Find out if it's right for you by watching this video!

Dr. Fred Gandolfo, a board certified gastroenterologist, shows you how to make MiraLAX prep, how to take MiraLAX prep properly, and what the toilet should look like when you have cleaned out enough for a colonoscopy.

LINK TO THE FREE EBOOK ""EVERYTHING YOU NEED TO KNOW BEFORE YOUR FIRST COLONOSCOPY""---- https://ebook.retroflexions.com

The ebook covers all of the above, as well as:
-what lifestyle factors can cause colon cancer and colon polyps 
-what are the RISKS of colonoscopy
-what are the ALTERNATIVE TESTS to colonoscopy
-how the colonoscopy anesthesia and sedation works
-when you need to repeat a colonoscopy
-how to select a good doctor to do your colonoscopy
-how to EAT TO PREVENT COLON CANCER
-and much more!

Located in Long Island, NY? Visit Dr. Gandolfo's medical practice here https://precisiondigestivecare.com

Follow Dr. Gandolfo on Instagram: https://instagram.com/frederick_gandolfo_md",UC76qLkB_b-00RNx3Uwujabw,PrecisionGI,"Dr. Fred Gandolfo is a gastroenterologist in New York. 

",2019-08-29T09:59:08Z,US,3359552,16700,False,2024-03-24T17:18:51Z,PT11M58S,718,en,en-US,false,no_captions_reported,,,,public,False,111214,2535,294,0,True,1,How to make colonoscopy prep easier,4,easy colonoscopy prep? this gi doctor shows you how to make miralax bowel prep!,easy colonoscopy prep? this gi doctor shows you how to make miralax bowel prep!|UC76qLkB_b-00RNx3Uwujabw,False,"[{""cancer_domain"": ""colon"", ""search_query"": ""How to make colonoscopy prep easier"", ""rank"": 4, ""contributor"": ""Yiran"", ""source"": ""Mayo Clinic Press: How to make colonoscopy prep easier"", ""scope_category"": ""Anxiety Reduction""}]"
batch-yiran-colon-001,2026-09-24T22:03:52.025748+00:00,XSyTAJ4NOXc,https://www.youtube.com/watch?v=XSyTAJ4NOXc,Preparing for your Colonoscopy- Standard Golytely Preparation,"Preparing properly for your procedure is essential to a safe, high-quality colonoscopy. In this video you will be walked step-by-step through the ""Standard Golytely Preparation"". These colonoscopy prep instructions are designed to thoroughly clean your colon so that your doctor has a clear view of any growths, lesions, signs of colorectal cancer, or other abnormalities.

- Follow us -
Website: https://www.riversideonline.com 
Facebook: https://www.facebook.com/riversidehealth
​Instagram: @RiversideHealth
Twitter: @RiversideHealth

#ColonoscopyPrep, #ColonoscopyPreparation, #GolytelyPrep, #ColorectalHealth",UCFDLAPrpCuErw8Om24S_3ew,Riverside Health,"Riverside Health Mission Statement: To care for others as we would care for those we love -— to enhance their well-being and improve their health. Riverside Health is here for you when you need us most. Our team is focused on compassionate, collaborative care — designed just for you. 

To learn more about who we are and everything we have to offer, check out our ever-growing library of videos and presentations. Be sure to subscribe so you will be notified of the latest additions to our collection. 

All information shared on this channel is for informational purposes only and is not a substitute for professional medical advice, diagnosis or treatment. Always seek the advice of your physician or other qualified health care providers with any questions you may have regarding your health. Never disregard professional medical advice or delay in seeking it because of something you have heard or read.
",2009-03-09T15:52:01Z,,20728602,9840,False,2023-08-15T13:08:53Z,PT7M44S,464,en,en-US,false,no_captions_reported,,,,public,False,625703,6124,445,0,True,1,How to make colonoscopy prep easier,5,preparing for your colonoscopy- standard golytely preparation,preparing for your colonoscopy- standard golytely preparation|UCFDLAPrpCuErw8Om24S_3ew,False,"[{""cancer_domain"": ""colon"", ""search_query"": ""How to make colonoscopy prep easier"", ""rank"": 5, ""contributor"": ""Yiran"", ""source"": ""Mayo Clinic Press: How to make colonoscopy prep easier"", ""scope_category"": ""Anxiety Reduction""}]"
batch-yiran-colon-001,2026-09-24T22:03:52.025748+00:00,lYv9vO-iqes,https://www.youtube.com/watch?v=lYv9vO-iqes,3 Ways to Make Drinking Colonoscopy Prep Easier,"Learn more: https://www.baystatehealth.org/services/cancer/screening-and-diagnosis/colon-cancer-screening

A colonoscopy can save your life. If you're preparing for a colonoscopy, you may know or have heard that the drink you have to down beforehand is not the best tasting beverage. Watch the video for three ways to make it more palatable. It's important to drink all of the prep to fully clean out your colon and have a safe and complete colonoscopy.",UCLfwo_7M8Mf2m5hPwUJmzjQ,Baystate Health,"Located in Springfield Massachusetts, Baystate Health is a national leader in healthcare. We deliver compassionate, quality, and accessible care - advancing our communities' health for all. ",2009-03-06T01:51:43Z,US,1470663,12900,False,2022-03-28T17:47:44Z,PT51S,51,en,en-US,false,no_captions_reported,,,,public,False,110454,412,,0,True,1,How to make colonoscopy prep easier,6,3 ways to make drinking colonoscopy prep easier,3 ways to make drinking colonoscopy prep easier|UCLfwo_7M8Mf2m5hPwUJmzjQ,False,"[{""cancer_domain"": ""colon"", ""search_query"": ""How to make colonoscopy prep easier"", ""rank"": 6, ""contributor"": ""Yiran"", ""source"": ""Mayo Clinic Press: How to make colonoscopy prep easier"", ""scope_category"": ""Anxiety Reduction""}]"
batch-yiran-colon-001,2026-09-24T22:03:52.025748+00:00,AT3OjqE58x0,https://www.youtube.com/watch?v=AT3OjqE58x0,Preparing For Your Colonoscopy,Watch this video to help you prepare for your colonoscopy at Tampa General Hospital's Digestive Diagnostics & Treatment Center.,UCPJbKnMENUu6_N6J82sByHg,Tampa General Hospital,"Tampa General Hospital is Florida’s premier academic health system, where compassionate care meets a relentless pursuit of excellence. As a private, not-for-profit institution, our mission is rooted in advancing care for every patient we serve. Through the power of academic medicine, we bring together leading physicians, groundbreaking research, and multidisciplinary teams to deliver advanced care for even the most complex conditions. Here, innovation is not an aspiration. It is how care is delivered every day. Serving communities across West central Florida and beyond, Tampa General is nationally recognized for world-class care and clinical leadership across multiple specialties. 
We heal. We teach. We innovate. 
Care for Everyone. Every Day. 
Learn more at tgh.org, and follow us on Facebook, Instagram, LinkedIn, and X. 
",2010-12-28T02:40:02Z,US,3245800,8330,False,2014-04-21T19:21:24Z,PT4M20S,260,en,en,false,no_captions_reported,,,,public,False,534333,,,0,True,1,How to make colonoscopy prep easier,7,preparing for your colonoscopy,preparing for your colonoscopy|UCPJbKnMENUu6_N6J82sByHg,False,"[{""cancer_domain"": ""colon"", ""search_query"": ""How to make colonoscopy prep easier"", ""rank"": 7, ""contributor"": ""Yiran"", ""source"": ""Mayo Clinic Press: How to make colonoscopy prep easier"", ""scope_category"": ""Anxiety Reduction""}]"
batch-yiran-colon-001,2026-09-24T22:03:52.025748+00:00,diauvVwW_Ds,https://www.youtube.com/watch?v=diauvVwW_Ds,How to Make Colonoscopy Prep Taste Better | Los Angeles Colonoscopy Center of Excellence,"Many patients are concerned by the unpleasant taste of colonoscopy prep. Find out how you can make the colonoscopy prep formula taste better by watching this video. Learn more about colonoscopy prep at https://lapeerhealth.com/colonoscopy-and-colon-cancer-prevention/.

Want to know how to make your colonoscopy prep drink taste better? In this video, Los Angeles gastroneterologist Dr. Siamak Tabib shares his tips on making your colonoscopy experience better.",UCVLOLzRT-gOQPbqWOneIstA,La Peer,"La Peer Health Systems
8920 Wilshire Blvd #101
Beverly Hills, CA 90211
(866) 629-0564

La Peer Health Systems is an outpatient surgery center in Beverly Hills, founded by doctors and focused on providing excellent patient care alongside the most cutting-edge medical treatments available. With 50 world-renowned physicians in 14 specialties, comprehensive medical treatment is offered that takes patients from consultation to diagnosis, treatment, surgery, and ultimately aftercare.

One of the reasons we have so many satisfied patients and excellent outcomes is because unlike large hospitals, our unique structure allows us to offer extremely personal care in a safe and controlled environment. Also, Becker's ASC Review named La Peer as one of the 100 Greatest Places to Work. 

Call (855) 360-9119 to schedule an appointment with one of our world-renowned physicians.",2010-05-06T21:07:01Z,US,4249803,5760,False,2012-11-14T00:08:33Z,PT1M53S,113,en,en,true,captions_reported_available,,,,public,False,24488,59,18,0,True,1,How to make colonoscopy prep easier,8,how to make colonoscopy prep taste better | los angeles colonoscopy center of excellence,how to make colonoscopy prep taste better | los angeles colonoscopy center of excellence|UCVLOLzRT-gOQPbqWOneIstA,False,"[{""cancer_domain"": ""colon"", ""search_query"": ""How to make colonoscopy prep easier"", ""rank"": 8, ""contributor"": ""Yiran"", ""source"": ""Mayo Clinic Press: How to make colonoscopy prep easier"", ""scope_category"": ""Anxiety Reduction""}]"
batch-yiran-colon-001,2026-09-24T22:03:52.025748+00:00,uJX44uYqMws,https://www.youtube.com/watch?v=uJX44uYqMws,Can't Handle Colonoscopy Prep? WATCH THIS for Advice/Tips,"Can't handle the taste of colonoscopy prep? Are you unable to finish the prep or getting too sick from drinking it?

In this video, we will discuss how to make the prep more manageable, which temperature is the best for the prep, how to contrast the prep with different tastes, how to split up the prep between the night before and the morning of the colonoscopy, how to handle nausea, and more.

SUBSCRIBE to the Channel for More Content: ?sub_confirmation=1

Be Sure to Check Out Other Relevant Content:
- Time for A Colonoscopy: https://youtu.be/vco6Wo4vWXY
- When & Why Have A Colonoscopy?: https://youtu.be/c8p2m8W9PXw
- How to Plan for A Colonoscopy: https://youtu.be/zn6vZX2Sh-4
- What Happens if You Have Colon Polyps? : https://youtu.be/SAcKXk-8J9A
- Never Would i Ever - Colonoscopy Edition: https://youtu.be/t_aaM1zhsl4

DISCLAIMER: While I am a Gastroenterologist, I am not acting as your Gastroenterologist. The information provided on this channel is intended to be general educational content and not directed towards any one individual. If you believe you have a medical condition that deserves attention please seek care from your healthcare provider. If you are experiencing a life threatening emergency, call 911.",UCQSH8alK6dL11aj2YT1I8Vg,"Mark Cooper, MD","I'm Mark Cooper - a board ceritified gastroenterologist - these videos are a fun and easy way to learn about all things GI!

Understanding your gut and how to keep it healthy is complicated! I provide clarity on common, and not so common,  GI topics in a fun and relatable way!

Ask questions in the comment sections and we will try to make a video on the topics you find most interesting!

We upload a new video every Monday morning. Please SUBSCRIBE so you are altered when new content is released!

Lets have some fun!

ABIM Certification: https://www.abim.org/verify-physician?type=id&id=366080
",2020-08-18T14:41:16.174265Z,US,5497813,31200,False,2022-03-07T15:00:36Z,PT5M24S,324,en,en,false,no_captions_reported,,,,public,False,334632,4695,734,0,True,1,How to make colonoscopy prep easier,9,can't handle colonoscopy prep? watch this for advice/tips,can't handle colonoscopy prep? watch this for advice/tips|UCQSH8alK6dL11aj2YT1I8Vg,False,"[{""cancer_domain"": ""colon"", ""search_query"": ""How to make colonoscopy prep easier"", ""rank"": 9, ""contributor"": ""Yiran"", ""source"": ""Mayo Clinic Press: How to make colonoscopy prep easier"", ""scope_category"": ""Anxiety Reduction""}]"
batch-yiran-colon-001,2026-09-24T22:03:52.025748+00:00,XvcE57pol2g,https://www.youtube.com/watch?v=XvcE57pol2g,How to Prep for Colonoscopy,"The hardest part of the colonoscopy process? The preparation. UPMC gastroenterologist Richard Schoen, MD, shares tips on how to prepare for a colonoscopy.",UCieWcGaXf-a2z0ADF-OoCqQ,UPMC,"As one of the leading nonprofit health systems in the United States, the University of Pittsburgh Medical Center (UPMC) develops and delivers Life Changing Medicine.  We've helped thousands of patients and their families by harnessing the power of technology, translating science into cures, and accelerating the pace of innovation worldwide.  

We're committed to serving our community with outstanding patient care while fulfilling our mission to shape tomorrow's health system through clinical and technological innovation, research, and education. 

Browse our playlists to find the latest medical information, tips and testimonials.  For more information, visit our website, UPMC.com.


Every patient's treatment experience is unique. An individual's treatment outcome will depend on his or her personal circumstances, including age, general health, lifestyle, type and severity of disease, and other factors.",2006-07-04T17:48:41Z,US,97052255,53100,False,2024-07-31T15:52:32Z,PT53S,53,en,,false,no_captions_reported,,,,public,False,269024,2648,70,0,True,1,How to make colonoscopy prep easier,10,how to prep for colonoscopy,how to prep for colonoscopy|UCieWcGaXf-a2z0ADF-OoCqQ,False,"[{""cancer_domain"": ""colon"", ""search_query"": ""How to make colonoscopy prep easier"", ""rank"": 10, ""contributor"": ""Yiran"", ""source"": ""Mayo Clinic Press: How to make colonoscopy prep easier"", ""scope_category"": ""Anxiety Reduction""}]"
batch-yiran-colon-001,2026-09-24T22:03:52.025748+00:00,0Kjy8aBu5Rc,https://www.youtube.com/watch?v=0Kjy8aBu5Rc,Is a Colonoscopy Painful? A Gastroenterologist Explains,"Is a colonoscopy painful? It’s a common concern, but the truth might surprise you! Bob Aran, D.O., gastroenterologist, explains. 

Why does this matter?
✔️ Colon cancer is the second leading cause of cancer-related deaths but is highly preventable with early detection.
✔️ A colonoscopy can detect precancerous polyps before they develop into cancer.
✔️ If you’re 45 or older, or have a family history of colon cancer, now is the time to schedule your screening.

🏥 Colonoscopies are quick, safe, and typically pain-free thanks to sedation. Don't let fear keep you from taking charge of your health!

📅 Talk to your doctor today about scheduling a colonoscopy. Early detection saves lives!

#ColonCancerAwareness #Colonoscopy #CancerPrevention #HealthScreening #Gastroenterology #GutHealth #EarlyDetection #Healthcare #ColonHealth #PreventColonCancer",UCfzkiKD8UsXeLuQ4_us7TYg,SaintFrancisHealthSystem,"Saint Francis Health System in Tulsa, OK includes: Saint Francis Hospital; Saint Francis Children's Hospital; Heart Hospital at Saint Francis; Saint Francis Hospital South; Laureate Psychiatric Clinic and Hospital; Warren Clinic; Saint Francis Hospital Vinita and Health Zone at Saint Francis.",2009-10-01T02:44:41Z,US,1981045,3830,False,2025-03-20T14:23:29Z,PT25S,25,en,en,false,no_captions_reported,,,,public,False,10836,67,7,0,True,1,Does a colonoscopy hurt? What sedation or pain control is used?,1,is a colonoscopy painful? a gastroenterologist explains,is a colonoscopy painful? a gastroenterologist explains|UCfzkiKD8UsXeLuQ4_us7TYg,False,"[{""cancer_domain"": ""colon"", ""search_query"": ""Does a colonoscopy hurt? What sedation or pain control is used?"", ""rank"": 1, ""contributor"": ""Yiran"", ""source"": ""Mayo Clinic Q and A: Pain management during colonoscopy"", ""scope_category"": ""Anxiety Reduction""}]"
batch-yiran-colon-001,2026-09-24T22:03:52.025748+00:00,chMZrbRW2DY,https://www.youtube.com/watch?v=chMZrbRW2DY,This is What Happens During a Colonoscopy #pain,"This is What Happens During a Colonoscopy #pain. A colonoscopy is a crucial diagnostic procedure recommended for various indications, playing a pivotal role in preventive healthcare and early detection of colorectal issues. This endoscopic examination involves the insertion of a flexible tube equipped with a camera through the rectum into the colon, allowing for a detailed visual inspection of the colon's lining. Here are some key indications for undergoing a colonoscopy: Screening for Colorectal Cancer: Perhaps the most well-known indication, colonoscopies are recommended for routine screening to detect colorectal cancer in its early stages. Regular screenings are especially vital for individuals with a family history of colorectal cancer or those over the age of 50, as the risk of developing colorectal cancer increases with age. Polyp Detection and Removal: Colonoscopies enable the identification and removal of polyps, which are abnormal growths on the colon lining. Polyps can potentially develop into cancer over time, making their early removal a preventive measure against colorectal cancer. Evaluation of Gastrointestinal Symptoms: Persistent gastrointestinal symptoms such as unexplained abdominal pain, changes in bowel habits, rectal bleeding, or unexplained weight loss may necessitate a colonoscopy to investigate potential underlying issues, including colorectal conditions. Screening for Inflammatory Bowel Disease (IBD): Colonoscopies are instrumental in diagnosing and monitoring conditions like Crohn's disease and ulcerative colitis, both of which fall under the umbrella of inflammatory bowel diseases (IBD). Anemia Investigation: In cases of unexplained anemia, particularly when other diagnostic tests fail to identify the cause, a colonoscopy may be recommended to explore potential gastrointestinal bleeding or colorectal issues. Follow-up for Previous Colorectal Issues: Individuals with a history of colorectal conditions or surgeries may undergo colonoscopies as part of their ongoing monitoring and follow-up care. Evaluation of Unexplained Weight Loss: Unexplained weight loss can be a red flag for various health concerns, including colorectal issues, prompting the need for a thorough examination such as a colonoscopy. Diagnostic Tool for Other Gastrointestinal Conditions: Colonoscopies may be performed as a diagnostic tool to investigate and assess various gastrointestinal conditions beyond colorectal cancer, such as diverticulitis or ischemic colitis. In conclusion, a colonoscopy serves as a versatile and invaluable diagnostic tool, playing a pivotal role in preventive care and the early detection of colorectal issues. Regular screenings and prompt investigations based on specific indications contribute to overall gastrointestinal health and well-being. #ColonoscopyIndications #ColorectalHealth #GastrointestinalScreening #PreventiveCare #ColonCancerPrevention #PolypDetection #GastrointestinalConditions #IBD #DiagnosticProcedures #DigestiveHealth #EarlyDetection #MedicalScreening #GastrointestinalWellness #ColorectalCancerAwareness #DigestiveSystemCheck #AnemiaInvestigation #HealthPrevention #WellnessCheck #GIHealth #ColonoscopyBenefits #fyp #fypシ #medicine",UC2A6IJQ6AZaK_f_r24his6g,Dr Sermed Mezher,"Award winning doctor and published academic author in the UK, MBChB (Hons) MRes. On a mission to help you understand your body in sickness and in health.

For business enquiries please contact hello@sermedmezher.com

First Members Hall of Fame:
1. Joseph Randomness: Resident - The Alpha.
2. Amar Begic: Resident - The Alpha.
3. Janisterzaj: Resident - The Alpha.
4. László Kozma: Dr House - The Omega.
5. Alireza Mirghasemi: Attending - The Sigma.
6. Ruda: Resident - The Alpha.
7. Sal Mance: Resident - The Alpha.
8. CRWC: Resident - The Alpha.
9. David Nelson: Resident - The Alpha.
10. Echelar: Resident - The Alpha.

** The information in this channel is not intended nor implied to be a substitute for professional medical advice, diagnosis or treatment. All content, including text, graphics, images, and information, contained on this channel is for general information purposes only and does not replace a consultation with your own doctor/health professional **
",2016-01-07T20:50:42Z,GB,1242487978,723000,False,2024-02-25T22:28:27Z,PT1M,60,en,en,false,no_captions_reported,,,,public,False,318865,5989,239,0,True,1,Does a colonoscopy hurt? What sedation or pain control is used?,2,this is what happens during a colonoscopy #pain,this is what happens during a colonoscopy #pain|UC2A6IJQ6AZaK_f_r24his6g,False,"[{""cancer_domain"": ""colon"", ""search_query"": ""Does a colonoscopy hurt? What sedation or pain control is used?"", ""rank"": 2, ""contributor"": ""Yiran"", ""source"": ""Mayo Clinic Q and A: Pain management during colonoscopy"", ""scope_category"": ""Anxiety Reduction""}]"
batch-yiran-colon-001,2026-09-24T22:03:52.025748+00:00,ZRquCNjmZeY,https://www.youtube.com/watch?v=ZRquCNjmZeY,Getting a colonoscopy without anesthesia #shorts,"“When you talk about the pain that you were feeling while you were having a colonoscopy, how severe was that pain? What kind of intensity were you talking about on a scale of one to 10?” 

First of all, when he puts a colonoscopy right there, it's discomfort. Maybe 1, 2, 3. And when you go up to the descending colon, the splenic flexure, it goes to 8, 9, 10.

So tears started going down my eyes, and I was moaning: 10 out of 10. Now he's going to the transverse colon. It's seven out of 10. Now again, this other hepatic flexure, 10 out of 10. It's almost unbearable. Those two flexures are very hard, but it's lasting maybe 30 seconds and 30 seconds, so one minute is very hard, but after that is just a little bit of discomfort.

Mike Neskovic is a family physician.

Link in bio or visit kevinmd.com/podcast

#colonoscopy #anesthesia #physician #coloncancer #familymedicine

SUBSCRIBE TO THE PODCAST → https://www.kevinmd.com/podcast

RATE AND REVIEW → https://www.kevinmd.com/rate

FOLLOW ON INSTAGRAM → https://www.instagram.com/kevinphomd

FOLLOW ON TIKTOK → https://www.tiktok.com/@kevinphomd",UCkkztuiHDPQ7YpPSeG71r8w,"Kevin Pho, MD",Physician | KevinMD.com/podcast,2010-09-09T22:44:43Z,US,4928680,11600,False,2022-11-18T11:52:18Z,PT46S,46,en,en,false,no_captions_reported,,,,public,False,67119,,120,0,True,1,Does a colonoscopy hurt? What sedation or pain control is used?,3,getting a colonoscopy without anesthesia #shorts,getting a colonoscopy without anesthesia #shorts|UCkkztuiHDPQ7YpPSeG71r8w,False,"[{""cancer_domain"": ""colon"", ""search_query"": ""Does a colonoscopy hurt? What sedation or pain control is used?"", ""rank"": 3, ""contributor"": ""Yiran"", ""source"": ""Mayo Clinic Q and A: Pain management during colonoscopy"", ""scope_category"": ""Anxiety Reduction""}]"
batch-yiran-colon-001,2026-09-24T22:03:52.025748+00:00,zSNxSROlHLY,https://www.youtube.com/watch?v=zSNxSROlHLY,Common Sedatives Used During A Colonoscopy,"The colonoscope is a flexible tube with a small camera and light source attached, which can examine the entire length of the colon. During the procedure, the colonoscope will be inserted through the anus and through the large intestine, and possibly into the small intestine, depending on the cause for concern. But don't worry - you'll be sedated and comfortable the entire time! 
#Colonoscopy #coloncancer #LAColon",UC_EkdxtucXoya8v_PNPip-g,LAColonRectal,"Since the founding of our practice in 1957, our guiding philosophy has been, and will always be to provide our patients with focused diagnostic efforts and compassionate medical and surgical treatment, while adhering to the highest principles in the art and science of medicine.",2011-10-03T15:42:07Z,,1075835,1340,False,2023-08-16T18:00:27Z,PT27S,27,en,,false,no_captions_reported,,,,public,False,19320,105,2,0,True,1,Does a colonoscopy hurt? What sedation or pain control is used?,4,common sedatives used during a colonoscopy,common sedatives used during a colonoscopy|UC_EkdxtucXoya8v_PNPip-g,False,"[{""cancer_domain"": ""colon"", ""search_query"": ""Does a colonoscopy hurt? What sedation or pain control is used?"", ""rank"": 4, ""contributor"": ""Yiran"", ""source"": ""Mayo Clinic Q and A: Pain management during colonoscopy"", ""scope_category"": ""Anxiety Reduction""}]"
batch-yiran-colon-001,2026-09-24T22:03:52.025748+00:00,yiXuTSy43gE,https://www.youtube.com/watch?v=yiXuTSy43gE,This is how we put you to sleep for a colonoscopy 💩,,UCUVvhkVjs0TSS3ndiKcpGGA,"David Warren, CRNA, NP","What's up YouTube! I am a CRNA and emergency medicine NP, and this channel is all about anesthesia, CRNA school, and emergency medicine!

Here's how to get in touch with me:
Email: Travelnursepractitioner@gmail.com
IG: @DavidWarrenNP
TikTok: @DavidWarrenNP
",2016-10-22T14:35:40Z,US,1789524,18700,False,2023-09-15T19:56:21Z,PT46S,46,en,en,false,no_captions_reported,,,,public,False,261924,3577,236,0,True,1,Does a colonoscopy hurt? What sedation or pain control is used?,5,this is how we put you to sleep for a colonoscopy 💩,this is how we put you to sleep for a colonoscopy 💩|UCUVvhkVjs0TSS3ndiKcpGGA,False,"[{""cancer_domain"": ""colon"", ""search_query"": ""Does a colonoscopy hurt? What sedation or pain control is used?"", ""rank"": 5, ""contributor"": ""Yiran"", ""source"": ""Mayo Clinic Q and A: Pain management during colonoscopy"", ""scope_category"": ""Anxiety Reduction""}]"
batch-yiran-colon-001,2026-09-24T22:03:52.025748+00:00,Hwv4LqE6JRo,https://www.youtube.com/watch?v=Hwv4LqE6JRo,Let's Talk: Sedation for Colonoscopy,,UCb2p-BsI-Ur6CGOk404Y-xw,Centre For Digestive Health,"Leading Digestive Care in The Bahamas

Gastroenterologists Dr Harold Munnings and Dr Flloyd Carter provide  expert consultation, evaluation and treatment in all aspects of  gastrointestinal, pancreatic and liver disease in both adults and  children. We also offer non-surgical weight-loss procedures for the  treatment of obesity.

We perform routine outpatient upper endoscopy and colonoscopy for diagnosis and treatment of digestive disorders and for colon cancer screening.

You can count on our skilled and helpful team in a modern facility  featuring the most advanced diagnostic equipment and offering the  highest level of patient care.",2020-06-10T22:59:41.904756Z,BS,18960,57,False,2020-08-06T15:21:30Z,PT1M42S,102,en,,false,no_captions_reported,,,,public,False,13809,141,33,0,True,1,Does a colonoscopy hurt? What sedation or pain control is used?,6,let's talk: sedation for colonoscopy,let's talk: sedation for colonoscopy|UCb2p-BsI-Ur6CGOk404Y-xw,False,"[{""cancer_domain"": ""colon"", ""search_query"": ""Does a colonoscopy hurt? What sedation or pain control is used?"", ""rank"": 6, ""contributor"": ""Yiran"", ""source"": ""Mayo Clinic Q and A: Pain management during colonoscopy"", ""scope_category"": ""Anxiety Reduction""}]"
batch-yiran-colon-001,2026-09-24T22:03:52.025748+00:00,w_iSA1uWduE,https://www.youtube.com/watch?v=w_iSA1uWduE,Intravenous Sedation for Endoscopy Colonoscopy,"Hello, my name is Deanna and I am an anesthesia provider here at The Everett Clinic. I'm here to provide you with a brief overview of the sedation that you may receive for your colonoscopy and/or endoscopy. This video is meant as an introduction. You'll have an opportunity to speak in person with your gastroenterologist and sedation nurse immediately before your procedure to ask questions or discuss concerns that you may have. Most people undergoing colonoscopy and/or endoscopy will receive sedation through their IV. Many people do not remember having their procedure because of the sedation given. 

Some people don't even remember talking with their gastroenterologist but rest assured your doctor will give you written instruction and the results of your exam so that you have that information available once your sedation wears off. If you wish to be more awake or more asleep for your procedure then please let your nurse and physician know so they can adjust the amount of sedation to better match your wishes. Common drugs used are Propofol, Midazolam and occasionally Fentanyl. If you have allergies or concerns about what medicine will be used then please tell your nurse and physician when they meet you prior to your procedure. For most people, the sedation wears off quickly and you'll feel mostly back to normal within an hour or two. While you may feel normal, we instruct people to refrain from driving or making critical decisions for the remainder of the day. following your sedation as some people may still feel slightly impaired without realizing it.",UCSrhbip2EAHBdtmB7DBKGEQ,"The Everett Clinic, part of Optum","The Everett Clinic was founded in 1924. We’re a nationally-recognized physician group known for offering high-quality health care services while lowering the overall cost of care. The Everett Clinic operates 30 care sites throughout King, Pierce, Skagit, and Snohomish counties. Together, we care for more than 330,000 patients.

The Everett Clinic is part of Optum, a care delivery organization that helps make health care work better for everyone.
",2008-01-08T22:06:19Z,US,1341689,2230,False,2021-02-25T18:19:54Z,PT1M51S,111,en,en,true,captions_reported_available,,,,public,False,279042,1123,219,0,True,1,Does a colonoscopy hurt? What sedation or pain control is used?,7,intravenous sedation for endoscopy colonoscopy,intravenous sedation for endoscopy colonoscopy|UCSrhbip2EAHBdtmB7DBKGEQ,False,"[{""cancer_domain"": ""colon"", ""search_query"": ""Does a colonoscopy hurt? What sedation or pain control is used?"", ""rank"": 7, ""contributor"": ""Yiran"", ""source"": ""Mayo Clinic Q and A: Pain management during colonoscopy"", ""scope_category"": ""Anxiety Reduction""}]"
batch-yiran-colon-001,2026-09-24T22:03:52.025748+00:00,JMSQ2AxYcgo,https://www.youtube.com/watch?v=JMSQ2AxYcgo,Will I Feel Discomfort During Or After A Colonoscopy?,"www.ummhealth.org
Looking for a great doctor? Call 855-UMASS-MD

Connect with Us:
Facebook: www.facebook.com/umassmemorial
Twitter: @umassmemorial",UC7qEVCiRh8S7V-dlbWN0OpA,UMass Memorial Health,"UMass Memorial Health is the largest health care system in Central Massachusetts. We are the clinical partner of the University of Massachusetts Medical School, with access to the latest technology, research and clinical trials. Learn more at www.ummhealth.org. #UMassMemorialHealth
",2010-04-16T20:01:48Z,US,4189092,3050,False,2023-03-21T13:46:12Z,PT1M,60,en,en,false,no_captions_reported,,,,public,False,7233,,0,0,True,1,Does a colonoscopy hurt? What sedation or pain control is used?,8,will i feel discomfort during or after a colonoscopy?,will i feel discomfort during or after a colonoscopy?|UC7qEVCiRh8S7V-dlbWN0OpA,False,"[{""cancer_domain"": ""colon"", ""search_query"": ""Does a colonoscopy hurt? What sedation or pain control is used?"", ""rank"": 8, ""contributor"": ""Yiran"", ""source"": ""Mayo Clinic Q and A: Pain management during colonoscopy"", ""scope_category"": ""Anxiety Reduction""}]"
batch-yiran-colon-001,2026-09-24T22:03:52.025748+00:00,2eQM_E0Pm5E,https://www.youtube.com/watch?v=2eQM_E0Pm5E,How Does Colonoscopy Sedation Work? - Colon Health Channel,"How Does Colonoscopy Sedation Work? Curious about how sedation makes colonoscopies more comfortable and less stressful? In this informative video, we'll explain the different types of sedation used during a colonoscopy and how they help patients stay relaxed and pain-free. We'll start by discussing what conscious sedation is, including the medications involved and what to expect during the procedure. Then, we'll cover deep sedation, highlighting how it induces a sleep-like state and the role of trained professionals in administering it. You'll learn about the factors that influence which sedation option might be best for you, including your medical history and personal preferences. We'll also explain the importance of sedation in enabling doctors to perform essential tasks like polyp removal, which plays a key role in preventing colon cancer. Additionally, we'll talk about the safety measures in place and possible risks associated with sedation, as well as post-procedure care tips. Whether you're preparing for a colonoscopy or simply want to understand how sedation works, this video provides clear and helpful information. Remember, always consult your healthcare provider for personalized advice and guidance. Subscribe for more health tips and updates on colon health and cancer prevention!

⬇️ Subscribe to our channel for more valuable insights.

🔗Subscribe: https://www.youtube.com/@ColonHealthChannel/?sub_confirmation=1 

#ColonHealth #Colonoscopy #Sedation #HealthEducation #CancerPrevention #MedicalTips #PatientCare #HealthAwareness #Gastroenterology #PreventColonCancer #MedicalProcedures #HealthSafety #HealthcareTips #MedicalGuidance #Wellness 

About Us: Welcome to the Colon Health Channel! Our mission is to provide essential information on colorectal health, focusing on topics like colorectal cancer symptoms, colon cancer screening, rectal cancer signs, and the stages of colorectal cancer. We also cover treatment options, risk factors, surgery for colorectal cancer, and living with the condition. Our friendly tone aims to make complex health issues more approachable for everyone. The content provided is for general informational and educational purposes only. It is not intended to substitute for professional medical advice, diagnosis, or treatment. Never disregard professional medical advice or delay seeking it because of something you have seen in this content. Never rely on this information in place of consulting with qualified healthcare professionals. The creators and distributors of this content are not responsible for any adverse effects or consequences resulting from the use of any suggestions, preparations, or procedures described in this material. Always consult with your healthcare provider before starting any new health-related practice or program.",UC9hvmN4dfcHQIH6NkO_sboQ,Colon Health Channel,"Welcome to the Colon Health Channel! Our mission is to provide essential information on colorectal health, focusing on topics like colorectal cancer symptoms, colon cancer screening, rectal cancer signs, and the stages of colorectal cancer. We also cover treatment options, risk factors, surgery for colorectal cancer, and living with the condition. Our friendly tone aims to make complex health issues more approachable for everyone.

DISCLAIMER: This content is independently created by Colon Health Channel and is presented for informational purposes only. We maintain no affiliation, partnership, or formal relationship with any individuals, organizations, companies, or products featured in this content. All trademarks and brand names mentioned are acknowledged as the property of their respective owners. While we strive for accuracy, we encourage viewers to verify current information through official channels and authorized sources.
",2025-03-31T18:21:13.875811Z,US,193075,443,False,2025-10-22T15:30:22Z,PT4M13S,253,en,,false,no_captions_reported,,,,public,False,688,6,0,0,True,1,Does a colonoscopy hurt? What sedation or pain control is used?,9,how does colonoscopy sedation work? - colon health channel,how does colonoscopy sedation work? - colon health channel|UC9hvmN4dfcHQIH6NkO_sboQ,False,"[{""cancer_domain"": ""colon"", ""search_query"": ""Does a colonoscopy hurt? What sedation or pain control is used?"", ""rank"": 9, ""contributor"": ""Yiran"", ""source"": ""Mayo Clinic Q and A: Pain management during colonoscopy"", ""scope_category"": ""Anxiety Reduction""}]"
batch-yiran-colon-001,2026-09-24T22:03:52.025748+00:00,dFxbe9KkAtA,https://www.youtube.com/watch?v=dFxbe9KkAtA,"Thomas Fazio, MD - Pain-Free Colonoscopy","Pentucket Medical gastroenterologist Dr. Thomas Fazio talks about Propofol. Propofol is a powerful and beneficial anesthetic that represents the state of the art in sedation for colonoscopies. The benefits of Propofol include very few side effects, rapid recovery and appropriateness for use in patients with numerous medical problems.",UCcIqV90uV3T_wroT3hUPSgQ,PentucketMedical,"For more than forty years, Pentucket Medical has been providing extraordinary healthcare to the residents of the Merrimack Valley. With the latest in diagnostics, technology and research, we proudly offer unparalleled acute, chronic and wellness care to our patients. ",2010-11-30T15:26:07Z,,378141,2330,False,2012-09-20T15:49:09Z,PT1M25S,85,en,,false,no_captions_reported,,,,public,False,538,1,1,0,True,1,Does a colonoscopy hurt? What sedation or pain control is used?,10,"thomas fazio, md - pain-free colonoscopy","thomas fazio, md - pain-free colonoscopy|UCcIqV90uV3T_wroT3hUPSgQ",False,"[{""cancer_domain"": ""colon"", ""search_query"": ""Does a colonoscopy hurt? What sedation or pain control is used?"", ""rank"": 10, ""contributor"": ""Yiran"", ""source"": ""Mayo Clinic Q and A: Pain management during colonoscopy"", ""scope_category"": ""Anxiety Reduction""}]"
batch-yiran-colon-001,2026-09-24T22:03:52.025748+00:00,2LzrCv2hhKQ,https://www.youtube.com/watch?v=2LzrCv2hhKQ,Can You Skip A Skin Cancer Screening If You Have No Symptoms? - Healthy Skin Brief,"Can You Skip A Skin Cancer Screening If You Have No Symptoms? Are you wondering whether you can skip a skin cancer screening if you feel healthy and have no symptoms? In this video, we’ll discuss what factors influence the need for regular skin checks and how to stay proactive about your skin health. We’ll cover who should consider routine examinations based on personal and family history, sun exposure, and skin type. You’ll learn simple self-exam techniques, including the popular ""ABCDE"" rule, to help you identify warning signs early. We’ll also explain what symptoms—such as changes in moles, bleeding, itching, or pain—should prompt a visit to your healthcare provider. 

Understanding when to seek professional advice can make a big difference in catching skin issues early. We’ll review current recommendations from major health organizations and share practical tips for monitoring your skin between doctor visits. Whether you’re at higher risk or just want to stay informed about skin health, this video provides helpful guidance to help you make the best decisions for your skin care routine. Remember, early detection can save lives and keep your skin healthy and vibrant. Stay aware, perform regular self-exams, and consult your healthcare provider if you notice anything unusual.

⬇️ Subscribe to our channel for more valuable insights.

🔗Subscribe: https://www.youtube.com/@HealthySkinBrief/?sub_confirmation=1 

#SkinCancerAwareness #SkinCheck #SelfExams #HealthySkin #Melanoma #SkinHealth #SunProtection #SkinCareTips #EarlyDetection #SkinLesions #Moles #SkinTips #Dermatology #SkinMonitoring #HealthTips 

About Us: Welcome to Healthy Skin Brief, your go-to source for reliable information on skin cancer and skincare. Our mission is to empower you with knowledge about skin cancer symptoms, types of skin cancer, melanoma warning signs, basal cell carcinoma, and squamous cell carcinoma. We also provide essential tips on skin cancer prevention, sun protection, skin checks and screenings, and creating a healthy skincare routine that includes dermatologist visits. The content provided is for general informational and educational purposes only. It is not intended to substitute for professional medical advice, diagnosis, or treatment. Never disregard professional medical advice or delay seeking it because of something you have seen in this content. Never rely on this information in place of consulting with qualified healthcare professionals. The creators and distributors of this content are not responsible for any adverse effects or consequences resulting from the use of any suggestions, preparations, or procedures described in this material. Always consult with your healthcare provider before starting any new health-related practice or program.",UCHJCiXb7-c__gcVMMQnaEXQ,Healthy Skin Brief,"Welcome to Healthy Skin Brief, your go-to source for reliable information on skin cancer and skincare. Our mission is to empower you with knowledge about skin cancer symptoms, types of skin cancer, melanoma warning signs, basal cell carcinoma, and squamous cell carcinoma. We also provide essential tips on skin cancer prevention, sun protection, skin checks and screenings, and creating a healthy skincare routine that includes dermatologist visits.

DISCLAIMER: This content is independently created by Healthy Skin Brief and is not affiliated with any of the brands or organizations mentioned. All trademarks belong to their respective owners. While we aim to share accurate information, please verify current details through official channels. This material is for educational purposes and should not be considered a substitute for professional advice.
",2025-03-31T19:10:38.779064Z,US,119415,305,False,2025-09-05T00:35:59Z,PT2M44S,164,en,,false,no_captions_reported,,,,public,False,5,0,0,0,True,1,Why get screened if I have no symptoms?,1,can you skip a skin cancer screening if you have no symptoms? - healthy skin brief,can you skip a skin cancer screening if you have no symptoms? - healthy skin brief|UCHJCiXb7-c__gcVMMQnaEXQ,False,"[{""cancer_domain"": ""colon"", ""search_query"": ""Why get screened if I have no symptoms?"", ""rank"": 1, ""contributor"": ""Yiran"", ""source"": ""Mayo Clinic Q and A: So you're having a colonoscopy"", ""scope_category"": ""Reinforcing screening importance""}]"
batch-yiran-colon-001,2026-09-24T22:03:52.025748+00:00,7usR2rUfLa4,https://www.youtube.com/watch?v=7usR2rUfLa4,Why Prostate Cancer Screening Matters — Even With No Symptoms | Urologist Explains,"Prostate cancer is one of the most common cancers in men — and in its early stages, it usually causes no symptoms at all.

In this video, urologist Shiv Patel, M.D. of Anne Arundel Urology explains why waiting for warning signs is the wrong strategy, and why early detection can be the difference between simple monitoring and much more aggressive treatment down the road.

In this video:
▸ Why prostate cancer is so common — and so rarely talked about
▸ Why most men feel completely fine in the early stages
▸ How catching it early expands your treatment options and improves outcomes
▸ How awareness starts: a conversation with your doctor, and with the men in your life

WATCH THE FULL SERIES
Prostate Cancer, Explained by a Urologist: [PLAYLIST LINK]

ABOUT DR. PATEL
Shiv Patel, M.D. is a urologist at Anne Arundel Urology, part of Urology Alliance, caring for patients in Annapolis and Greenbelt, Maryland. His special interests include BPH (enlarged prostate), kidney stone disease, and urologic cancers.
https://aaurology.com/team_member/dr-shiv-patel/

TALK TO A UROLOGIST
Anne Arundel Urology: https://aaurology.com
Urology Alliance: https://urologyalliance.com

This video is for educational purposes only and is not a substitute for professional medical advice, diagnosis, or treatment. Talk with your physician about your individual risk and screening plan.

#ProstateCancerAwarenessMonth #ProstateCancer #MensHealth",UC9W2X1Q0vVPV-7U1hN1bEqA,Urology Alliance,"Advanced Urology Care.
Personalized for Every Patient.

At Urology Alliance, we believe your urologic health deserves expert attention and compassionate care. Our nationally recognized team of specialists is dedicated to improving quality of life through advanced treatment, innovative research, and individualized care plans. Whether you’re managing a common condition or facing a complex challenge, you’ll find a trusted partner in Urology Alliance.
",2026-05-20T21:25:49.77145Z,,554,4,False,2026-08-27T18:14:00Z,PT1M25S,85,en,,false,no_captions_reported,,,,public,False,29,0,0,0,True,1,Why get screened if I have no symptoms?,2,why prostate cancer screening matters — even with no symptoms | urologist explains,why prostate cancer screening matters — even with no symptoms | urologist explains|UC9W2X1Q0vVPV-7U1hN1bEqA,False,"[{""cancer_domain"": ""colon"", ""search_query"": ""Why get screened if I have no symptoms?"", ""rank"": 2, ""contributor"": ""Yiran"", ""source"": ""Mayo Clinic Q and A: So you're having a colonoscopy"", ""scope_category"": ""Reinforcing screening importance""}]"
batch-yiran-colon-001,2026-09-24T22:03:52.025748+00:00,8QfhDnzEPGg,https://www.youtube.com/watch?v=8QfhDnzEPGg,Why Get Tested For STDs With No Symptoms?,"Even without symptoms, getting tested for STDs is crucial for your health and the health of your partners. This video explains why proactive testing is a vital part of responsible sexual health.

In this video, you'll discover why regular STD screening is essential:
 ► Learn how many STDs can be asymptomatic, meaning you could be infected and not know it.
 ► Understand the importance of early detection to prevent serious long-term health complications.
 ► Discover how testing protects your current and future sexual partners.
 ► Gain insight into breaking the chain of transmission within communities.
 ► Find out how easy and confidential STD testing can be, even without a doctor's visit.


#STDTesting, #SexualHealth, #PreventSTDs, #HealthEducation, #Wellness",UCZuH4uA4SpKya_4DlVRQAlQ,Sex Health Expert,"Welcome to Sex Health Expert! Our channel is dedicated to promoting sexual health education and providing clear, accessible information on topics such as common STDs and symptoms, STD testing and diagnosis, safe sex practices, preventing STDs, treatment options, HPV and genital warts, HIV and AIDS awareness, birth control options, and effective communication with partners about STDs. Join us as we address your pressing questions and provide reliable answers to enhance your understanding of sexual health.

DISCLAIMER: This content is independently produced and not affiliated with any brands, products, or organizations mentioned. All trademarks belong to their respective owners. The information provided is for educational purposes only and should not be considered professional medical advice. Please verify current information through official channels, as details may change over time.
",2025-04-01T14:00:23.700963Z,US,223383,411,False,2025-12-14T06:59:51Z,PT2M43S,163,en,,false,no_captions_reported,,,,public,False,4,0,0,0,True,1,Why get screened if I have no symptoms?,3,why get tested for stds with no symptoms?,why get tested for stds with no symptoms?|UCZuH4uA4SpKya_4DlVRQAlQ,False,"[{""cancer_domain"": ""colon"", ""search_query"": ""Why get screened if I have no symptoms?"", ""rank"": 3, ""contributor"": ""Yiran"", ""source"": ""Mayo Clinic Q and A: So you're having a colonoscopy"", ""scope_category"": ""Reinforcing screening importance""}]"
batch-yiran-colon-001,2026-09-24T22:03:52.025748+00:00,yEC7aoUMdmY,https://www.youtube.com/watch?v=yEC7aoUMdmY,Routine Screening Finds Cancer with No Symptoms,upLynk Clip,UC6ekkA4mmUQBOisHgBqnkiA,WKOW 27 NEWS,"WKOW 27 News is the ABC affiliate in Madison, Wisconsin, providing local news, sports and weather for over 70 years. WKOW was the first TV station established in Madison. ",2011-07-08T17:34:36Z,US,22600881,27600,False,2020-08-25T23:18:15Z,PT47S,47,en,en,true,captions_reported_available,,,,public,False,9,0,0,0,True,1,Why get screened if I have no symptoms?,4,routine screening finds cancer with no symptoms,routine screening finds cancer with no symptoms|UC6ekkA4mmUQBOisHgBqnkiA,False,"[{""cancer_domain"": ""colon"", ""search_query"": ""Why get screened if I have no symptoms?"", ""rank"": 4, ""contributor"": ""Yiran"", ""source"": ""Mayo Clinic Q and A: So you're having a colonoscopy"", ""scope_category"": ""Reinforcing screening importance""}]"
batch-yiran-colon-001,2026-09-24T22:03:52.025748+00:00,rW-3gYK6vxc,https://www.youtube.com/watch?v=rW-3gYK6vxc,No STD Symptoms? Why You Still Need to Get Tested,"Think you can't have an STD if you don't have symptoms? Think again. In this video, our Klinik Temasya doctor breaks down the silent nature of sexually transmitted diseases, why window periods matter, and what to expect during a screening. Learn how to protect your health, prevent long-term complications like Pelvic Inflammatory Disease (PID), and normalize sexual health checkups. Book your confidential screening at Klinik Temasya today.

=== TIMESTAMPS ===
0:00 - The 'No Symptoms' Myth
0:15 - The Silent Spread
0:30 - What Are STDs Really?
0:48 - The Transmission Misconception
1:08 - Silent Damage in Women
1:26 - Silent Damage in Men
1:44 - The Psychological Toll
2:02 - Curable vs Manageable
2:21 - Understanding Window Periods
2:39 - When to Actually Get Tested
2:57 - The Pre-Marital Conversation
3:15 - Effective Prevention Methods
3:32 - Normalizing the Checkup
3:50 - No Judgment, Just Healthcare
4:08 - Take Charge of Your Health

#HealthEducation #StdSymptoms #SexualHealth #StdTestingWindow #PelvicInflammatoryDisease #HivScreeningMalaysia",UCzonJ_4nzOCWaHf3Oof28Gw,Klinik Temasya,"Health education from real doctors at Klinik Temasya, Malaysia. We break down health topics in plain language. Symptoms to watch for, when to see a doctor, and practical tips you can actually use. New videos weekly.

",2022-02-24T14:37:56.625553Z,,9270,9,False,2026-03-10T04:39:38Z,PT5M10S,310,en,en,false,no_captions_reported,,,,public,False,136,0,0,0,True,1,Why get screened if I have no symptoms?,5,no std symptoms? why you still need to get tested,no std symptoms? why you still need to get tested|UCzonJ_4nzOCWaHf3Oof28Gw,False,"[{""cancer_domain"": ""colon"", ""search_query"": ""Why get screened if I have no symptoms?"", ""rank"": 5, ""contributor"": ""Yiran"", ""source"": ""Mayo Clinic Q and A: So you're having a colonoscopy"", ""scope_category"": ""Reinforcing screening importance""}]"
batch-yiran-colon-001,2026-09-24T22:03:52.025748+00:00,81EpG0QECL8,https://www.youtube.com/watch?v=81EpG0QECL8,Why You Shouldn’t Wait For Symptoms To Get a Health Screening,"Just because you feel fine doesn’t mean everything is fine.

Conditions like high blood pressure or high cholesterol often have no symptoms, but can still affect your health over time.

Routine health screenings help catch these issues early, before they become harder to treat. If it’s been a while since your last check-up, it might be time to speak with your doctor.

Visit our website today to learn more about health screening: https://bit.ly/kaizen-health-screening-packages

#KaizenMedical #HealthScreening #PreventiveCare #KnowYourHealth #EarlyDetection #DoctorExplains #GeneralHealth #SmartHabits #HeartHealth",UCb4oTxGygw3ocxy6hxlQ04w,Kaizen Medical Clinic,,2023-07-25T10:27:30.167516Z,,46622,87,False,2025-05-28T12:04:03Z,PT51S,51,en,,false,no_captions_reported,,,,public,False,139,2,0,0,True,1,Why get screened if I have no symptoms?,6,why you shouldn’t wait for symptoms to get a health screening,why you shouldn’t wait for symptoms to get a health screening|UCb4oTxGygw3ocxy6hxlQ04w,False,"[{""cancer_domain"": ""colon"", ""search_query"": ""Why get screened if I have no symptoms?"", ""rank"": 6, ""contributor"": ""Yiran"", ""source"": ""Mayo Clinic Q and A: So you're having a colonoscopy"", ""scope_category"": ""Reinforcing screening importance""}]"
batch-yiran-colon-001,2026-09-24T22:03:52.025748+00:00,N97s-JB-jvU,https://www.youtube.com/watch?v=N97s-JB-jvU,No Symptoms? You Still Need To Screen #colonhealth #guthealthmatters #colorectalcancerawareness,,UCGEKFUdnF4oBthgUo903adA,Diagnox Health,"Your body deserves more than assumptions. Transform your health with care, empathy, and knowledge. Start here.",2018-11-06T04:54:02Z,US,611040,1540,False,2025-08-16T21:00:14Z,PT42S,42,en,en,false,no_captions_reported,,,,public,False,135,4,0,0,True,1,Why get screened if I have no symptoms?,7,no symptoms? you still need to screen #colonhealth #guthealthmatters #colorectalcancerawareness,no symptoms? you still need to screen #colonhealth #guthealthmatters #colorectalcancerawareness|UCGEKFUdnF4oBthgUo903adA,False,"[{""cancer_domain"": ""colon"", ""search_query"": ""Why get screened if I have no symptoms?"", ""rank"": 7, ""contributor"": ""Yiran"", ""source"": ""Mayo Clinic Q and A: So you're having a colonoscopy"", ""scope_category"": ""Reinforcing screening importance""}]"
batch-yiran-colon-001,2026-09-24T22:03:52.025748+00:00,gBltAAH3gxc,https://www.youtube.com/watch?v=gBltAAH3gxc,Myth vs. Fact: Do You Need Colon Cancer Screening Without Symptoms?,"Colon cancer symptoms are not always present, and that’s where this myth can be harmful. One of the most common misconceptions about colon cancer screening is the belief that you only need to screen if something feels wrong.

Fact: Colon cancer does not always cause symptoms, especially in its earlier stages¹. Many people with colorectal cancer feel completely fine, which means waiting for symptoms to appear can delay diagnosis. That’s why timely screening is important, even if you feel healthy. Screening is designed to help identify colorectal cancer or precancerous changes before symptoms develop, when treatment options may be more effective¹.

In this video, we break down:
• Why colon cancer can be present without noticeable symptoms
• Why symptoms are not a reliable signal for when to screen
• How screening fits into taking a proactive approach to your health

If you’ve been putting off colon cancer screening because you feel fine, this video is an important reminder: colon cancer doesn’t always send warning signs. 

Learn more about whether the Cologuard test may be right for you:  https://www.cologuard.com/is-cologuard-right-for-me
Learn more about colon cancer screening:  https://www.cologuard.com

#Cologuard #ColonCancerAwareness #ColonCancerScreening #GutCheck #ExactSciences #MythVsFact #ScreeningMatters #TimelyScreening

Important Note: Cologuard is not for everyone. If you’re experiencing symptoms or are at high risk for colon cancer, talk to your doctor about other screening options. 
 
Indication for Use: The Cologuard test is intended to screen adults 45 and older at average risk for colorectal cancer. Do not use if you have had adenomas, have inflammatory bowel disease, certain hereditary syndromes, or a personal or family history of colorectal cancer. Cologuard® is not a replacement for colonoscopy in high-risk patients. Cologuard performance in adults ages 45-49 is estimated based on a large clinical study of patients 50 and older. False positives and false negatives can occur. Rx only. Results may vary.

References: 
 ¹ Centers for Disease Control and Prevention. Reducing Risk for Colorectal Cancer. Updated February 26, 2025. https://www.cdc.gov/colorectal-cancer/prevention/index.html",UCnFQBx65LmJiUr7fuD7h4Cw,Cologuard,"Cologuard® products are intended to screen adults 45 and older at average risk for colorectal cancer. Do not use if you have had a personal history of colorectal cancer or polyps, have inflammatory bowel disease, a family history of colorectal cancer, or certain hereditary syndromes, or a positive result from another colon cancer screening method within that test's recommended screening interval. Cologuard results should be interpreted with caution as false positive and false negatives do occur. Rx only.

Content reflects information available and is accurate at the time of publication.

For more information:
Homepage: https://www.cologuard.com/
Important Risk Information: https://www.cologuard.com/risk-information

Facebook: https://www.facebook.com/Cologuard/
Instagram: https://www.instagram.com/cologuard/
",2014-07-07T18:48:03Z,,293053241,9430,False,2026-01-12T17:17:35Z,PT29S,29,en,en,false,no_captions_reported,,,,public,False,668,2,,0,True,1,Why get screened if I have no symptoms?,8,myth vs. fact: do you need colon cancer screening without symptoms?,myth vs. fact: do you need colon cancer screening without symptoms?|UCnFQBx65LmJiUr7fuD7h4Cw,False,"[{""cancer_domain"": ""colon"", ""search_query"": ""Why get screened if I have no symptoms?"", ""rank"": 8, ""contributor"": ""Yiran"", ""source"": ""Mayo Clinic Q and A: So you're having a colonoscopy"", ""scope_category"": ""Reinforcing screening importance""}]"
batch-yiran-colon-001,2026-09-24T22:03:52.025748+00:00,XliMTz90W4g,https://www.youtube.com/watch?v=XliMTz90W4g,"Should You Get Screened With No Symptoms? | Oracle Heart & Vascular | Fredericksburg, VA","🫀 Oracle Heart & Vascular
📍 Fredericksburg, VA
📞 (855) 739-9953

#fredericksburgva #ultrasound #vascularhealth",UCO-syOB_06gb3j0yAv2NFPw,Oracle Heart & Vascular,"Our board-certified cardiovascular experts provide each patient with a full spectrum of cardiac care that not only focuses on addressing challenges, but also in setting goals for therapy, helping to achieve optimal cardiovascular health.",2024-08-27T13:37:09.653211Z,,37901,13,False,2025-06-23T12:48:11Z,PT28S,28,en,,false,no_captions_reported,,,,public,False,87,1,0,0,True,1,Why get screened if I have no symptoms?,9,"should you get screened with no symptoms? | oracle heart & vascular | fredericksburg, va","should you get screened with no symptoms? | oracle heart & vascular | fredericksburg, va|UCO-syOB_06gb3j0yAv2NFPw",False,"[{""cancer_domain"": ""colon"", ""search_query"": ""Why get screened if I have no symptoms?"", ""rank"": 9, ""contributor"": ""Yiran"", ""source"": ""Mayo Clinic Q and A: So you're having a colonoscopy"", ""scope_category"": ""Reinforcing screening importance""}]"
batch-yiran-colon-001,2026-09-24T22:03:52.025748+00:00,EIilrQBCFN0,https://www.youtube.com/watch?v=EIilrQBCFN0,Colon cancer often has no symptoms.Screening saves lives.,"Colon cancer can develop silently.
Many patients have no symptoms in early stages.

By the time bleeding, weight loss, anemia, or bowel habit changes appear, the disease may already be advanced.

Who should get screened?

✔️ Everyone above 45 years
✔️ Earlier if there is family history
✔️ Patients with long-standing inflammatory bowel disease
✔️ Those with unexplained anemia

Screening options:

• Colonoscopy (gold standard)
• Stool-based tests (FIT test)
• CT colonography (in selected cases)

Early-stage colon cancer is highly treatable.
Late-stage disease requires more complex treatment.

Screening detects:
• Cancer early
• Pre-cancerous polyps before they turn into cancer

You may feel healthy.
That does not mean screening is unnecessary.

#ColonCancerAwareness#ScreeningSavesLives#Colonoscopy
#PreventCancer#GIOncology#CancerScreening
#HealthCheck#EarlyDetection#GastroHealth",UCb2ezuZfgM_1cBQ0-On5dug,Gastro-Intestinal Cancer English,,2025-10-10T12:24:01.06888Z,IN,4024,8,False,2026-02-12T09:12:28Z,PT3M3S,183,en,,false,no_captions_reported,,,,public,False,77,1,0,0,True,1,Why get screened if I have no symptoms?,10,colon cancer often has no symptoms.screening saves lives.,colon cancer often has no symptoms.screening saves lives.|UCb2ezuZfgM_1cBQ0-On5dug,False,"[{""cancer_domain"": ""colon"", ""search_query"": ""Why get screened if I have no symptoms?"", ""rank"": 10, ""contributor"": ""Yiran"", ""source"": ""Mayo Clinic Q and A: So you're having a colonoscopy"", ""scope_category"": ""Reinforcing screening importance""}]"
batch-yiran-colon-001,2026-09-24T22:03:52.025748+00:00,V-B2jdpGKYM,https://www.youtube.com/watch?v=V-B2jdpGKYM,Colorectal Cancer Screening Saves Lives,"If you're 45 or older, it's time to start screening for colorectal cancer, even if you don’t have symptoms or a family history.",UCiMg06DjcUk5FRiM3g5sqoQ,Centers for Disease Control and Prevention (CDC),"Welcome to the Centers for Disease Control and Prevention. For over 75 years, CDC has been dedicated to protecting health and promoting quality of life through the prevention and control of disease, injury, and disability. We are committed to programs that reduce the health and economic consequences of the leading causes of death and disability, thereby ensuring a long, productive, healthy life for all people. * For questions, please call 1-800-CDC-INFO (1-800-232-4636) TTY: 1-888-232-6348 or visit www.cdc.gov/info to reach English or Spanish-speaking representatives. * Comments received are subject to PRA & may be archived https://www.cdc.gov/Other/policies.html. To review the CDC Comment Policy visit https://www.cdc.gov/other/public-comments.html.",2007-04-19T12:09:10Z,US,594638258,712000,False,2022-09-29T16:37:00Z,PT31S,31,en,en-US,true,captions_reported_available,,,,public,False,8974,33,,0,True,1,Colorectal cancer screening saves lives,1,colorectal cancer screening saves lives,colorectal cancer screening saves lives|UCiMg06DjcUk5FRiM3g5sqoQ,False,"[{""cancer_domain"": ""colon"", ""search_query"": ""Colorectal cancer screening saves lives"", ""rank"": 1, ""contributor"": ""Yiran"", ""source"": ""CDC fact sheet: Colorectal Cancer Screening Saves Lives"", ""scope_category"": ""Reinforcing screening importance""}]"
batch-yiran-colon-001,2026-09-24T22:03:52.025748+00:00,0juAY_1jSX8,https://www.youtube.com/watch?v=0juAY_1jSX8,Colorectal Cancer Screening Saves Lives,"Even without a single family case, 5 in 100 people will be diagnosed with colon cancer in their lifetime. The best prevention is early detection. When physicians find pre-cancerous polyps during a colonoscopy, it helps prevent cancer from developing. This underscores the importance of screening to catch cancer early and help save lives. To learn more about colon cancer screening, visit  https://www.wellstar.org/medical-services/diagnostics/colorectal-cancer-screening",UCxDaTLnzo7DhfqRTBDlSgYA,Wellstar Health System,"At Wellstar Health System, our mission is to enhance the health and well-being of every person we serve. Nationally ranked and locally recognized for our high-quality care, inclusive culture and world-class doctors and caregivers, Wellstar is one of the largest, most integrated healthcare systems in Georgia.  

Our specialists and primary care providers work in a multidisciplinary environment with nearly 25,000 diverse team members throughout our hospitals, health parks and medical offices. Communities can also access our outpatient centers, a pediatric center, nursing centers, and hospice and home care services. 
",2009-05-20T19:06:17Z,US,4787883,6440,False,2022-03-11T13:41:58Z,PT1M36S,96,en,en,false,no_captions_reported,,,,public,False,162,4,0,0,True,1,Colorectal cancer screening saves lives,2,colorectal cancer screening saves lives,colorectal cancer screening saves lives|UCxDaTLnzo7DhfqRTBDlSgYA,False,"[{""cancer_domain"": ""colon"", ""search_query"": ""Colorectal cancer screening saves lives"", ""rank"": 2, ""contributor"": ""Yiran"", ""source"": ""CDC fact sheet: Colorectal Cancer Screening Saves Lives"", ""scope_category"": ""Reinforcing screening importance""}]"
batch-yiran-colon-001,2026-09-24T22:03:52.025748+00:00,05X-VNYfAjw,https://www.youtube.com/watch?v=05X-VNYfAjw,Stay Ahead | Early Colorectal Cancer Screening Saves Lives,"Colorectal cancer is one of the most common cancers in the United States, and each year VA diagnoses approximately 4,000 new cases of it. VA remains committed to improving colorectal cancer outcomes for all Veterans by increasing screening and access to care. Aged 45 or older? Learn more about getting screened for colorectal cancer at home at https://www.cancer.va.gov/colorectal-cancer-screening-fit.html 

#CancerScreening #colorectalcancer #mailedFIT",UCaW28mX6gCpTuWYJyPfWd-Q,Veterans Health Administration,"The official YouTube channel for the Veterans Health Administration, part of the US Department of Veterans Affairs.  The Veterans Health Administration is America's largest integrated health care system with over 1,700 sites of care, serving over 8.3 million Veterans each year.",2008-03-13T19:52:23Z,US,294293217,204000,False,2024-04-04T18:38:35Z,PT1M6S,66,en,en,true,captions_reported_available,,,,public,False,6606,53,,0,True,1,Colorectal cancer screening saves lives,3,stay ahead | early colorectal cancer screening saves lives,stay ahead | early colorectal cancer screening saves lives|UCaW28mX6gCpTuWYJyPfWd-Q,False,"[{""cancer_domain"": ""colon"", ""search_query"": ""Colorectal cancer screening saves lives"", ""rank"": 3, ""contributor"": ""Yiran"", ""source"": ""CDC fact sheet: Colorectal Cancer Screening Saves Lives"", ""scope_category"": ""Reinforcing screening importance""}]"
batch-yiran-colon-001,2026-09-24T22:03:52.025748+00:00,-ayOHxbd22Y,https://www.youtube.com/watch?v=-ayOHxbd22Y,"Colorectal cancer screening can save lives | Philip Pearson, MD","Dr. Phillip Pearson, a colorectal surgeon at Main Line Health, and his patient, Andrew, talk about how colorectal screenings can save lives. Get screened for colorectal cancer starting at age 45.

More information on colonoscopies: https://www.mainlinehealth.org/conditions-and-treatments/treatments/colonoscopy
Learn more about colorectal cancer: https://www.mainlinehealth.org/conditions-and-treatments/conditions/colorectal-cancer
More information on colon polyps: https://www.mainlinehealth.org/conditions-and-treatments/conditions/colon-polyps
Learn more about colorectal surgery at Main Line Health: https://www.mainlinehealth.org/specialties/colorectal-surgery

Facebook: https://www.facebook.com/mainlinehealth
Instagram: https://www.instagram.com/mainlinehealth
LinkedIn: https://www.linkedin.com/company/main-line-health

#MainLineHealth #ColorectalCancer",UCZO2kUwh7_EkWYvcvAPugrg,Main Line Health,"Founded in 1985, Main Line Health® is a not-for-profit health system serving portions of Philadelphia and its western suburbs. At its core are four of the region’s most respected acute care hospitals—Lankenau Medical Center, Bryn Mawr Hospital, Paoli Hospital and Riddle Hospital—as well as one of the nation’s premier facilities for rehabilitative medicine, Bryn Mawr Rehabilitation Hospital.

Our commitment—to deliver advanced medicine to treat and cure disease while also playing an important role in prevention and disease management as well as training physicians and other health care providers—reflects our intent to keep our community and ourselves well ahead. A team of more than 10,000 employees and 2,000 physicians care for patients throughout Main Line Health’s continuum of care.",2008-07-29T16:19:51Z,US,8981664,6120,False,2023-03-22T15:56:43Z,PT2M22S,142,en,en,false,no_captions_reported,,,,public,False,89,0,0,0,True,1,Colorectal cancer screening saves lives,4,"colorectal cancer screening can save lives | philip pearson, md","colorectal cancer screening can save lives | philip pearson, md|UCZO2kUwh7_EkWYvcvAPugrg",False,"[{""cancer_domain"": ""colon"", ""search_query"": ""Colorectal cancer screening saves lives"", ""rank"": 4, ""contributor"": ""Yiran"", ""source"": ""CDC fact sheet: Colorectal Cancer Screening Saves Lives"", ""scope_category"": ""Reinforcing screening importance""}]"
batch-yiran-colon-001,2026-09-24T22:03:52.025748+00:00,Mp95BoGr1sA,https://www.youtube.com/watch?v=Mp95BoGr1sA,Screening Saves Lives | Dr. Eloubedi Talks Colorectal Cancer Screening Kits,"FREE colorectal screening kit only in March: https://rmccares.org/foundation/foundation-events/early-detection-connection-screenings/getahead/

With 338 inpatient beds at Regional Medical Center (RMC) Anniston, 125 at Stringfellow Memorial, and numerous outpatient facilities and services, RMC is the provider of choice for over 13,500 inpatients, 57,000 outpatients, 1,380 newborn deliveries and 42,000 emergency room visits each year. More than 1,600 employees, 300 volunteers and 200 physicians in a full range of specialties provide state-of-the-art healthcare with integrity, skill and compassion. RMC is accredited by the American College of Surgeons’ Commission on Cancer, is an affiliate in the UAB Cancer Care Network, is recognized by Blue Cross and Blue Shield of Alabama as a Blue Distinction Centers+ for Maternity Care, and is the first designated Baby-Friendly birthing facility in Alabama. For more information, visit www.RMCcares.org.",UC9CuxnU_Rr_iC4aZ-eIa2Kg,RMC Health System,"With 323 inpatient beds at RMC Anniston,  as well as numerous outpatient facilities and physician offices, RMC is the largest not-for-profit healthcare provider in Northeast Alabama. With more than 1,800 employees, 300 volunteers and over 200 primary care and specialty physicians, the expanded RMC Health System provides state-of-the-art integrated healthcare with integrity, skill and compassion. RMC Anniston is accredited by the American College of Surgeons Commission on Cancer, is recognized by Blue Cross and Blue Shield of Alabama as a Blue Distinction® Center+ for Knee and Hip Replacement and Maternity Care, an Age-Friendly Facility by IHI, and is the first designated Baby Friendly birthing facility in Alabama. RMC Health System is accredited by The Joint Commission. For more information, visit www.rmccares.org.",2011-05-27T13:42:14Z,,56773,169,False,2024-03-21T13:00:19Z,PT2M54S,174,en,en,false,no_captions_reported,,,,public,False,195,2,0,0,True,1,Colorectal cancer screening saves lives,5,screening saves lives | dr. eloubedi talks colorectal cancer screening kits,screening saves lives | dr. eloubedi talks colorectal cancer screening kits|UC9CuxnU_Rr_iC4aZ-eIa2Kg,False,"[{""cancer_domain"": ""colon"", ""search_query"": ""Colorectal cancer screening saves lives"", ""rank"": 5, ""contributor"": ""Yiran"", ""source"": ""CDC fact sheet: Colorectal Cancer Screening Saves Lives"", ""scope_category"": ""Reinforcing screening importance""}]"
batch-yiran-colon-001,2026-09-24T22:03:52.025748+00:00,74kIh7vYXm4,https://www.youtube.com/watch?v=74kIh7vYXm4,Colorectal cancer screening program saves lives | Kaiser Permanente,"Colorectal cancer is the second leading cause of cancer deaths in the U.S. But when caught early, the disease can be cured in 9 out of 10 cases. Learn how gastroenterologist Theodore Levin, MD, has helped ensure that more than 80% of Kaiser Permanente members in Northern California are up-to-date on their colorectal cancer screenings — one of the highest rates in the nation — contributing to a 52% decrease in deaths between 2000 and 2015.",UCqZdtT_o6xZbMkRbLZJ7Zvg,Kaiser Permanente,"Informative videos on wellness and healthy living from Kaiser Permanente, as well as inspirational true stories of life-changing care.

Founded in 1945, Kaiser Permanente is recognized as one of America’s leading health care providers and nonprofit health plans. We provide high-quality, affordable health care services to improve the health of our members and the communities we serve. 

Care for members and patients is focused on their total health and guided by their physicians, specialists, and caregivers. Our expert and caring medical teams are empowered and supported by industry-leading technology and tools for health promotion, disease prevention, state-of-the-art care delivery, and world-class chronic disease management. We’re committed to improving the future of health care – and caring for all that is you. 

Find out more at kaiserpermanente.org. 
",2008-08-14T19:31:49Z,US,131286288,65600,False,2019-05-22T22:22:33Z,PT4M53S,293,en,en,true,captions_reported_available,,,,public,False,1998,10,0,0,True,1,Colorectal cancer screening saves lives,6,colorectal cancer screening program saves lives | kaiser permanente,colorectal cancer screening program saves lives | kaiser permanente|UCqZdtT_o6xZbMkRbLZJ7Zvg,False,"[{""cancer_domain"": ""colon"", ""search_query"": ""Colorectal cancer screening saves lives"", ""rank"": 6, ""contributor"": ""Yiran"", ""source"": ""CDC fact sheet: Colorectal Cancer Screening Saves Lives"", ""scope_category"": ""Reinforcing screening importance""}]"
batch-yiran-colon-001,2026-09-24T22:03:52.025748+00:00,BNG2v_RDfV0,https://www.youtube.com/watch?v=BNG2v_RDfV0,Colorectal Cancer Screening Saves Lives by Catching Cancer Early,"Colorectal Cancer is now the leading cause of cancer death for men under 50, and the second leading cause of cancer death for women under 50.

Dr. Folasade May, UCLA Health cancer prevention researcher and gastroenterologist, and a member of the UCLA Health Jonsson Comprehensive Cancer Center, shares that since 1995, there has been a 45% increase in colorectal cancer diagnoses in people under the age of 50.

More than half of colorectal cancer deaths could be prevented by early detection through screening. We urge everyone to start getting regular screenings at 45. The previous recommended screening age was 50.

Read more about risk factors, prevention, and steps you can take to help reduce risk: https://ucla.in/3IF1ziR",UCb_JYhqnSdEejiznUm3XNqQ,UCLA Health,"For more than half a century, UCLA Health System has provided the best in healthcare and the latest in medical technology to the people of Los Angeles and throughout the world. 

Comprised of Ronald Reagan UCLA Medical Center, UCLA Medical Center, Santa Monica, Resnick Neuropsychiatric Hospital at UCLA, UCLA Mattel Children's Hospital, and the UCLA Medical Group with its wide-reaching system of primary-care and specialty-care offices throughout the region, UCLA Health System is among the most comprehensive and advanced healthcare systems in the world. Visit us at www.uclahealth.org",2007-09-26T23:51:13Z,US,136016769,582000,False,2024-03-08T00:01:24Z,PT37S,37,en,en-US,false,no_captions_reported,,,,public,False,1183,12,2,0,True,1,Colorectal cancer screening saves lives,7,colorectal cancer screening saves lives by catching cancer early,colorectal cancer screening saves lives by catching cancer early|UCb_JYhqnSdEejiznUm3XNqQ,False,"[{""cancer_domain"": ""colon"", ""search_query"": ""Colorectal cancer screening saves lives"", ""rank"": 7, ""contributor"": ""Yiran"", ""source"": ""CDC fact sheet: Colorectal Cancer Screening Saves Lives"", ""scope_category"": ""Reinforcing screening importance""}]"
batch-yiran-colon-001,2026-09-24T22:03:52.025748+00:00,idh1PscTTY8,https://www.youtube.com/watch?v=idh1PscTTY8,Colorectal Cancer Screening Saves Lives,"Colorectal cancer is the third most common cancer for men and women, and the leading cause of cancer deaths. Frequently, colorectal cancer can be prevented through regular screening.",UCbPLZjxO13AO-CwVD27yJcQ,Gunnison Valley Health,Gunnison Valley Health is a community-owned health system serving Gunnison County. Gunnison Valley Health is proud to provide a comprehensive spectrum of care designed to meet the individual needs of our community and visitors to our beautiful valley from birth through end of life.,2018-04-17T17:55:36Z,,180972,309,False,2023-04-12T14:42:46Z,PT2M36S,156,en,,false,no_captions_reported,,,,public,False,882,1,0,0,True,1,Colorectal cancer screening saves lives,8,colorectal cancer screening saves lives,colorectal cancer screening saves lives|UCbPLZjxO13AO-CwVD27yJcQ,False,"[{""cancer_domain"": ""colon"", ""search_query"": ""Colorectal cancer screening saves lives"", ""rank"": 8, ""contributor"": ""Yiran"", ""source"": ""CDC fact sheet: Colorectal Cancer Screening Saves Lives"", ""scope_category"": ""Reinforcing screening importance""}]"
batch-yiran-colon-001,2026-09-24T22:03:52.025748+00:00,YIVD4N97iPA,https://www.youtube.com/watch?v=YIVD4N97iPA,Colorectal Cancer Screening Saves Lives,"This is the official NBC Palm Springs Youtube channel, where you'll find all your local Palm Springs broadcasts and other news content! 

📲You can find us on all of our other social media platforms, and we're always finding news stories and events to broadcast to this channel and our news network.

You can find all our news stories, live broadcasts, and other social media at our website www.nbcpalmsprings.com/. 

#NBCPalmSprings #PalmSprings #CoachellaValley",UCJogODH1hfW7L7PxiWRiTJw,NBC Palm Springs,"The NBC Palm Springs team is a family that works around the clock to connect you to what matters. From local breaking news to milestone moments in technology, entertainment, and more, the team at NBC Palm Springs is dedicated to serving the community.  We are constantly streaming our most recent broadcast at NBCPalmSprings.com",2020-05-18T19:12:19.867719Z,US,2325392,7670,False,2022-03-15T01:57:11Z,PT3M12S,192,en-US,en,true,captions_reported_available,,,,public,False,26,0,0,0,True,1,Colorectal cancer screening saves lives,9,colorectal cancer screening saves lives,colorectal cancer screening saves lives|UCJogODH1hfW7L7PxiWRiTJw,False,"[{""cancer_domain"": ""colon"", ""search_query"": ""Colorectal cancer screening saves lives"", ""rank"": 9, ""contributor"": ""Yiran"", ""source"": ""CDC fact sheet: Colorectal Cancer Screening Saves Lives"", ""scope_category"": ""Reinforcing screening importance""}]"
batch-yiran-colon-001,2026-09-24T22:03:52.025748+00:00,D_7sPKnhQbg,https://www.youtube.com/watch?v=D_7sPKnhQbg,Colorectal cancer screening saves lives,"Regular colorectal cancer screening is one of the most powerful weapons against colon cancer. Why is this important? Because colorectal cancer is the third most commonly diagnosed cancer in both men and women. Watch for details on Tammy Walker Cancer Center’s colon cancer screening event through the month of March.
 
The PULSE is sponsored by Salina Regional Health Center and airs every Monday at 12:30pm on KSN as a part of Good Day Kansas.",UCh5iiTCC2H-nhQm7f2AB5hg,Salina Regional Health Center,,2015-07-06T15:25:32Z,,236691,909,False,2021-03-01T20:17:19Z,PT3M17S,197,en,,false,no_captions_reported,,,,public,False,85,1,0,0,True,1,Colorectal cancer screening saves lives,10,colorectal cancer screening saves lives,colorectal cancer screening saves lives|UCh5iiTCC2H-nhQm7f2AB5hg,False,"[{""cancer_domain"": ""colon"", ""search_query"": ""Colorectal cancer screening saves lives"", ""rank"": 10, ""contributor"": ""Yiran"", ""source"": ""CDC fact sheet: Colorectal Cancer Screening Saves Lives"", ""scope_category"": ""Reinforcing screening importance""}]"
batch-yiran-colon-001,2026-09-24T22:03:52.025748+00:00,ZmaYNxzjrBU,https://www.youtube.com/watch?v=ZmaYNxzjrBU,What should I do if I have polyps in my colon? - Dr. Michael Wallace,Dr. Michael Wallace explains the treatment of colorectal polyps. Mayo Clinic joins Fight Colorectal Cancer for #80by2018. Learn more about colorectal cancer on Mayo Clinic Connect: http://mayocl.in/ColorectalCancer.,UC8fQzKHIhSoZeSq3bwQx4mw,Mayo Clinic,"Mayo Clinic is a nonprofit worldwide leader in medical care, research and education for people from all walks of life. Doctors from every medical specialty work together to care for patients, joined by common systems and a philosophy of ""the needs of the patient come first."" Our headquarters are located in Rochester, MN, while we have campuses in Florida and Arizona.

Looking to connect with others facing similar health issues? Check out Mayo Clinic Connect — an online community where you can share your experiences, ask questions and find support from people like you.

Mayo Clinic locations and more: https://www.mayoclinic.org/about/
Detailed list of all our phone numbers: https://www.mayoclinic.org/contact/

*For the safety of our patients, staff and visitors, Mayo Clinic has strict masking policies in place. Anyone shown without a mask was either recorded prior to COVID-19 or recorded in a non-patient care area where social distancing and other safety protocols were followed.
",2006-06-16T03:47:20Z,US,497586636,1260000,False,2018-03-01T15:51:12Z,PT35S,35,en,en,true,captions_reported_available,,,,public,False,88420,315,,0,True,2,Can screening prevent colorectal cancer by finding and removing polyps?,2,what should i do if i have polyps in my colon? - dr. michael wallace,what should i do if i have polyps in my colon? - dr. michael wallace|UC8fQzKHIhSoZeSq3bwQx4mw,False,"[{""cancer_domain"": ""colon"", ""search_query"": ""Can screening prevent colorectal cancer by finding and removing polyps?"", ""rank"": 2, ""contributor"": ""Yiran"", ""source"": ""NCI: Screening Tests to Detect Colorectal Cancer and Polyps"", ""scope_category"": ""Reinforcing screening importance""}, {""cancer_domain"": ""colon"", ""search_query"": ""What if polyps were found during my colonoscopy?"", ""rank"": 2, ""contributor"": ""Yiran"", ""source"": ""American Cancer Society: What to Know If Polyps Were Found"", ""scope_category"": ""Next steps if diagnosed""}]"
batch-yiran-colon-001,2026-09-24T22:03:52.025748+00:00,vYmaoEI-6EI,https://www.youtube.com/watch?v=vYmaoEI-6EI,What Percentage of Colon Polyps are Cancerous? • Precancerous Polyps | Los Angeles Surgery,"Precancerous polyps can pose as signs of future colon cancer; therefore it's important to remove them if found. However, what percentage of colon polyps are cancerous? Learn more about precancerous polyps at http://colonoscopymd.com/polyps.

What percentage of Polyps are Cancerous? This is a common question many patients ask us at the Colonoscopy Center of Excellence in Los Angeles. Listen to Dr. Siamak Tabib as he discusses some guidelines that people can follow.",UCVLOLzRT-gOQPbqWOneIstA,La Peer,"La Peer Health Systems
8920 Wilshire Blvd #101
Beverly Hills, CA 90211
(866) 629-0564

La Peer Health Systems is an outpatient surgery center in Beverly Hills, founded by doctors and focused on providing excellent patient care alongside the most cutting-edge medical treatments available. With 50 world-renowned physicians in 14 specialties, comprehensive medical treatment is offered that takes patients from consultation to diagnosis, treatment, surgery, and ultimately aftercare.

One of the reasons we have so many satisfied patients and excellent outcomes is because unlike large hospitals, our unique structure allows us to offer extremely personal care in a safe and controlled environment. Also, Becker's ASC Review named La Peer as one of the 100 Greatest Places to Work. 

Call (855) 360-9119 to schedule an appointment with one of our world-renowned physicians.",2010-05-06T21:07:01Z,US,4249803,5760,False,2012-11-14T06:56:10Z,PT2M23S,143,en,en,true,captions_reported_available,,,,public,False,174583,1740,305,0,True,2,Can screening prevent colorectal cancer by finding and removing polyps?,3,what percentage of colon polyps are cancerous? • precancerous polyps | los angeles surgery,what percentage of colon polyps are cancerous? • precancerous polyps | los angeles surgery|UCVLOLzRT-gOQPbqWOneIstA,False,"[{""cancer_domain"": ""colon"", ""search_query"": ""Can screening prevent colorectal cancer by finding and removing polyps?"", ""rank"": 3, ""contributor"": ""Yiran"", ""source"": ""NCI: Screening Tests to Detect Colorectal Cancer and Polyps"", ""scope_category"": ""Reinforcing screening importance""}, {""cancer_domain"": ""colon"", ""search_query"": ""What if polyps were found during my colonoscopy?"", ""rank"": 3, ""contributor"": ""Yiran"", ""source"": ""American Cancer Society: What to Know If Polyps Were Found"", ""scope_category"": ""Next steps if diagnosed""}]"
batch-yiran-colon-001,2026-09-24T22:03:52.025748+00:00,6EDz1EsLC_8,https://www.youtube.com/watch?v=6EDz1EsLC_8,Screening for polyps and colon cancer,"Bowel cancer screening is one of the most effective ways to detect problems early—but it can also cause understandable concern and confusion. In this video, we explain the facts clearly and calmly, so you can make sense of what screening means for you.

In the UK, screening is offered using the Faecal Immunochemical Test (FIT) between the ages of 50 and 74. This simple at-home stool test looks for tiny, invisible traces of blood (occult blood) that may come from the lining of the bowel.

A positive FIT result does not mean cancer. It simply acts as a filter, identifying individuals who would benefit from a more definitive examination of the bowel—such as a colonoscopy or a less invasive colon capsule endoscopy.

It’s important to keep this in perspective.

As we get older, bowel polyps become quite common. However:
* The majority of polyps are small (less than 10mm)
* Most do not contain cancer or precancerous change
* Many are entirely harmless and may never cause problems

The focus of screening is to identify the small group of larger polyps, which are more likely to carry a risk of progression over time. These are the polyps that require priority assessment and removal, usually via colonoscopy, to prevent future cancer development.

In this video, we cover:

* How the FIT test works and why it is used
* What a positive (or negative) result really means
* The difference between small and large polyps
* Why most findings are low risk
* How screening helps prevent bowel cancer, not just detect it

Our aim is to provide balanced, evidence-based reassurance, helping you understand both the value of screening and the reality behind the results.

Screening is not about alarm, it’s about early detection, prevention, and peace of mind.
For more information  www.mige-diagnostics.co.uk
If you found this video helpful, you might wish to subscribe to the channel",UCO9jFF0GG_CuKQvKSU_48Jg,Owen Epstein,Gastroenterology with a twist,2007-09-05T22:26:50Z,GB,221284,799,False,2026-03-18T23:24:39Z,PT9M4S,544,en,,false,no_captions_reported,,,,public,True,41,1,0,0,True,1,Can screening prevent colorectal cancer by finding and removing polyps?,4,screening for polyps and colon cancer,screening for polyps and colon cancer|UCO9jFF0GG_CuKQvKSU_48Jg,False,"[{""cancer_domain"": ""colon"", ""search_query"": ""Can screening prevent colorectal cancer by finding and removing polyps?"", ""rank"": 4, ""contributor"": ""Yiran"", ""source"": ""NCI: Screening Tests to Detect Colorectal Cancer and Polyps"", ""scope_category"": ""Reinforcing screening importance""}]"
batch-yiran-colon-001,2026-09-24T22:03:52.025748+00:00,GG6RU1tPSrs,https://www.youtube.com/watch?v=GG6RU1tPSrs,Colonoscopy Can Prevent Colon Cancer,"Colon cancer can be prevented with screening colonoscopy, a simple test that lets doctors find polyps and remove them before they can become cancer. Learn more from Dr. Maykel, and ask your doctor about screening.
http://www.umassmemorial.org
Find a Physician: http://physicians.umassmemorial.org
Ask the Expert: http://www.umassmemorial.org/asktheexpert
Connect with Us: http://www.facebook.com/umassmemorial 
Twitter: http://www.twitter.com/umassmemorial",UC7qEVCiRh8S7V-dlbWN0OpA,UMass Memorial Health,"UMass Memorial Health is the largest health care system in Central Massachusetts. We are the clinical partner of the University of Massachusetts Medical School, with access to the latest technology, research and clinical trials. Learn more at www.ummhealth.org. #UMassMemorialHealth
",2010-04-16T20:01:48Z,US,4189092,3050,False,2013-06-06T13:33:50Z,PT2M6S,126,en,en,false,no_captions_reported,,,,public,False,342,1,0,0,True,1,Can screening prevent colorectal cancer by finding and removing polyps?,5,colonoscopy can prevent colon cancer,colonoscopy can prevent colon cancer|UC7qEVCiRh8S7V-dlbWN0OpA,False,"[{""cancer_domain"": ""colon"", ""search_query"": ""Can screening prevent colorectal cancer by finding and removing polyps?"", ""rank"": 5, ""contributor"": ""Yiran"", ""source"": ""NCI: Screening Tests to Detect Colorectal Cancer and Polyps"", ""scope_category"": ""Reinforcing screening importance""}]"
batch-yiran-colon-001,2026-09-24T22:03:52.025748+00:00,ABChkxVB5ac,https://www.youtube.com/watch?v=ABChkxVB5ac,What is a Polyp? - Colon Cancer Screenings #colon #cancer #health #colonoscopy,"You're finished with your colonoscopy and your doctor found a poylp. Now what? Dr. Towner Lapp, an Avera gastroenterologist, breaks down what polyps are and how they are treated so you can breathe easier. To schedule your colonoscopy, visit Avera.org/Colon.",UC5oZSRG_PQ3Hf1DSlK5WeCg,Avera Health,"Health care guided by Christian values. Committed to making a positive impact on people and communities in SD, IA, MN, NE and ND. #MovingHealthForward",2011-09-28T15:22:49Z,,5535865,10300,False,2025-04-30T17:00:11Z,PT13S,13,en,en-US,false,no_captions_reported,,,,public,False,34747,103,,0,True,1,Can screening prevent colorectal cancer by finding and removing polyps?,6,what is a polyp? - colon cancer screenings #colon #cancer #health #colonoscopy,what is a polyp? - colon cancer screenings #colon #cancer #health #colonoscopy|UC5oZSRG_PQ3Hf1DSlK5WeCg,False,"[{""cancer_domain"": ""colon"", ""search_query"": ""Can screening prevent colorectal cancer by finding and removing polyps?"", ""rank"": 6, ""contributor"": ""Yiran"", ""source"": ""NCI: Screening Tests to Detect Colorectal Cancer and Polyps"", ""scope_category"": ""Reinforcing screening importance""}]"
batch-yiran-colon-001,2026-09-24T22:03:52.025748+00:00,3iCMbjoEMBg,https://www.youtube.com/watch?v=3iCMbjoEMBg,(News) Life-saving measures to help prevent colorectal cancer,"March is National Colorectal Cancer Awareness Month

Dr. Kyle Barnett with Granite Peaks Gastroenterology and Ron Fuller a colorectal cancer screening advocate talk more about the significance of raising awareness of the disease.

Raising awareness is also an opportunity to drawing attention to potentially lifesaving actions people can take.

When men and women are combined, colorectal cancer is the second leading cause of cancer deaths.

Colorectal cancer is one of only a few cancers that can be prevented.

Through proper colorectal cancer screening, doctors can find and remove hidden growths (called ""polyps"") in the colon, before they become cancerous. Removing polyps can prevent cancer altogether. Screening can also result in finding cancer early, when it is easier to treat and more likely to be curable.

Experts say this year in Utah, an estimated 780 people will be diagnosed with colorectal cancer, and an estimated 280 people will die from the disease.

Contact Us: https://www.granitepeaksgi.com/reques...

Follow Granite Peaks Gastroenterology on:
Facebook: https://www.facebook.com/Granite-Peak...
Twitter: https://twitter.com/GranitePeaksGI",UCD41HQR1BaY2D1B5dmXuJvQ,Granite Peaks Gastroenterology,"Problems of the digestive tract are no picnic. They can be painful, persistent, and even dangerous. In addition to being essential to your overall health, your gastrointestinal (GI) tract is a complex network that requires highly specialized medical care. It also demands attention and commitment to your needs... and to resolving your problem at its source.

At Granite Peaks Gastroenterology, our physicians and professional, caring staff address all your digestive health concerns. Our skilled specialists consider our patient’s overall health in the treatment of their digestive health conditions. Our board-certified GI specialists, see patients in office and for procedures. They are committed to medical excellence for every patient. 

Sandy Office:
1393 E. Sego Lily Drive
Sandy, Utah 84092

Endoscopy Center: 
10150 S. Petunia Way 
Sandy, UT 84092
(801) 619-9000

Lehi Office:
2961 W Maple Loop Drive, Suite 220
Lehi, Utah 84043
(801) 619-9000",2018-09-12T21:09:50Z,US,407643,1310,False,2018-09-24T21:08:31Z,PT4M18S,258,en,,false,no_captions_reported,,,,public,False,284,0,0,0,True,1,Can screening prevent colorectal cancer by finding and removing polyps?,7,(news) life-saving measures to help prevent colorectal cancer,(news) life-saving measures to help prevent colorectal cancer|UCD41HQR1BaY2D1B5dmXuJvQ,False,"[{""cancer_domain"": ""colon"", ""search_query"": ""Can screening prevent colorectal cancer by finding and removing polyps?"", ""rank"": 7, ""contributor"": ""Yiran"", ""source"": ""NCI: Screening Tests to Detect Colorectal Cancer and Polyps"", ""scope_category"": ""Reinforcing screening importance""}]"
batch-yiran-colon-001,2026-09-24T22:03:52.025748+00:00,2IBGGmW3gWU,https://www.youtube.com/watch?v=2IBGGmW3gWU,What Happens If A Polyp Is Found During Your Colonoscopy? - Colon Health Channel,"What Happens If A Polyp Is Found During Your Colonoscopy? Have you ever wondered what happens if a polyp is found during your colonoscopy? In this informative video, we'll explain everything you need to know about polyps and their role in colon health. We'll start by discussing what a polyp is and how it can be detected during a colonoscopy. We'll cover the different methods used to remove polyps of various sizes and types, including techniques like cold snare and hot snare polypectomy, as well as endoscopic mucosal resection. You'll learn about the importance of testing removed polyps through biopsy to determine if they are benign, precancerous, or cancerous. We’ll also explain what the results mean for your future screenings and health management. Additionally, we'll discuss potential follow-up procedures, including additional colonoscopies or, in rare cases, surgery. Removing polyps during colonoscopy is a highly effective way to decrease the risk of colorectal cancer. Finding a polyp is an opportunity for early intervention and prevention. Whether you're preparing for a colonoscopy or want to understand the process better, this video provides essential information to help you stay informed about colon health and cancer prevention. Subscribe to our channel for more helpful health tips and updates.

⬇️ Subscribe to our channel for more valuable insights.

🔗Subscribe: https://www.youtube.com/@ColonHealthChannel/?sub_confirmation=1 

#ColonHealth #ColonCancerPrevention #Polyps #Colonoscopy #HealthTips #CancerScreening #EarlyDetection #PreventCancer #Gastroenterology #HealthEducation #CancerAwareness #MedicalTips #DigestiveHealth #ScreeningGuidelines #HealthKnowledge 

About Us: Welcome to the Colon Health Channel! Our mission is to provide essential information on colorectal health, focusing on topics like colorectal cancer symptoms, colon cancer screening, rectal cancer signs, and the stages of colorectal cancer. We also cover treatment options, risk factors, surgery for colorectal cancer, and living with the condition. Our friendly tone aims to make complex health issues more approachable for everyone. The content provided is for general informational and educational purposes only. It is not intended to substitute for professional medical advice, diagnosis, or treatment. Never disregard professional medical advice or delay seeking it because of something you have seen in this content. Never rely on this information in place of consulting with qualified healthcare professionals. The creators and distributors of this content are not responsible for any adverse effects or consequences resulting from the use of any suggestions, preparations, or procedures described in this material. Always consult with your healthcare provider before starting any new health-related practice or program.",UC9hvmN4dfcHQIH6NkO_sboQ,Colon Health Channel,"Welcome to the Colon Health Channel! Our mission is to provide essential information on colorectal health, focusing on topics like colorectal cancer symptoms, colon cancer screening, rectal cancer signs, and the stages of colorectal cancer. We also cover treatment options, risk factors, surgery for colorectal cancer, and living with the condition. Our friendly tone aims to make complex health issues more approachable for everyone.

DISCLAIMER: This content is independently created by Colon Health Channel and is presented for informational purposes only. We maintain no affiliation, partnership, or formal relationship with any individuals, organizations, companies, or products featured in this content. All trademarks and brand names mentioned are acknowledged as the property of their respective owners. While we strive for accuracy, we encourage viewers to verify current information through official channels and authorized sources.
",2025-03-31T18:21:13.875811Z,US,193075,443,False,2025-09-11T09:14:40Z,PT3M6S,186,en,en,false,no_captions_reported,,,,public,False,47,0,0,0,True,1,Can screening prevent colorectal cancer by finding and removing polyps?,8,what happens if a polyp is found during your colonoscopy? - colon health channel,what happens if a polyp is found during your colonoscopy? - colon health channel|UC9hvmN4dfcHQIH6NkO_sboQ,False,"[{""cancer_domain"": ""colon"", ""search_query"": ""Can screening prevent colorectal cancer by finding and removing polyps?"", ""rank"": 8, ""contributor"": ""Yiran"", ""source"": ""NCI: Screening Tests to Detect Colorectal Cancer and Polyps"", ""scope_category"": ""Reinforcing screening importance""}]"
batch-yiran-colon-001,2026-09-24T22:03:52.025748+00:00,mJRDXgzXNrY,https://www.youtube.com/watch?v=mJRDXgzXNrY,Dr. Adam Hafemeister: Can Polyps Be Removed During a Screening Colonoscopy,"Many people wonder what happens if a polyp is found during their screening colonoscopy. Can it be removed right away? Would a second procedure have to be scheduled to remove it? Dr. Adam Hafemeister, with Austin Gastroenterology says yes, most of the time polyps can be removed during the initial screening colonoscopy. Only rarely, depending on the size and a few other situations, would a patient need to come back for a second colonoscopy to have the polyp removed.  Remember, a colonoscopy is the only screening option that can both detect AND prevent colon cancer at the same time. Our goal is to catch & remove colon polyps before they have a chance to develop into cancer. Everyone 45+ should start a conversation with their physician about their family history of colon polyps and colon cancer to determine the age you should start screening. Most people with average risk should have their first screening at age 50.",UCHyyBhg3uYvLYh-4wK2RDPg,Austin Gastroenterology,"At Austin Gastroenterology, we stand behind our reputation as Austin's trusted resource for comprehensive GI and Liver care since 1980.  Your digestive health has a fundamental impact on your quality of life. At Austin Gastro we make your treatment, comfort and convenience our top priorities. From the design and operation of our facilities to appointments, procedures and follow-ups, we put you at the center of our practice.

The Austin Gastro team consists of more than 34 physicians specializing in gastroenterology, hepatology, advanced endoscopic procedures, and nutrition. We have 18 clinics conveniently located to serve our patients throughout the greater Austin area and the surrounding communities of Georgetown, Round Rock, Kyle, Lakeway, Marble Falls, Manor, Cedar Park, and Bastrop.",2017-07-12T21:04:50Z,,109740,254,False,2020-01-23T21:50:09Z,PT32S,32,en,,false,no_captions_reported,,,,public,False,2023,6,1,0,True,1,Can screening prevent colorectal cancer by finding and removing polyps?,9,dr. adam hafemeister: can polyps be removed during a screening colonoscopy,dr. adam hafemeister: can polyps be removed during a screening colonoscopy|UCHyyBhg3uYvLYh-4wK2RDPg,False,"[{""cancer_domain"": ""colon"", ""search_query"": ""Can screening prevent colorectal cancer by finding and removing polyps?"", ""rank"": 9, ""contributor"": ""Yiran"", ""source"": ""NCI: Screening Tests to Detect Colorectal Cancer and Polyps"", ""scope_category"": ""Reinforcing screening importance""}]"
batch-yiran-colon-001,2026-09-24T22:03:52.025748+00:00,VkIZ-Vr-NDc,https://www.youtube.com/watch?v=VkIZ-Vr-NDc,Most common colon cancer symptom,"The most common symptom of colon cancer is none at all. If you’re 45 or older, or have a family history of colorectal cancer, get screened!

Take our free screening quiz and learn your screening options 👉 quiz.getscreened.org",UChk_2XJ0-AcqeSfvyBrAANA,Colorectal Cancer Alliance,"We are the Colorectal Cancer Alliance. A non-profit organization, working with our nation of passionate allies. We exist to screen, care, and cure colorectal (colon and rectal) cancer within our lifetime. Newly diagnosed or need support? Call our free Helpline at (877) 422-2030 or visit colorectalcancer.org.

",2009-01-14T21:33:27Z,US,22592807,19800,False,2024-06-12T22:30:15Z,PT16S,16,en,,false,no_captions_reported,,,,public,False,871135,6312,677,0,True,1,Can screening prevent colorectal cancer by finding and removing polyps?,10,most common colon cancer symptom,most common colon cancer symptom|UChk_2XJ0-AcqeSfvyBrAANA,False,"[{""cancer_domain"": ""colon"", ""search_query"": ""Can screening prevent colorectal cancer by finding and removing polyps?"", ""rank"": 10, ""contributor"": ""Yiran"", ""source"": ""NCI: Screening Tests to Detect Colorectal Cancer and Polyps"", ""scope_category"": ""Reinforcing screening importance""}]"
batch-yiran-colon-001,2026-09-24T22:03:52.025748+00:00,SAcKXk-8J9A,https://www.youtube.com/watch?v=SAcKXk-8J9A,What Happens If You Have Colon Poylps?,"What happens if you have a colon polyp? Do colon polyps cause colon cancer? In this video, we will discuss these questions and many others that patients typically have after finding out that they have colon polyps.

Watch the video to learn about what colon polyps are, if you can tell whether or not you have them, if they are common, do polyps cause colon cancer, what polyps look like, whether you will need surgery to remove them, are polyps painful, whether you can do things to prevent them, and more. 

SUBSCRIBE to the Channel for More Content: ?sub_confirmation=1

Be Sure to Check Out Other Relevant Content:
- Time for a Colonoscopy: https://youtu.be/vco6Wo4vWXY
- When & Why Have A Colonoscopy?: https://youtu.be/c8p2m8W9PXw
- How to Plan for A Colonoscopy?: https://youtu.be/zn6vZX2Sh-4

DISCLAIMER: While I am a Gastroenterologist, I am not acting as your Gastroenterologist. The information provided on this channel is intended to be general educational content and not directed towards any one individual. If you believe you have a medical condition that deserves attention please seek care from your healthcare provider. If you are experiencing a life threatening emergency, call 911.",UCQSH8alK6dL11aj2YT1I8Vg,"Mark Cooper, MD","I'm Mark Cooper - a board ceritified gastroenterologist - these videos are a fun and easy way to learn about all things GI!

Understanding your gut and how to keep it healthy is complicated! I provide clarity on common, and not so common,  GI topics in a fun and relatable way!

Ask questions in the comment sections and we will try to make a video on the topics you find most interesting!

We upload a new video every Monday morning. Please SUBSCRIBE so you are altered when new content is released!

Lets have some fun!

ABIM Certification: https://www.abim.org/verify-physician?type=id&id=366080
",2020-08-18T14:41:16.174265Z,US,5497813,31200,False,2021-12-27T14:00:10Z,PT4M30S,270,en,en,false,no_captions_reported,,,,public,False,76600,1398,209,0,True,1,What if polyps were found during my colonoscopy?,1,what happens if you have colon poylps?,what happens if you have colon poylps?|UCQSH8alK6dL11aj2YT1I8Vg,False,"[{""cancer_domain"": ""colon"", ""search_query"": ""What if polyps were found during my colonoscopy?"", ""rank"": 1, ""contributor"": ""Yiran"", ""source"": ""American Cancer Society: What to Know If Polyps Were Found"", ""scope_category"": ""Next steps if diagnosed""}]"
batch-yiran-colon-001,2026-09-24T22:03:52.025748+00:00,7PkKZmKjGUA,https://www.youtube.com/watch?v=7PkKZmKjGUA,What happens after polyp biopsy?,"Learn more about colonoscopy at http://www.YouAndColonoscopy.com  
If a polyp or other abnormality is found during your colonoscopy, it will be removed by a biopsy or polypectomy, and the sample will be sent to a lab for analysis. In this video, Dr. Echavarria and Dr. Gelrud explain that a specially trained doctor (known as a pathologist) will closely examine the sample to check for signs of cancer or pre-cancer. It may take 1-2 weeks to receive the results of the biopsy from your doctor. A benign (non-cancer) result means that your risk of cancer is zero. However, many polyps that get removed do carry a low risk of turning into cancer. If the tissue sample is pre-cancerous you will need to meet with your doctor again. If you had pre-cancerous polyps removed it is good news, since you no longer have those polyps in your body. Patients who have polyps have a higher risk of developing more polyps in the future, so be sure to talk with your doctor about when your repeat colonoscopy should be scheduled.",UCxRMPVKLFrfFQH5FAQLrKLw,You and Colonoscopy,"This evidence-based channel was developed by expert physicians to help you learn about a variety of topics patients have about colonoscopy and related areas of interest, such as colon anatomy, bowel prep medications, dietary restrictions, screening practices and risk factors for colorectal cancer, and what to talk about with your doctor before having a colonoscopy. We hope this resource will be useful to you, but it is not a substitute for the medical advice of your doctor. If you are thinking about having a colonoscopy, please speak with your doctor so you can get the information you need.",2016-06-29T15:11:02Z,CA,26859679,54800,False,2016-12-21T15:47:24Z,PT1M53S,113,en,en,true,captions_reported_available,,,,public,False,104808,463,8,0,True,1,What if polyps were found during my colonoscopy?,4,what happens after polyp biopsy?,what happens after polyp biopsy?|UCxRMPVKLFrfFQH5FAQLrKLw,False,"[{""cancer_domain"": ""colon"", ""search_query"": ""What if polyps were found during my colonoscopy?"", ""rank"": 4, ""contributor"": ""Yiran"", ""source"": ""American Cancer Society: What to Know If Polyps Were Found"", ""scope_category"": ""Next steps if diagnosed""}]"
batch-yiran-colon-001,2026-09-24T22:03:52.025748+00:00,AVhUYbWd3O0,https://www.youtube.com/watch?v=AVhUYbWd3O0,What Do Your Colonoscopy RESULTS MEAN??,"Congratulations on finally completing your colonoscopy. I really hope that it was easier than you expected and you had a positive experience with your team. I'm sure when you woke up, you were eager to learn about what the GI doctor found during your exam. While I cant speak to your specific results, I can give you some guidelines on how to understand what the GI doctor/team is talking about!

Since this is colon cancer screening, most peoples' first question is - did you find cancer? This is really rare. Most of the time, we either find nothing, diverticulosis or hemorrhoids. Polyps are also a common finding, but it is important to understand that polyps are not cancer. Did we remove the polyps? Or were they biopsied? I'll discuss when we remove and when we biopsy in the video. If we do biopsy, when will we get the pathology results back? And how do the pathology results affect when you will have another colonoscopy?  How many factors contribute to when your next colonoscopy will be?

What if we found a tumor? What next? Ill talk about this as well.

Look forward to more videos concerning questions people have after colonoscopies!

SUBSCRIBE to the Channel for More Content: ?sub_confirmation=1

Be Sure to Check Out Other Relevant Content:
- Common QUESTIONS Patients Ask AFTER Their COLONOSCOPY: https://youtu.be/5IJdhC_TKUQ
- When is it TIME to STOP Colon Cancer Screening?: https://youtu.be/Ykyoc231akE
-How to Decide Your Colon Cancr Screening Method?: https://youtu.be/gMtMtJsRmw4e
- DONT Follow:  These TikTok Colonoscopy Prep Tips:  https://youtu.be/uV3hEH4BvC8
- How to Endure a Clear Liquid Diet: https://youtu.be/PwXeh0RvRuM
- Time for A Colonoscopy: https://youtu.be/vco6Wo4vWXY
- When & Why Have a Colonoscopy: https://youtu.be/c8p2m8W9PXw
- How to Plan for A Colonoscopy: https://youtu.be/zn6vZX2Sh-4
- Cant Handle Colonoscopy Prep - Watch This: https://youtu.be/uJX44uYqMws
- Never Would I Ever Colonoscopy Edition: https://youtu.be/t_aaM1zhsl4
- Do Colonoscopies Actually Prevent Colon Cancer: https://youtu.be/K-VThlZEzMU

DISCLAIMER: While I am a Gastroenterologist, I am not acting as your Gastroenterologist. The information provided on this channel is intended to be general educational content and not directed towards any one individual. If you believe you have a medical condition that deserves attention please seek care from your healthcare provider. If you are experiencing a life threatening emergency, call 911.",UCQSH8alK6dL11aj2YT1I8Vg,"Mark Cooper, MD","I'm Mark Cooper - a board ceritified gastroenterologist - these videos are a fun and easy way to learn about all things GI!

Understanding your gut and how to keep it healthy is complicated! I provide clarity on common, and not so common,  GI topics in a fun and relatable way!

Ask questions in the comment sections and we will try to make a video on the topics you find most interesting!

We upload a new video every Monday morning. Please SUBSCRIBE so you are altered when new content is released!

Lets have some fun!

ABIM Certification: https://www.abim.org/verify-physician?type=id&id=366080
",2020-08-18T14:41:16.174265Z,US,5497813,31200,False,2023-07-17T22:00:07Z,PT5M6S,306,en,en,false,no_captions_reported,,,,public,False,34064,741,100,0,True,1,What if polyps were found during my colonoscopy?,5,what do your colonoscopy results mean??,what do your colonoscopy results mean??|UCQSH8alK6dL11aj2YT1I8Vg,False,"[{""cancer_domain"": ""colon"", ""search_query"": ""What if polyps were found during my colonoscopy?"", ""rank"": 5, ""contributor"": ""Yiran"", ""source"": ""American Cancer Society: What to Know If Polyps Were Found"", ""scope_category"": ""Next steps if diagnosed""}]"
batch-yiran-colon-001,2026-09-24T22:03:52.025748+00:00,7ftxMxNL-Xw,https://www.youtube.com/watch?v=7ftxMxNL-Xw,"""My Colonoscopy Found 5 Polyps""","Sherry Davis of Woodhull Medical and Mental Health Center says, ""I have had two colonoscopies and polyps were found both times. Colon cancer is preventable.""",UC40VvWKyWExL9mZ42pAq9Uw,NYC Health + Hospitals,"The NYC Health + Hospitals Corporation is the largest municipal hospital and health care system in the country. We provide high-quality and affordable health care services to all New Yorkers. For appointments, call 1-844-NYC-4NYC.",2009-08-12T19:12:03Z,US,45861210,8320,False,2011-07-12T19:43:41Z,PT1M34S,94,en,,false,no_captions_reported,,,,public,False,5617,53,8,0,True,1,What if polyps were found during my colonoscopy?,6,"""my colonoscopy found 5 polyps""","""my colonoscopy found 5 polyps""|UC40VvWKyWExL9mZ42pAq9Uw",False,"[{""cancer_domain"": ""colon"", ""search_query"": ""What if polyps were found during my colonoscopy?"", ""rank"": 6, ""contributor"": ""Yiran"", ""source"": ""American Cancer Society: What to Know If Polyps Were Found"", ""scope_category"": ""Next steps if diagnosed""}]"
batch-yiran-colon-001,2026-09-24T22:03:52.025748+00:00,z9KfQqW1t8w,https://www.youtube.com/watch?v=z9KfQqW1t8w,What happens when you DON’T get your colonoscopy…,Let’s make 2024 the year of colon cancer screening! #coloncancer #colonoscopy #polyps,UCLbidg2ZT49dWrxDkwNKr0g,Doc Schmidt,I'm a GI doctor who makes funny and educational videos about the world of healthcare. Hope you enjoy!,2016-01-17T03:38:19Z,,539181928,665000,False,2024-01-17T22:00:27Z,PT47S,47,en,en,false,no_captions_reported,,,,public,False,46271,2461,178,0,True,1,What if polyps were found during my colonoscopy?,8,what happens when you don’t get your colonoscopy…,what happens when you don’t get your colonoscopy…|UCLbidg2ZT49dWrxDkwNKr0g,False,"[{""cancer_domain"": ""colon"", ""search_query"": ""What if polyps were found during my colonoscopy?"", ""rank"": 8, ""contributor"": ""Yiran"", ""source"": ""American Cancer Society: What to Know If Polyps Were Found"", ""scope_category"": ""Next steps if diagnosed""}]"
batch-yiran-colon-001,2026-09-24T22:03:52.025748+00:00,dHs7SRxjhts,https://www.youtube.com/watch?v=dHs7SRxjhts,Found colon polyp now what?,"So you had a colonoscopy and a colon polyp was found. Before you start freaking out colon polyps are fairly common most are benign but some can be pre-cancerous. In this video I cover what happens next after a colon polyp is found. 

#colon #coloncancer #colonoscopy 
_________________________________________________

Follow me on instagram: https://www.instagram.com/the_neighborhood_doc/

Check out my blog for more reliable and educational health information.
https://www.drjaspreetsingh.com
________________________________________________________________________

My video equipment 
Camera: https://amzn.to/3JNEH0r 
Tripod: https://amzn.to/3ZniHiG 
Mic: https://amzn.to/3JNER83 
Computer: https://amzn.to/3TRFDWf 
SD card: https://amzn.to/40irSlS 
SD card adapter: https://amzn.to/3KcbzS9 

My medical equipment 
My stethoscope: https://amzn.to/3HQ0zZ4
Arm blood pressure cuff for home: https://amzn.to/42vmpZG
Wrist blood pressure cuff for home: https://amzn.to/42fbGTl
Pulse oximeter: https://amzn.to/3LKnBBO
Thermometer: https://amzn.to/3M71Zjd
________________________________________________________________________

Chapters
00:00 intro
00:48 What is a colon polyp?
01:08 Factors of colon polyp
01:32 Size of polyp
02:38 Surveillance colonoscopy 
03:18 how to reduce risk of colon polyps
03:49 outro

*The content of this video is NOT meant to be medical advice, it's for information purposes only. Always consult with your personal physician before making any changes to your health regimen. The video is accurate at the time of posting date but may not be accurate in the future.",UC1czSkENlhorayWIAB715cg,The Neighborhood Doc,"Dr. Jaspreet Singh D.O.
Board certified actively practicing Internal Medicine Physician
With experience in inpatient medicine (hospitalist), home visiting PCP, skilled nursing facility, hospice and home health 
My goal is to enlighten everybody about the field of medicine 
",2022-11-11T19:53:51.241195Z,US,2184570,11600,False,2023-05-31T01:00:23Z,PT4M27S,267,en,en-US,false,no_captions_reported,,,,public,False,5865,148,9,0,True,1,What if polyps were found during my colonoscopy?,9,found colon polyp now what?,found colon polyp now what?|UC1czSkENlhorayWIAB715cg,False,"[{""cancer_domain"": ""colon"", ""search_query"": ""What if polyps were found during my colonoscopy?"", ""rank"": 9, ""contributor"": ""Yiran"", ""source"": ""American Cancer Society: What to Know If Polyps Were Found"", ""scope_category"": ""Next steps if diagnosed""}]"
batch-yiran-colon-001,2026-09-24T22:03:52.025748+00:00,I89CdN4pEKo,https://www.youtube.com/watch?v=I89CdN4pEKo,What Happens If You Find A Polyp During A Colonoscopy?,"What Happens If You Find A Polyp During A Colonoscopy?

Valerie Dyke, MD describes the process of colonoscopies. They are important in detecting cancer. After the colonoscopy, if something is found, there are a few different ways to respond. If, for example, a polyp is found, the doctor will remove it. If the polyp is too large, however, it typically requires a surgical procedure in order to be removed.",UCywd4x16_E8UrgMhkS55bzg,AHJCancer,"The American Health Journal is a highly rated, award-winning health care television program that airs on PBS and other national network affiliates which reaches over 30 million households. The American Health Journal has received over 91 national and international awards that include over 15 Telly Awards, over 15 Communicator Awards, 7 Vision Awards, 6 Davey Awards, just to mention a few.",2011-10-25T16:46:56Z,,195034,227,False,2013-01-29T17:47:00Z,PT26S,26,en,,false,no_captions_reported,,,,public,False,1317,3,0,0,True,1,What if polyps were found during my colonoscopy?,10,what happens if you find a polyp during a colonoscopy?,what happens if you find a polyp during a colonoscopy?|UCywd4x16_E8UrgMhkS55bzg,False,"[{""cancer_domain"": ""colon"", ""search_query"": ""What if polyps were found during my colonoscopy?"", ""rank"": 10, ""contributor"": ""Yiran"", ""source"": ""American Cancer Society: What to Know If Polyps Were Found"", ""scope_category"": ""Next steps if diagnosed""}]"
batch-yiran-colon-001,2026-09-24T22:03:52.025748+00:00,m3NVIVL0ZJk,https://www.youtube.com/watch?v=m3NVIVL0ZJk,"Colorectal Cancer Diagnosis, Staging and Treatment","During the colorectal cancer diagnosis process, the care team will perform tests to determine the cancer stage and whether it has spread. Watch as an oncologist describes the process, and learn more at https://www.cancercenter.com/cancer-types/colorectal-cancer.

Chapters
00:00 - Tests to Diagnose Colorectal Cancer
0:35 - Staging Colorectal Cancer
1:10 - PET Scans for Colorectal Cancer
2:31 - Treating Metastatic Colorectal Cancer",UCkNrj1l4JLvLX7M42fJoLGw,Cancer Center ,"Cancer Treatment Centers of America® (CTCA) is now City of Hope®, a National Cancer Institute-Designated Comprehensive Cancer Center. At City of Hope, our commitment to the patient experience is the leading force behind our transformation, as we bring City of Hope’s special patient experience and ground-breaking research and treatment to communities nationwide. 

This channel is focused on providing information about cancer, cancer treatment options and living with cancer, previously created and curated by Cancer Treatment Centers of America® (CTCA), which is now brought to you by City of Hope. The information provided on this channel is not intended to replace the advice of a medical professional. Always, speak with a health care provider about health concerns.

To find treatment options and experts for your cancer type, call us at (855) 479-4277 or visit https://www.cancercenter.com

",2007-08-17T19:04:41Z,US,11904381,43300,False,2012-10-23T15:32:33Z,PT2M49S,169,en,,false,no_captions_reported,,,,public,False,13596,55,2,0,True,1,What happens after a colorectal cancer diagnosis? Staging and treatment by stage,1,"colorectal cancer diagnosis, staging and treatment","colorectal cancer diagnosis, staging and treatment|UCkNrj1l4JLvLX7M42fJoLGw",False,"[{""cancer_domain"": ""colon"", ""search_query"": ""What happens after a colorectal cancer diagnosis? Staging and treatment by stage"", ""rank"": 1, ""contributor"": ""Yiran"", ""source"": ""American Cancer Society: colorectal cancer staging; treatment by stage"", ""scope_category"": ""Next steps if diagnosed""}]"
batch-yiran-colon-001,2026-09-24T22:03:52.025748+00:00,Z_wbCHn5EF4,https://www.youtube.com/watch?v=Z_wbCHn5EF4,"Colon Cancer: Once diagnosed, what are the next steps? | Norton Cancer Institute","Michael F. Driscoll, M.D., medical oncologist answers the question, once colon cancer is diagnosed, what are the next steps?

For cancers that seem local/regional meaning contained in one area potentially maybe there's some lymph nodes that look suspicious on the CT scan but no evidence of any spread to let's say the liver or the lungs which would be more of a distant spread and denote a late stage such as stage four.

It's usually stage 1, 2, 3 we would go for surgery as the first option and surgery is really your best chance of cure.

Oftentimes the final stage is not known until the pathology comes back. Sometimes we would look at a colon cancer and say this looks relatively early stage maybe this is a stage one, potentially a stage 2 and we may get the pathology back which shows that the cancer has maybe invaded deeper into the colon or maybe in the pericolorectal tissues which are just outside of the colon or has maybe spread to the lymph nodes and if that's the case then that changes what we're going to do after the surgical resection.

As a general rule with the different stages of colon cancer typically stage 1 people just need a surgical resection and that is generally curative.

Stage 2 depending on your risk factors you may need chemotherapy after the fact.

Stage 3 tends to involve the lymph nodes and we know from clinical trials that people that have lymph node involvement with colon cancer definitively benefit from chemotherapy it decreases their risk of recurrence gives them a better overall survival.

So, those folks definitively need chemotherapy and then stage 4 is spread outside in the colon so it's a distant platastocyst or spread somewhere else most often times its to the liver. 

Colon cancer’s a little bit different cancer than some of the other solid tumor malignancies. When we look at other cancers such as let’s say pancreatic cancer or Cholangiocarcinoma which is a cancer of the biliary tract maybe even with cancer that starts in the liver and then spreads somewhere else, cellular carcinoma, or even lung cancer or breast cancer that tend to be stage four meaning distant metastasis oftentimes these are very difficult to cure.

Colon cancer is a little bit different in that when folks present with a single isolated metastasis or cancer to the liver from the colon and there's no evidence of any spread anywhere else we can still cure some of the stage 4 colon cancers with surgical resection or ablation of the liver metastases in addition to the chemotherapy.


Learn more about colon cancer https://www.NortonHealthcare.com/colonhealth

Same-day appointments available
Should you be diagnosed with colon cancer, we know you will have many questions and want answers right away. We offer same-day appointments with a cancer specialist. Call (502) 629-HOPE for a same-day appointment.

https://nortonhealthcare.com/provider/michael-f-driscoll-md-hematologyoncology

https://nortonhealthcare.com/Pages/cancer.aspx",UCDDlENhQJEyOQS3ZVH65kzg,Norton Healthcare,"Welcome to the official YouTube channel for Norton Healthcare, a leading not-for-profit health care system serving Louisville, Southern Indiana and the surrounding communities.

Here, you’ll find inspiring patient stories, expert health advice, wellness tips, medical innovations, behind-the-scenes moments and the people who make compassionate care possible every day.

From heart and vascular care, neuroscience and cancer treatment to women’s health, orthopedics, pediatrics and primary care, Norton Healthcare is committed to helping our community live healthier lives.

Subscribe for:
• Patient stories and real recovery journeys
• Health and wellness education
• Expert insights from Norton Healthcare providers
• Medical breakthroughs and innovative treatments
• Community events and hospital updates
• Tips for living healthier at every age

Learn more about our services, providers and locations at NortonHealthcare.com.
",2007-10-11T18:05:14Z,US,58328677,119000,False,2013-11-14T19:07:19Z,PT3M3S,183,en,en,true,captions_reported_available,,,,public,False,60467,489,47,0,True,1,What happens after a colorectal cancer diagnosis? Staging and treatment by stage,2,"colon cancer: once diagnosed, what are the next steps? | norton cancer institute","colon cancer: once diagnosed, what are the next steps? | norton cancer institute|UCDDlENhQJEyOQS3ZVH65kzg",False,"[{""cancer_domain"": ""colon"", ""search_query"": ""What happens after a colorectal cancer diagnosis? Staging and treatment by stage"", ""rank"": 2, ""contributor"": ""Yiran"", ""source"": ""American Cancer Society: colorectal cancer staging; treatment by stage"", ""scope_category"": ""Next steps if diagnosed""}]"
batch-yiran-colon-001,2026-09-24T22:03:52.025748+00:00,rCza_Y6UKyA,https://www.youtube.com/watch?v=rCza_Y6UKyA,Your Colon Cancer Stage Explained: Treatment Options & Survival Rates,"Understanding your stage of colon cancer can be the difference between confusion and clarity — between fear and a plan. In this video, I break down the colon cancer staging system (Stages 0 to IV) in simple terms, explain how staging is determined, and most importantly — how it affects treatment options, prognosis, and survival rates.

This video will give you a clear roadmap of what each stage means and why early detection saves lives.",UCGPuQ-mA9Wn1izLuznvwINQ,Paul Del Prado MD,"Learn from the Chief of  General Surgery with decades of experience. 
This channel makes complex medical and surgical concepts easy to understand and apply.
Whether you’re a medical student, nurse, healthcare professional, or simply someone curious about how the body works and how doctors make decisions — you’ll find clear, practical explanations here.
We  break down surgery, anatomy, and clinical medicine into lessons that connect knowledge with real-life patient care.
No jargon. No memorization — just understanding how and why things happen in the operating room and at the bedside.

🩺 What You’ll Learn
Simplified surgical and medical concepts
How doctors think: clinical reasoning & decision-making
Anatomy and pathology made visual and intuitive
Insights for students, clinicians, and the curious mind

Subscribe to see medicine in action and learn to think like a surgeon — one clear concept at a time.
 

",2024-06-21T21:20:49.166385Z,US,638506,2840,False,2025-10-24T01:01:02Z,PT4M16S,256,en-US,en,false,no_captions_reported,,,,public,False,18239,89,10,0,True,1,What happens after a colorectal cancer diagnosis? Staging and treatment by stage,3,your colon cancer stage explained: treatment options & survival rates,your colon cancer stage explained: treatment options & survival rates|UCGPuQ-mA9Wn1izLuznvwINQ,False,"[{""cancer_domain"": ""colon"", ""search_query"": ""What happens after a colorectal cancer diagnosis? Staging and treatment by stage"", ""rank"": 3, ""contributor"": ""Yiran"", ""source"": ""American Cancer Society: colorectal cancer staging; treatment by stage"", ""scope_category"": ""Next steps if diagnosed""}]"
batch-yiran-colon-001,2026-09-24T22:03:52.025748+00:00,xP88P1KM86s,https://www.youtube.com/watch?v=xP88P1KM86s,From Stage IV Colon Cancer Diagnosis to Survivorship,"No symptoms, no problem, right? Wrong. 

Melina's experience with stage IV colorectal cancer at 38 proves it can hide in plain sight. 

Learn more: https://bit.ly/NCSM-CCA. 

#NationalCancerSurvivorsMonth #coloncancer #colorectalcancer #coloncancerawareness #cancersurvivor #survivor #shorts 

Follow us on our other social media channels!
Instagram: https://www.instagram.com/colorectalcanceralliance/
Facebook: https://www.facebook.com/ColorectalCancerAlliance
Twitter: https://twitter.com/CCAlliance
LinkedIn: https://www.linkedin.com/company/colon-cancer-alliance/home/
TikTok: https://www.tiktok.com/@ccalliance",UChk_2XJ0-AcqeSfvyBrAANA,Colorectal Cancer Alliance,"We are the Colorectal Cancer Alliance. A non-profit organization, working with our nation of passionate allies. We exist to screen, care, and cure colorectal (colon and rectal) cancer within our lifetime. Newly diagnosed or need support? Call our free Helpline at (877) 422-2030 or visit colorectalcancer.org.

",2009-01-14T21:33:27Z,US,22592807,19800,False,2023-06-11T23:56:05Z,PT47S,47,en,en,false,no_captions_reported,,,,public,False,158251,3020,218,0,True,1,What happens after a colorectal cancer diagnosis? Staging and treatment by stage,4,from stage iv colon cancer diagnosis to survivorship,from stage iv colon cancer diagnosis to survivorship|UChk_2XJ0-AcqeSfvyBrAANA,False,"[{""cancer_domain"": ""colon"", ""search_query"": ""What happens after a colorectal cancer diagnosis? Staging and treatment by stage"", ""rank"": 4, ""contributor"": ""Yiran"", ""source"": ""American Cancer Society: colorectal cancer staging; treatment by stage"", ""scope_category"": ""Next steps if diagnosed""}]"
batch-yiran-colon-001,2026-09-24T22:03:52.025748+00:00,gh8XANMOITU,https://www.youtube.com/watch?v=gh8XANMOITU,Understanding Colon Cancer Stages: What You Need to Know #ColonCancer #CancerStages #CancerTreatment,,UCGPuQ-mA9Wn1izLuznvwINQ,Paul Del Prado MD,"Learn from the Chief of  General Surgery with decades of experience. 
This channel makes complex medical and surgical concepts easy to understand and apply.
Whether you’re a medical student, nurse, healthcare professional, or simply someone curious about how the body works and how doctors make decisions — you’ll find clear, practical explanations here.
We  break down surgery, anatomy, and clinical medicine into lessons that connect knowledge with real-life patient care.
No jargon. No memorization — just understanding how and why things happen in the operating room and at the bedside.

🩺 What You’ll Learn
Simplified surgical and medical concepts
How doctors think: clinical reasoning & decision-making
Anatomy and pathology made visual and intuitive
Insights for students, clinicians, and the curious mind

Subscribe to see medicine in action and learn to think like a surgeon — one clear concept at a time.
 

",2024-06-21T21:20:49.166385Z,US,638506,2840,False,2025-10-28T19:01:02Z,PT1M,60,en-US,en,false,no_captions_reported,,,,public,False,2143,22,2,0,True,1,What happens after a colorectal cancer diagnosis? Staging and treatment by stage,5,understanding colon cancer stages: what you need to know #coloncancer #cancerstages #cancertreatment,understanding colon cancer stages: what you need to know #coloncancer #cancerstages #cancertreatment|UCGPuQ-mA9Wn1izLuznvwINQ,False,"[{""cancer_domain"": ""colon"", ""search_query"": ""What happens after a colorectal cancer diagnosis? Staging and treatment by stage"", ""rank"": 5, ""contributor"": ""Yiran"", ""source"": ""American Cancer Society: colorectal cancer staging; treatment by stage"", ""scope_category"": ""Next steps if diagnosed""}]"
batch-yiran-colon-001,2026-09-24T22:03:52.025748+00:00,1aUlfj7Zrgw,https://www.youtube.com/watch?v=1aUlfj7Zrgw,Recovering from Colorectal Cancer Surgery - Mayo Clinic,"Tonia Young-Fadok, M.D., a colorectal surgeon at Mayo Clinic in Arizona, discusses what to expect during the recovery process following surgery for colorectal cancer. To learn more about colorectal cancer care at Mayo Clinic, visit: https://mayocl.in/2sDvtQv",UC8fQzKHIhSoZeSq3bwQx4mw,Mayo Clinic,"Mayo Clinic is a nonprofit worldwide leader in medical care, research and education for people from all walks of life. Doctors from every medical specialty work together to care for patients, joined by common systems and a philosophy of ""the needs of the patient come first."" Our headquarters are located in Rochester, MN, while we have campuses in Florida and Arizona.

Looking to connect with others facing similar health issues? Check out Mayo Clinic Connect — an online community where you can share your experiences, ask questions and find support from people like you.

Mayo Clinic locations and more: https://www.mayoclinic.org/about/
Detailed list of all our phone numbers: https://www.mayoclinic.org/contact/

*For the safety of our patients, staff and visitors, Mayo Clinic has strict masking policies in place. Anyone shown without a mask was either recorded prior to COVID-19 or recorded in a non-patient care area where social distancing and other safety protocols were followed.
",2006-06-16T03:47:20Z,US,497586636,1260000,False,2014-07-10T22:06:02Z,PT1M4S,64,en,en,false,no_captions_reported,,,,public,False,33300,111,,0,True,1,What happens after a colorectal cancer diagnosis? Staging and treatment by stage,6,recovering from colorectal cancer surgery - mayo clinic,recovering from colorectal cancer surgery - mayo clinic|UC8fQzKHIhSoZeSq3bwQx4mw,False,"[{""cancer_domain"": ""colon"", ""search_query"": ""What happens after a colorectal cancer diagnosis? Staging and treatment by stage"", ""rank"": 6, ""contributor"": ""Yiran"", ""source"": ""American Cancer Society: colorectal cancer staging; treatment by stage"", ""scope_category"": ""Next steps if diagnosed""}]"
batch-yiran-colon-001,2026-09-24T22:03:52.025748+00:00,AAICdR5vlbM,https://www.youtube.com/watch?v=AAICdR5vlbM,Treatments for Colorectal Cancer,"Visit our website to learn more about using Nucleus content for patient engagement and content marketing: https://healthcare.nucleusmedicalmedia.com/?pk_campaign=lead-generation&pk_kwd=2020-12-08&pk_source=youtube&pk_medium=description-link&pk_content=patient-engagement-content-marketing

MEDICAL ANIMATION TRANSCRIPT: 
Treatments for colorectal cancer include surgical procedures, chemotherapy, and radiation therapy. Early cancer or polyps may be removed during a colonoscopy. During this procedure, a flexible tube will be inserted through your anus. In most cases, if a polyp is found, it will be removed. If a small area of cancer is found, it will be removed. For larger areas of cancer, you may need to have a surgical procedure to remove the affected part of your large intestine. Your surgeon may remove part of your colon, or part, or all of your rectum. Nearby tissue, such as lymph nodes may also be removed to see if cancer has spread there. In most cases, the remaining ends of your large intestine will be reattached. But, sometimes the surgeon will not attach the remaining ends right away. Instead, a procedure may be done to attach the top end of your large intestine to an opening in the skin of your abdomen and the bottom end will be closed with staples or sutures. This new opening in the skin allows solid waste to empty into an attached bag. Usually, the opening is temporary. If temporary, the ends of your large intestine will be reconnected in a later procedure. Chemotherapy, radiation therapy, or both may also be recommended, either before or after a surgical procedure. Chemotherapy uses drugs to attack and kill cancer cells. Radiation therapy is often used along with chemotherapy. The high energy rays in radiation therapy attack and destroy cancer cells. Other treatments may also be recommended for colorectal cancer. Talk to your healthcare provider if you have any questions.

ANH17199",UC85VW73bQLEjs_taFKP7TwQ,Nucleus Medical Media,"Watching Nucleus Medical Media's animations is a faster way for you to learn health and science. Faster than reading, lectures, or even talking to your doctor. Please subscribe to join over one billion viewers who have made smarter and healthier decisions by watching Nucleus animations.  

If you work for a business and want to license any of the animations on this channel, please contact us at http://bit.ly/NucleusHealth 

If you are a librarian, educator or corporations who would like to use all the animations on this channel (and 22,000+ images) for non-public, educational purposes, please check out subscription plans for the Nucleus Medical Art Library at https://nmal.nucleusmedicalmedia.com.

Nucleus Medical Media is headquartered in Kennesaw, Georgia in metro Atlanta.



",2007-02-02T14:18:01Z,US,2178502842,6900000,False,2020-12-04T17:00:04Z,PT2M9S,129,en,en,false,no_captions_reported,,,,public,False,521007,5234,210,0,True,1,What happens after a colorectal cancer diagnosis? Staging and treatment by stage,7,treatments for colorectal cancer,treatments for colorectal cancer|UC85VW73bQLEjs_taFKP7TwQ,False,"[{""cancer_domain"": ""colon"", ""search_query"": ""What happens after a colorectal cancer diagnosis? Staging and treatment by stage"", ""rank"": 7, ""contributor"": ""Yiran"", ""source"": ""American Cancer Society: colorectal cancer staging; treatment by stage"", ""scope_category"": ""Next steps if diagnosed""}]"
batch-yiran-colon-001,2026-09-24T22:03:52.025748+00:00,UiRCwsZ_fBs,https://www.youtube.com/watch?v=UiRCwsZ_fBs,Here's what a stage 4 colon cancer patient wants you to know,"""It would not have been a death sentence."" Colon cancer is one of the most preventable cancers, and that's the message Jamie Comer of San Francisco wants you to hear. https://abc7ne.ws/4iD85XH




#coloncancer #coloncancerawareness #cancerscreening #health #abc7news",UCYUbNjkuE4lsr2v1Id2O1oA,ABC7 News Bay Area,"Welcome to the official YouTube channel for ABC7 Bay Area! Home to the stories Where You Live. Sometimes serious. Sometimes funny. Always true.

Want more? Check out: abc7news.com and follow us on Facebook, Twitter, and Instagram.",2013-12-07T03:40:54Z,US,769710054,706000,False,2025-03-25T05:13:44Z,PT3M24S,204,en,en-US,true,captions_reported_available,,,,public,False,914367,10160,1963,0,True,1,What happens after a colorectal cancer diagnosis? Staging and treatment by stage,8,here's what a stage 4 colon cancer patient wants you to know,here's what a stage 4 colon cancer patient wants you to know|UCYUbNjkuE4lsr2v1Id2O1oA,False,"[{""cancer_domain"": ""colon"", ""search_query"": ""What happens after a colorectal cancer diagnosis? Staging and treatment by stage"", ""rank"": 8, ""contributor"": ""Yiran"", ""source"": ""American Cancer Society: colorectal cancer staging; treatment by stage"", ""scope_category"": ""Next steps if diagnosed""}]"
batch-yiran-colon-001,2026-09-24T22:03:52.025748+00:00,A6v-y6hr4EQ,https://www.youtube.com/watch?v=A6v-y6hr4EQ,Colorectal Cancer - Overview,"Join the Community: https://armandoh.org/sp/beta-member/

Explore the essential concepts of colorectal cancer, including risk factors, genetic pathways, signs and symptoms, and screening methods. This overview also covers the pathophysiology, diagnosis, staging, and treatment options for effective clinical understanding.

#colorectalcancer  #gastroenterology  #oncologyeducation  #cancerawareness  #digestivehealth 

Social media:
📷 Instagram: http://instagram.com/armandohasudungan
𝕏: https://x.com/armandohasudung
📔Facebook: https://www.facebook.com/ArmandoHasudungan

Our mission:
We turn healthcare education from consumption into collaboration.

Medical disclaimer:
This content is provided for educational purposes only and is not intended as medical advice, diagnosis, or treatment. It should not be used as a substitute for professional clinical judgment or consultation with a qualified healthcare professional. Always seek the advice of your physician or other qualified health provider regarding any medical condition.

© Visualising Medicine. All rights reserved.",UCesNt4_Z-Pm41RzpAClfVcg,Armando Hasudungan,"I create medical education videos through hand-drawn illustrations. Covering physiology, pathology, pharmacology, and more—tailored for medical students and health professionals.
",2007-12-25T08:05:35Z,AU,233834103,2900000,False,2017-10-16T17:22:43Z,PT8M48S,528,en,en-AU,false,no_captions_reported,,,,public,False,845996,9585,816,0,True,1,What happens after a colorectal cancer diagnosis? Staging and treatment by stage,9,colorectal cancer - overview,colorectal cancer - overview|UCesNt4_Z-Pm41RzpAClfVcg,False,"[{""cancer_domain"": ""colon"", ""search_query"": ""What happens after a colorectal cancer diagnosis? Staging and treatment by stage"", ""rank"": 9, ""contributor"": ""Yiran"", ""source"": ""American Cancer Society: colorectal cancer staging; treatment by stage"", ""scope_category"": ""Next steps if diagnosed""}]"
batch-yiran-colon-001,2026-09-24T22:03:52.025748+00:00,cSEvt3umnZI,https://www.youtube.com/watch?v=cSEvt3umnZI,What Happens If I Don't Treat My Colon Cancer?,"Sometimes the treatments for colon cancer can seem overwhelming, and patients may wonder, how long could I live with colon cancer without treatment? Dr. Dayyani discusses why treatment of colon cancer is highly worthwhile.

LAST WEEK'S VIDEO - Is Colon Cancer Curable?
http://youtu.be/u_fCymG-UAY

SUBSCRIBE FOR MORE EXPERT INFORMATION AND BREAKING COLON CANCER NEWS
http://www.youtube.com/subscription_center?add_user=coloncancerdr 

VISIT COLONCANCERANSWERS.com FOR TONS OF INFORMATIVE VIDEOS
http://www.coloncanceranswers.com/ 

SUGGEST THE NEXT TOPIC FOR OUR COLON CANCER EXPERTS!
http://www.coloncanceranswers.com/ 

CONNECT WITH US! 
Google+ : http://bit.ly/169ii4g 
Facebook : https://www.facebook.com/ColonCancerAnswers 
Twitter : https://twitter.com/ColonCancerQA 

______

Disclaimer: This information should not be relied upon as a substitute for personal medical advice, diagnosis or treatment. Use the information provided on this site solely at your own risk. If you have any concerns about your health, please consult with a physician.",UCyoZtq0_mvS7eKi0LBM_EFg,Colon Cancer Answers,"Colon Cancer Answers is a colon cancer awareness website where patients can ask questions which our experts may select to answer on video. After the video is made, it's posted to the video library for everyone to see and share.

Our experts discuss topics including colon cancer life expectancy, newly diagnosed colon cancer, colon cancer treatment strategies, chemotherapy for colon cancer, colon cancer surgery, ostomy bags after colon cancer, and much more.

If you'd like to ask our experts a question, please visit our website at www.coloncanceranswers.com.",2013-01-23T20:21:24Z,,1217747,3650,False,2013-07-24T15:07:51Z,PT2M34S,154,en,,true,captions_reported_available,,,,public,False,169968,930,302,0,True,1,What happens after a colorectal cancer diagnosis? Staging and treatment by stage,10,what happens if i don't treat my colon cancer?,what happens if i don't treat my colon cancer?|UCyoZtq0_mvS7eKi0LBM_EFg,False,"[{""cancer_domain"": ""colon"", ""search_query"": ""What happens after a colorectal cancer diagnosis? Staging and treatment by stage"", ""rank"": 10, ""contributor"": ""Yiran"", ""source"": ""American Cancer Society: colorectal cancer staging; treatment by stage"", ""scope_category"": ""Next steps if diagnosed""}]"
