run_id,collected_at,video_id,url,title,description,channel_id,channel_title,channel_description,channel_published_at,channel_country,channel_view_count,channel_subscriber_count,channel_hidden_subscriber_count,video_published_at,duration_iso8601,duration_seconds,default_language,default_audio_language,caption_available,transcript_status,transcript_text,transcript_source,transcript_retrieval_error,privacy_status,made_for_kids,view_count,like_count,comment_count,favorite_count,metadata_available,search_query_count,first_seen_query,first_seen_rank,normalized_title,near_duplicate_key,near_duplicate_candidate,search_queries
batch-yule-colon-001,2026-09-28T00:11:04.741918+00:00,bfT0JPyjWOY,https://www.youtube.com/watch?v=bfT0JPyjWOY,What Tests Should Men Get to Screen for Cancer?,"The biggest benefit of routine exams is early detection. What tests should a man in his 20s get versus one in his 50s?

Subscribe to WebMD here:  https://www.youtube.com/user/WebMD 
 
Follow WebMD here:
Website: http://webmd.com   
Facebook: https://www.facebook.com/WebMD/ 
Pinterest: https://www.pinterest.com/webmd/ 
Twitter: https://twitter.com/WebMD 
Instagram: https://www.instagram.com/webmd/",UCzaH06jOrwGOgzbXwS_ga_w,WebMD,"WebMD video provides valuable health and wellness information. You can trust that our content is timely and credible.

Terms and conditions: http://wb.md/2vpzLGV",2006-07-16T19:12:20Z,US,65658593,202000,False,2017-02-14T15:33:55Z,PT3M3S,183,en,en,false,no_captions_reported,,,,public,False,2153,13,1,0,True,1,Does a cancer screening test mean I have cancer,1,what tests should men get to screen for cancer?,what tests should men get to screen for cancer?|UCzaH06jOrwGOgzbXwS_ga_w,False,"[{""cancer_domain"": ""colon"", ""search_query"": ""Does a cancer screening test mean I have cancer"", ""rank"": 1, ""contributor"": ""Yule"", ""source"": ""WHO"", ""scope_category"": ""Anxiety Reduction""}]"
batch-yule-colon-001,2026-09-28T00:11:04.741918+00:00,w50MImj0esQ,https://www.youtube.com/watch?v=w50MImj0esQ,What if I had a positive colorectal cancer screening test? - Dr. John Kisiel,Dr. John Kisiel explains what you should do if you have a positive result from a colorectal screening test. Mayo Clinic joins Fight Colorectal Cancer for #80by2018. Learn more about colorectal cancer on Mayo Clinic Connect: http://mayocl.in/ColorectalCancer.,UC8fQzKHIhSoZeSq3bwQx4mw,Mayo Clinic,"Mayo Clinic is a nonprofit worldwide leader in medical care, research and education for people from all walks of life. Doctors from every medical specialty work together to care for patients, joined by common systems and a philosophy of ""the needs of the patient come first."" Our headquarters are located in Rochester, MN, while we have campuses in Florida and Arizona.

Looking to connect with others facing similar health issues? Check out Mayo Clinic Connect — an online community where you can share your experiences, ask questions and find support from people like you.

Mayo Clinic locations and more: https://www.mayoclinic.org/about/
Detailed list of all our phone numbers: https://www.mayoclinic.org/contact/

*For the safety of our patients, staff and visitors, Mayo Clinic has strict masking policies in place. Anyone shown without a mask was either recorded prior to COVID-19 or recorded in a non-patient care area where social distancing and other safety protocols were followed.
",2006-06-16T03:47:20Z,US,497923121,1260000,False,2018-03-01T15:51:11Z,PT35S,35,en,en,true,captions_reported_available,,,,public,False,30741,62,,0,True,2,Does a cancer screening test mean I have cancer,2,what if i had a positive colorectal cancer screening test? - dr. john kisiel,what if i had a positive colorectal cancer screening test? - dr. john kisiel|UC8fQzKHIhSoZeSq3bwQx4mw,False,"[{""cancer_domain"": ""colon"", ""search_query"": ""Does a cancer screening test mean I have cancer"", ""rank"": 2, ""contributor"": ""Yule"", ""source"": ""WHO"", ""scope_category"": ""Anxiety Reduction""}, {""cancer_domain"": ""colon"", ""search_query"": ""free colon cancer screening near me"", ""rank"": 5, ""contributor"": ""Yule"", ""source"": ""CDC"", ""scope_category"": ""Pre-screening education""}]"
batch-yule-colon-001,2026-09-28T00:11:04.741918+00:00,V8Fseg6FeUg,https://www.youtube.com/watch?v=V8Fseg6FeUg,Blood Test Detects 50+ Cancers: The Future of Cancer Screening #oncologyeducation,"In 2024, approximately 2 million new cancer cases are expected in the United States, with 78% of cancer deaths linked to cancers without routine screening. Join Dr. Charles Vega, Clinical Professor of Family Medicine at UC Irvine, as he explores the science behind multicancer early detection (MCED) tests, a groundbreaking blood-based technology designed to detect multiple cancers in a single test.

Learn how MCED testing addresses gaps in cancer screening, improves early detection, and has the potential to save lives.

#MCED #CancerScreening #OncologyInnovation #EarlyDetection #CancerCare #BloodBasedTesting #OncologyEducation #PatientOutcomes #CMEActivity #HealthcareAdvances",UCyWGAwTRiUNtT_JV1MiB1qA,i3 Health,"i3 Health's mission is to enhance the proficiency of the multidisciplinary cancer care team by providing evidence-based, fair-balanced CME/CE-certified activities that address identified health care gaps and unmet educational needs.",2011-06-30T05:11:55Z,,114777,846,False,2025-08-12T12:21:33Z,PT51S,51,en,en,false,no_captions_reported,,,,public,False,4515,36,,0,True,1,Does a cancer screening test mean I have cancer,3,blood test detects 50+ cancers: the future of cancer screening #oncologyeducation,blood test detects 50+ cancers: the future of cancer screening #oncologyeducation|UCyWGAwTRiUNtT_JV1MiB1qA,False,"[{""cancer_domain"": ""colon"", ""search_query"": ""Does a cancer screening test mean I have cancer"", ""rank"": 3, ""contributor"": ""Yule"", ""source"": ""WHO"", ""scope_category"": ""Anxiety Reduction""}]"
batch-yule-colon-001,2026-09-28T00:11:04.741918+00:00,mETHJ4nkNN8,https://www.youtube.com/watch?v=mETHJ4nkNN8,What Cancer Screening Tests Do I Need (Top 5 Cancer Tests),"Dr. Majd reviews the top 5 cancer screening tests, including prostate cancer, breast cancer, cervical cancer, colon cancer, and lung cancer. What cancer tests do you need, at what age, and how frequently should you be tested? This is life-saving health information you do not want to miss.

Majd MD – Your YouTube Family Doctor, reviewing what you really need to know about the latest medical topics & headlines.

SHOW RESOURCES:
NY Times Article:  https://www.nytimes.com/2020/09/11/upshot/pandemic-decline-preventive-care.html
Unites States Preventive Services Task Force (USPSTF):  https://www.uspreventiveservicestaskforce.org/uspstf/ 
American College of Obstetricians and Gynecologists (ACOG):  https://www.acog.org/ 
American Cancer Society (ACS):  https://www.cancer.org/ 
CDC Adult Immunization Schedule:  https://www.cdc.gov/vaccines/schedules/hcp/imz/adult.html
CDC Pediatric Immunization Schedule:  https://www.cdc.gov/vaccines/schedules/hcp/imz/child-adolescent.html

MY FAVORITE HEALTH (& some non-health!) ITEMS: 
https://www.amazon.com/shop/majdmd 

WEBSITE:
http://majdmd.com 

SOCIAL MEDIA:
For more health tips and up-to-date health news follow me on:

Facebook:    http://facebook.com/SMajdMD 
Instagram:   http://instagram.com/SMajdMD 
Twitter:        http://twitter.com/SMajdMD 
TikTok:  https://www.tiktok.com/@majdmd
Pinterest:     http://pinterest.com/MajdMD

DISCLAIMER: 
All content presented is for informational purposes only. It is not specific medical advice. Please always seek a licensed physician in your area for all health related concerns.

Majd MD is a participant in the Amazon Services LLC Associates Program, an affiliate advertising program designed to provide a means for sites to earn advertising fees by advertising and linking to www.amazon.com.

#CancerScreening #MajdMD #Health",UCTxgEiTpPSMhv_QsI54DGyg,Majd MD,"Confused about conflicting medical news and recommendations? It's not always easy to discern the reliability or trustworthiness of online sources in this day and age of the internet. I am here to relay evidence-based health information that your own doctor would want you to know when interpreting the latest medical topics, news and headlines.

I’m Dr. Sanaz Majd, a practicing, board certified Family Medicine physician who graduated from Drexel University School of Medicine in 2004. I am a writer and former Macmillan Publishing podcaster (“House Call Doctor”) with a lifelong interest in teaching. 

PLEASE NOTE:
All content presented is for informational purposes only. It is not specific medical advice and in no way replaces your own personal physician. Please always seek a licensed physician in your area regarding all health related concerns.",2018-04-22T23:09:31Z,US,4282335,48100,False,2021-04-21T14:00:13Z,PT9M2S,542,en,en,false,no_captions_reported,,,,public,False,10796,140,16,0,True,1,Does a cancer screening test mean I have cancer,4,what cancer screening tests do i need (top 5 cancer tests),what cancer screening tests do i need (top 5 cancer tests)|UCTxgEiTpPSMhv_QsI54DGyg,False,"[{""cancer_domain"": ""colon"", ""search_query"": ""Does a cancer screening test mean I have cancer"", ""rank"": 4, ""contributor"": ""Yule"", ""source"": ""WHO"", ""scope_category"": ""Anxiety Reduction""}]"
batch-yule-colon-001,2026-09-28T00:11:04.741918+00:00,OQ7g1lQ26s0,https://www.youtube.com/watch?v=OQ7g1lQ26s0,Does Cancer Screening Actually Work? | Quick Crisis,"Does prostate cancer screening actually work? A huge study, probably the best in the field, has published its 23 year data this week and I thought I’d quickly talk about what it showed as, rather typically, the media and even social media doctors, once again demonstrate they cannot interpret scientific papers 🫣

The European Study of Prostate Cancer Screening — 23-Year Follow-up was published a few days ago in the New England Journal of Medicine DOI: 10.1056/NEJMoa2503223

As ever, please don’t believe random internet people when it comes to your health (including me) so if you have questions please speak to a 3D doctor in real life.

Yes, I share your concern regarding vertical video on this channel. This is a bit of an experiment. I posted a video a few weeks ago on my second channel and got comments asking why it wasn't on the main channel (because it was so damn good, obviously). To be honest, my vague rule of thumb has been vertical vids on instagram/medlife2 but keeping this channel for the more polished vids. But maybe that's silly. I want people seeing the vids, and obviously this channel has a bigger audience. So feel free to let me know what you think, should I put these shorter, ad hoc phone-filmed vertical videos on here? Or keep things PURE and UNSULLIED?

----------------

More Medlife Crisis:

Sign up for my free newsletter: https://medlife.substack.com/

Support me on Nebula: http://go.nebula.tv/medlifecrisis

https://bsky.app/profile/medcrisis.bsky.social
https://www.youtube.com/medlifecrisis
https://www.youtube.com/channel/UCXFgI0Lgrwc_fY2ttqQ9Yhg
https://www.instagram.com/medcrisis",UCgRBRE1DUP2w7HTH9j_L4OQ,Medlife Crisis,"Statistically less funny than placebo (p<0.05)

Hello, I'm a consultant cardiologist and university researcher that makes science videos and bad jokes. Topics and analysis you won't find elsewhere, fortified with a government-mandated dose of humour, but ultimately clinically useless.

There's a lot of bad science on YouTube, especially medicine, with quacks and clowns peddling garbage. I'm not saying I'm not one of them, I'm just stating a fact.

Dr Rohin Francis

NB - Please don't ask for medical advice as I cannot give any online. Nothing I say is medical advice. How do you even know I'm a doctor? I'm just a Large Language Model medical AI deemed too unsafe to be unleashed on real patients.",2015-03-08T19:58:12Z,GB,52219153,580000,False,2025-11-05T17:04:58Z,PT7M8S,428,en-GB,en-GB,false,no_captions_reported,,,,public,False,54001,3645,440,0,True,1,Does a cancer screening test mean I have cancer,5,does cancer screening actually work? | quick crisis,does cancer screening actually work? | quick crisis|UCgRBRE1DUP2w7HTH9j_L4OQ,False,"[{""cancer_domain"": ""colon"", ""search_query"": ""Does a cancer screening test mean I have cancer"", ""rank"": 5, ""contributor"": ""Yule"", ""source"": ""WHO"", ""scope_category"": ""Anxiety Reduction""}]"
batch-yule-colon-001,2026-09-28T00:11:04.741918+00:00,V6dBni-n5JA,https://www.youtube.com/watch?v=V6dBni-n5JA,New blood test to screen for 50 cancers,"There is a new way to test for 50 different types of cancer and it's through a blood test.

More local videos here: https://youtube.com/@9news 
Subscribe to NEXT: https://youtube.com/@Nexton9NEWS 

Stay connected: 
9NEWS Website: https://www.9news.com/ 
Facebook: https://www.facebook.com/ilike9news 
X: https://twitter.com/9NEWS 
Instagram: https://www.instagram.com/9newsdenver/ 
Download the 9NEWS App: https://www.9news.com/appredirect/ 
Sign up for the 9NEWSLETTER: https://www.9news.com/email 

9NEWS (KUSA) is located in Denver, Colorado.",UC72nbKQLSDyiSARhg0Ywj4w,9NEWS,"KUSA (9NEWS Denver) is your source for breaking news, Colorado weather, traffic, and live coverage in Denver and across the Front Range. Get the latest updates from the 9NEWS team -- from major local headlines and investigations to severe weather, community stories and the moments everyone’s talking about.
Watch live newscasts, stream breaking coverage and catch up on the top stories shaping Denver, Boulder, Aurora, Fort Collins and all of Colorado.
Subscribe for: 
• Denver breaking news + live updates 
• Colorado weather forecasts, snowstorms and severe weather alerts 
• Investigations and accountability reporting 
• Community stories across the Front Range 
• Major events, sports and local explainers 
 
KUSA / 9NEWS Denver -- Colorado news and weather, live and on demand. 
 
🔗 More: https://www.9news.com
",2014-02-21T23:38:24Z,US,580846809,565000,False,2025-10-21T23:01:38Z,PT4M16S,256,en,en,true,captions_reported_available,,,,public,False,2075,43,0,0,True,1,Does a cancer screening test mean I have cancer,6,new blood test to screen for 50 cancers,new blood test to screen for 50 cancers|UC72nbKQLSDyiSARhg0Ywj4w,False,"[{""cancer_domain"": ""colon"", ""search_query"": ""Does a cancer screening test mean I have cancer"", ""rank"": 6, ""contributor"": ""Yule"", ""source"": ""WHO"", ""scope_category"": ""Anxiety Reduction""}]"
batch-yule-colon-001,2026-09-28T00:11:04.741918+00:00,dEk_d9tQNBo,https://www.youtube.com/watch?v=dEk_d9tQNBo,Galleri Blood Test for Early Cancer Detection…is it ready for prime time?,"April has been declared National Cancer Prevention and Early Detection Month and I plan to highlight many topics related to cancer risk reduction (I don’t like the term prevention as you can’t prevent cancer) and early detection and screening. 

I have been getting a lot of questions about the Galleri Test which is a multi cancer early detection test that looks for a “cancer specific signal” in the 🩸blood (testing cell free DNA for changes commonly seen in cancer cells but not in regular cells). 

It aims to detect a signal in more than 50 cancer types, many of which don’t have routine cancer screening tests.  

📌 A positive signal would prompt work up through diagnostic imaging and other tests for a cancer but this test has false positives (meaning positive result but no actual cancer diagnosed) and false negatives (negative result but cancer diagnosed). 

📌 I go through the data from the PATHFINDER Study published in @thelancetgroup. 92 patients out of 6621 patients ages 50 and over (prior cancer allowed as long as definitive treatment completed greater than 3 years prior to enrollment. 
➡️ Patients could have been on endocrine therapy for breast cancer) had a positive test (meaning a positive signal) and out of those, 35 were subsequently diagnosed with cancer (most cancers diagnosed of the 35 do not have available screening tests) and 57 were not (within 12 months from test). 

➡️ Out of the 6529 that had a negative test, 86 actually were subsequently diagnosed with cancer. 

🚨 The test is not yet FDA approved, must be ordered by a physician and costs $949 💸 and we don’t know how often to do it and when. The false positives and negatives are important to keep in mind! 

🧐 My take…intriguing, promising but not ready for real time use yet. 

⁉️ What do you think? Let me know your questions! 

#cancerdoctor #cancerprevention #cancerdetection #galleritest #cancerscreening #oncologist",UCXLIsj0rzsIYv6L0JR37BSg,"Eleonora Teplinsky, MD","Hello! I'm Dr. Eleonora Teplinsky, a board-certified medical oncologist specializing in breast and gynecologic cancer. Welcome to my YouTube Channel. I practice in New Jersey at Valley Health System and am the host of the Interlude Podcast. My book, BEYOND THE PINK, a patient-centered guide to physical and mental health for younger breast cancer previvors, survivors and stage 4 thrivers will be published in 2026. My goal is to educate and empower people to be their best advocate when it comes to their bodies and making health decisions. On this channel, you'll find information on breast and gynecologic cancers, healthy living, cancer screening and risk reduction, women's health and more!  Thanks for being here. Please subscribe! You can also find the Interlude Podcast on any podcast platform and find me on Instagram, TikTok, Facebook, BlueSky, and X @drteplinsky. 
 
",2013-04-11T01:35:22Z,,226104,1690,False,2024-04-02T01:51:20Z,PT4M20S,260,en,,false,no_captions_reported,,,,public,False,11101,147,28,0,True,2,Does a cancer screening test mean I have cancer,7,galleri blood test for early cancer detection…is it ready for prime time?,galleri blood test for early cancer detection…is it ready for prime time?|UCXLIsj0rzsIYv6L0JR37BSg,False,"[{""cancer_domain"": ""colon"", ""search_query"": ""Does a cancer screening test mean I have cancer"", ""rank"": 7, ""contributor"": ""Yule"", ""source"": ""WHO"", ""scope_category"": ""Anxiety Reduction""}, {""cancer_domain"": ""colon"", ""search_query"": ""I don't know if I can pay for the tests I need. How much does a cancer screening cost?"", ""rank"": 5, ""contributor"": ""Yule"", ""source"": ""American Cancer Society"", ""scope_category"": ""Pre-screening education""}]"
batch-yule-colon-001,2026-09-28T00:11:04.741918+00:00,2d4H8eeEG-Q,https://www.youtube.com/watch?v=2d4H8eeEG-Q,Must-Have Cancer Screening Tests for Men & Women,"Early detection saves lives. Dr. Kundan, Consultant, Surgical Oncology & Robotic Surgery at Max Super Speciality Hospital, Shalimar Bagh, highlights essential cancer screenings for both men and women — from mammograms and Pap smears to colonoscopy and PSA tests. If you have a family history or risk factors, timely screening can make all the difference. Don’t wait for symptoms — take charge of your health today. Early detection is the first step to survival.

To book an appointment with #MaxExpert, call (+91) 8860 444 888, visit maxhealthcare.in or download Max MyHealth App.

Follow Max Healthcare on social media to get latest updates:
https://www.facebook.com/MaxHospitalsIndia
https://twitter.com/MaxHealthcare
https://www.linkedin.com/company/max-healthcare/
https://www.instagram.com/max.healthcare/
https://www.maxhealthcare.in/

#CancerScreening #EarlyDetection #CancerPrevention #GetScreened #StayHealthy #OncologyCare #MaxHealthcare #PreventiveCare #CancerAwareness #ScreeningSavesLives",UCBKpVvogr2lH2y5IDEJWuFw,Max Healthcare,"One of India's leading healthcare providers with 21 facilities, 6000+ beds & 40,000+ employees.

",2009-02-18T06:37:03Z,IN,360728740,125000,False,2025-02-26T04:30:01Z,PT1M,60,en,hi,false,no_captions_reported,,,,public,False,64972,82,1,0,True,2,Does a cancer screening test mean I have cancer,8,must-have cancer screening tests for men & women,must-have cancer screening tests for men & women|UCBKpVvogr2lH2y5IDEJWuFw,False,"[{""cancer_domain"": ""colon"", ""search_query"": ""Does a cancer screening test mean I have cancer"", ""rank"": 8, ""contributor"": ""Yule"", ""source"": ""WHO"", ""scope_category"": ""Anxiety Reduction""}, {""cancer_domain"": ""colon"", ""search_query"": ""I don't know if I can pay for the tests I need. How much does a cancer screening cost?"", ""rank"": 7, ""contributor"": ""Yule"", ""source"": ""American Cancer Society"", ""scope_category"": ""Pre-screening education""}]"
batch-yule-colon-001,2026-09-28T00:11:04.741918+00:00,Y5SGHRakZ9M,https://www.youtube.com/watch?v=Y5SGHRakZ9M,What Tests Should Women Get to Screen for Cancer?,"It’s never too soon for women to check for body changes. What tests should you start with in your early 20s?

Subscribe to WebMD here:  https://www.youtube.com/user/WebMD 
 
Follow WebMD here:
Website: http://webmd.com   
Facebook: https://www.facebook.com/WebMD/ 
Pinterest: https://www.pinterest.com/webmd/ 
Twitter: https://twitter.com/WebMD 
Instagram: https://www.instagram.com/webmd/",UCzaH06jOrwGOgzbXwS_ga_w,WebMD,"WebMD video provides valuable health and wellness information. You can trust that our content is timely and credible.

Terms and conditions: http://wb.md/2vpzLGV",2006-07-16T19:12:20Z,US,65658593,202000,False,2017-02-14T15:39:20Z,PT3M1S,181,en,en,false,no_captions_reported,,,,public,False,950,5,0,0,True,1,Does a cancer screening test mean I have cancer,9,what tests should women get to screen for cancer?,what tests should women get to screen for cancer?|UCzaH06jOrwGOgzbXwS_ga_w,False,"[{""cancer_domain"": ""colon"", ""search_query"": ""Does a cancer screening test mean I have cancer"", ""rank"": 9, ""contributor"": ""Yule"", ""source"": ""WHO"", ""scope_category"": ""Anxiety Reduction""}]"
batch-yule-colon-001,2026-09-28T00:11:04.741918+00:00,Ykyoc231akE,https://www.youtube.com/watch?v=Ykyoc231akE,When is it TIME to STOP Colon Cancer Screening?,"Have you been told its time to stop colon cancer screening? Or do you wonder if you really need another colonoscopy, and think its time to stop having a colonoscopy?

In this video, I discuss how we decide when it is time to stop colon cancer screening. First, its important to understand the goal of a colonoscopy - to prevent colon cancer. And that is done by removing polyps that may turn into colon cancer in the future. Second, I talk about when polyps may become cancer. Third, I explain why only having one colonoscopy isnt enough and if stool based colon cancer screening is ok. Fourth, I discuss how GI doctors determine how frequent your colonoscopies should be based on how many polyps or what type of polyps you have. Fifth, I eplain why someone would want to stop having colon cancer screening and what the guidlines state as a reasonable timeframe. Additionally, i talk about where the guidlines are not clear and how you and your doctor can explore when is the best time for you to stop screening. While a colonoscopy has many benefits, there are risks for people who have severe conditions and may not be the right choice for people with other comorbidities. So discuss these factors with your doctor!

SUBSCRIBE to the Channel for More Content: ?sub_confirmation=1

Be Sure to Check Out Other Relevant Content:
- How to Decide Your Colon Cancr Screening Method?: https://youtu.be/gMtMtJsRmw4
- DONT Follow These TikTok Colonoscopy Prep Tips:  https://youtu.be/uV3hEH4BvC8
- How to Endure a Clear Liquid Diet: https://youtu.be/PwXeh0RvRuM
- Time for A Colonoscopy: https://youtu.be/vco6Wo4vWXY
- When & Why Have a Colonoscopy: https://youtu.be/c8p2m8W9PXw
- How to Plan for A Colonoscopy: https://youtu.be/zn6vZX2Sh-4
- Cant Handle Colonoscopy Prep - Watch This: https://youtu.be/uJX44uYqMws
- Never Would I Ever Colonoscopy Edition: https://youtu.be/t_aaM1zhsl4
- Do Colonoscopies Actually Prevent Colon Cancer: https://youtu.be/K-VThlZEzMU

DISCLAIMER: While I am a Gastroenterologist, I am not acting as your Gastroenterologist. The information provided on this channel is intended to be general educational content and not directed towards any one individual. If you believe you have a medical condition that deserves attention please seek care from your healthcare provider. If you are experiencing a life threatening emergency, call 911.",UCQSH8alK6dL11aj2YT1I8Vg,"Mark Cooper, MD","I'm Mark Cooper - a board ceritified gastroenterologist - these videos are a fun and easy way to learn about all things GI!

Understanding your gut and how to keep it healthy is complicated! I provide clarity on common, and not so common,  GI topics in a fun and relatable way!

Ask questions in the comment sections and we will try to make a video on the topics you find most interesting!

We upload a new video every Monday morning. Please SUBSCRIBE so you are altered when new content is released!

Lets have some fun!

ABIM Certification: https://www.abim.org/verify-physician?type=id&id=366080
",2020-08-18T14:41:16.174265Z,US,5514386,31200,False,2023-05-29T22:00:16Z,PT5M12S,312,en,en,false,no_captions_reported,,,,public,False,1470483,16745,2143,0,True,8,Does a cancer screening test mean I have cancer,10,when is it time to stop colon cancer screening?,when is it time to stop colon cancer screening?|UCQSH8alK6dL11aj2YT1I8Vg,False,"[{""cancer_domain"": ""colon"", ""search_query"": ""Does a cancer screening test mean I have cancer"", ""rank"": 10, ""contributor"": ""Yule"", ""source"": ""WHO"", ""scope_category"": ""Anxiety Reduction""}, {""cancer_domain"": ""colon"", ""search_query"": ""Is there a colon cancer test I can do at home?"", ""rank"": 9, ""contributor"": ""Yule"", ""source"": ""Cedars-Sinai"", ""scope_category"": ""Pre-screening education""}, {""cancer_domain"": ""colon"", ""search_query"": ""How do I talk to my family about getting cancer screening"", ""rank"": 9, ""contributor"": ""Yule"", ""source"": ""American Cancer Society"", ""scope_category"": ""Reinforcing screening importance""}, {""cancer_domain"": ""colon"", ""search_query"": ""I don't know if I can pay for the tests I need. How much does a cancer screening cost?"", ""rank"": 1, ""contributor"": ""Yule"", ""source"": ""American Cancer Society"", ""scope_category"": ""Pre-screening education""}, {""cancer_domain"": ""colon"", ""search_query"": ""How to find a doctor for screening and other preventive care"", ""rank"": 8, ""contributor"": ""Yule"", ""source"": ""American Cancer Society"", ""scope_category"": ""Pre-screening education""}, {""cancer_domain"": ""colon"", ""search_query"": ""free colon cancer screening near me"", ""rank"": 2, ""contributor"": ""Yule"", ""source"": ""CDC"", ""scope_category"": ""Pre-screening education""}, {""cancer_domain"": ""colon"", ""search_query"": ""I don't have a primary care doctor — how do I get a colon cancer screening?"", ""rank"": 1, ""contributor"": ""Yule"", ""source"": ""American Cancer Society"", ""scope_category"": ""Pre-screening education""}, {""cancer_domain"": ""colon"", ""search_query"": ""colon cancer screening for non-English speakers"", ""rank"": 3, ""contributor"": ""Yule"", ""source"": ""CDC"", ""scope_category"": ""Pre-screening education""}]"
batch-yule-colon-001,2026-09-28T00:11:04.741918+00:00,x-TdAroUhjM,https://www.youtube.com/watch?v=x-TdAroUhjM,How do you do a home colon cancer test?,"FIT kits, provided by your doctor or laboratory, allow you to conveniently screen for colon cancer with ease in the privacy of your home. In just a few quick steps, you will use the provided materials to collect a small sample of your stool (poop).

The stool sample will be sent to a lab for testing. The lab will test for any hidden, microscopic blood from the lower intestines in the stool, which can be a sign of precancerous polyps or cancer. If blood is found in your stool sample, a follow-up colonoscopy will be scheduled to investigate further.

Dr. Susan Chu, chief of gastroenterology for Sharp Rees-Stealy Medical Group, advises people to talk with their doctor about screening if they have any concerns, are 45 or older, or are experiencing symptoms of colorectal cancer. “The best screening test is the one that gets done, and the FIT is both effective and easy to do,” she says.

Visit our website: https://www.sharp.com
Find a doctor at Sharp: https://www.sharp.com/doctors
Subscribe or see more videos from Sharp HealthCare: https://www.youtube.com/sharphealthcare 
Like Sharp HealthCare on Facebook: https://www.facebook.com/sharphealthcare
Follow Sharp HealthCare on Instagram: https://www.instagram.com/sharphealthcare/
Follow Sharp HealthCare on TikTok: https://www.tiktok.com/@sharphealthcare
Follow Sharp HealthCare on X: https://x.com/sharphealthcare
Call us at 1-800-82-SHARP",UCP7pwTsLeHDrXx10Egm8ooQ,Sharp HealthCare,"Sharp HealthCare is San Diego's health care leader with four acute-care hospitals, three specialty hospitals, three affiliated medical groups and a health plan.

If you have a health-related question, please call your doctor. If you are experiencing a medical emergency, call 911 immediately. Need to find a doctor? Visit https://www.sharp.com/doctors.",2007-12-18T23:35:58Z,US,47964982,123000,False,2022-03-23T16:11:34Z,PT2M14S,134,en,en-US,false,no_captions_reported,,,,public,False,97748,315,27,0,True,1,Is there a colon cancer test I can do at home?,1,how do you do a home colon cancer test?,how do you do a home colon cancer test?|UCP7pwTsLeHDrXx10Egm8ooQ,False,"[{""cancer_domain"": ""colon"", ""search_query"": ""Is there a colon cancer test I can do at home?"", ""rank"": 1, ""contributor"": ""Yule"", ""source"": ""Cedars-Sinai"", ""scope_category"": ""Pre-screening education""}]"
batch-yule-colon-001,2026-09-28T00:11:04.741918+00:00,IyudkXuThhI,https://www.youtube.com/watch?v=IyudkXuThhI,How to properly use Cologuard colon cancer at-home test kit,"For Colon Cancer Awareness Month, we walk you through the step-by-step process to properly use the colon cancer screen at-home test -- Cologuard.",UCqMdEOPBZbGPykVOhUqWqfA,Click On Detroit | Local 4 | WDIV,"The latest breaking news, weather, sports, entertainment and other awesome things from Local 4 News and ClickOnDetroit.com from the Downtown Detroit, Michigan studios of WDIV-TV.",2017-06-21T16:48:39Z,US,793238195,757000,False,2023-03-28T21:31:04Z,PT2M29S,149,en,,false,no_captions_reported,,,,public,False,591317,4624,458,0,True,2,Is there a colon cancer test I can do at home?,2,how to properly use cologuard colon cancer at-home test kit,how to properly use cologuard colon cancer at-home test kit|UCqMdEOPBZbGPykVOhUqWqfA,False,"[{""cancer_domain"": ""colon"", ""search_query"": ""Is there a colon cancer test I can do at home?"", ""rank"": 2, ""contributor"": ""Yule"", ""source"": ""Cedars-Sinai"", ""scope_category"": ""Pre-screening education""}, {""cancer_domain"": ""colon"", ""search_query"": ""colon cancer screening for non-English speakers"", ""rank"": 8, ""contributor"": ""Yule"", ""source"": ""CDC"", ""scope_category"": ""Pre-screening education""}]"
batch-yule-colon-001,2026-09-28T00:11:04.741918+00:00,BgRgjeiV754,https://www.youtube.com/watch?v=BgRgjeiV754,At-home colon cancer screening could be viable alternative to colonoscopy,"Despite the fact that colon cancer is the second leading cause of cancer deaths in the U.S., many people still do not get screened for it. Now a new study finds that an easy, at-home test can help detect most colorectal cancers. CBS News' Bigad Shaban reports.",UC8p1vwvWtl6T73JiExfWs1g,CBS News,"CBS News is a trusted source for the latest in politics, U.S. and world news. The network is home to award-winning broadcasts CBS Mornings, CBS Evening News, 60 Minutes, CBS Sunday Morning, 48 Hours and Face the Nation.

CBS News 24/7 is the premier anchored streaming news service from CBS News and Stations that is available free to everyone with access to the internet and is the destination for breaking news, live events, original reporting and storytelling, and programs from CBS News and Stations' top anchors and correspondents working locally, nationally and around the globe. It is available on more than 30 platforms across mobile, desktop and connected TVs for free, as well as CBSNews.com and Paramount+ and live in 91 countries.

Subscribe to our YouTube channel for breaking news, live events and in-depth reporting from CBS News.

For licensing inquiries, contact: licensing@veritone.com
",2006-09-27T13:38:41Z,US,6750624204,7100000,False,2014-02-03T23:08:44Z,PT1M20S,80,en,en,false,no_captions_reported,,,,public,False,1730,5,0,0,True,1,Is there a colon cancer test I can do at home?,3,at-home colon cancer screening could be viable alternative to colonoscopy,at-home colon cancer screening could be viable alternative to colonoscopy|UC8p1vwvWtl6T73JiExfWs1g,False,"[{""cancer_domain"": ""colon"", ""search_query"": ""Is there a colon cancer test I can do at home?"", ""rank"": 3, ""contributor"": ""Yule"", ""source"": ""Cedars-Sinai"", ""scope_category"": ""Pre-screening education""}]"
batch-yule-colon-001,2026-09-28T00:11:04.741918+00:00,3VBk89WvPXw,https://www.youtube.com/watch?v=3VBk89WvPXw,What is an at home colon cancer screening - FIT TEST | Summa Health System,,UC_WV2ldVNneVypYR65Nrq5A,Summa Health,"Caring for Northeast Ohio with expert tips, real stories & everyday wellness. Subscribe for support at every stage of your health journey.
",2009-11-12T17:44:28Z,US,3704736,1670,False,2015-04-20T19:40:51Z,PT1M1S,61,en,en,true,captions_reported_available,,,,public,False,2820,2,0,0,True,1,Is there a colon cancer test I can do at home?,4,what is an at home colon cancer screening - fit test | summa health system,what is an at home colon cancer screening - fit test | summa health system|UC_WV2ldVNneVypYR65Nrq5A,False,"[{""cancer_domain"": ""colon"", ""search_query"": ""Is there a colon cancer test I can do at home?"", ""rank"": 4, ""contributor"": ""Yule"", ""source"": ""Cedars-Sinai"", ""scope_category"": ""Pre-screening education""}]"
batch-yule-colon-001,2026-09-28T00:11:04.741918+00:00,gMtMtJsRmw4,https://www.youtube.com/watch?v=gMtMtJsRmw4,How to Decide Your Colon Cancer Screening Method?,"What's the best way to screen for colon cancer? In this video, I describe the factors to consider to make your choice on how to answer this question. I discuss the pros and cons of the most common methods to screen for colon cancer - a colonoscopy, a Cologuard, and a FIT test. I discuss which methods detect colon cancer and which method prevents colon cancer. I consider the cost differences of each of these tests and when insurance may not cover a test. I also present the risks of the tests. The accuracy of these tests differ so I break down the statistics for how well these test detect cancer, how well they detect precursors to cancer, and some of the reasons the test may be wrong. Finally, I emphasize the importance of convenience and availability. Ultimately, the best test is the test you complete which ensures you have been screened and helps us toward the goal that all eligible patients be screened for colon cancer. 

SUBSCRIBE to the Channel for More Content: ?sub_confirmation=1

Be Sure to Check Out Other Relevant Content:
- When is it Time to Stop Colon Cancer Screening:  https://youtu.be/Ykyoc231akE
- DONT Follow These TikTok Colonoscopy Prep Tips:  https://youtu.be/uV3hEH4BvC8
- How to Endure a Clear Liquid Diet: https://youtu.be/PwXeh0RvRuM
- Time for A Colonoscopy: https://youtu.be/vco6Wo4vWXY
- When & Why Have a Colonoscopy: https://youtu.be/c8p2m8W9PXw
- How to Plan for A Colonoscopy: https://youtu.be/zn6vZX2Sh-4
- Cant Handle Colonoscopy Prep - Watch This: https://youtu.be/uJX44uYqMws
- Never Would I Ever Colonoscopy Edition: https://youtu.be/t_aaM1zhsl4
- Do Colonoscopies Actually Prevent Colon Cancer: https://youtu.be/K-VThlZEzMU


DISCLAIMER: While I am a Gastroenterologist, I am not acting as your Gastroenterologist. The information provided on this channel is intended to be general educational content and not directed towards any one individual. If you believe you have a medical condition that deserves attention please seek care from your healthcare provider. If you are experiencing a life threatening emergency, call 911.",UCQSH8alK6dL11aj2YT1I8Vg,"Mark Cooper, MD","I'm Mark Cooper - a board ceritified gastroenterologist - these videos are a fun and easy way to learn about all things GI!

Understanding your gut and how to keep it healthy is complicated! I provide clarity on common, and not so common,  GI topics in a fun and relatable way!

Ask questions in the comment sections and we will try to make a video on the topics you find most interesting!

We upload a new video every Monday morning. Please SUBSCRIBE so you are altered when new content is released!

Lets have some fun!

ABIM Certification: https://www.abim.org/verify-physician?type=id&id=366080
",2020-08-18T14:41:16.174265Z,US,5514386,31200,False,2023-02-27T23:00:33Z,PT7M11S,431,en,en,false,no_captions_reported,,,,public,False,24784,344,59,0,True,2,Is there a colon cancer test I can do at home?,5,how to decide your colon cancer screening method?,how to decide your colon cancer screening method?|UCQSH8alK6dL11aj2YT1I8Vg,False,"[{""cancer_domain"": ""colon"", ""search_query"": ""Is there a colon cancer test I can do at home?"", ""rank"": 5, ""contributor"": ""Yule"", ""source"": ""Cedars-Sinai"", ""scope_category"": ""Pre-screening education""}, {""cancer_domain"": ""colon"", ""search_query"": ""colon cancer screening for non-English speakers"", ""rank"": 10, ""contributor"": ""Yule"", ""source"": ""CDC"", ""scope_category"": ""Pre-screening education""}]"
batch-yule-colon-001,2026-09-28T00:11:04.741918+00:00,ptrbMCC6bq4,https://www.youtube.com/watch?v=ptrbMCC6bq4,How to do a colon cancer screening test (FIT) at home.,This video will show you step-by-step instructions on how to properly collect a stool sample for an at-home colorectal cancer screening test called FIT.,UCzXapqBJPqWY6MwOgn0_0Qg,Dr. Luisa Paredes ,,2013-09-08T01:06:01Z,,98859,130,False,2025-02-27T19:59:46Z,PT1M54S,114,en,,false,no_captions_reported,,,,public,False,48144,367,,0,True,1,Is there a colon cancer test I can do at home?,6,how to do a colon cancer screening test (fit) at home.,how to do a colon cancer screening test (fit) at home.|UCzXapqBJPqWY6MwOgn0_0Qg,False,"[{""cancer_domain"": ""colon"", ""search_query"": ""Is there a colon cancer test I can do at home?"", ""rank"": 6, ""contributor"": ""Yule"", ""source"": ""Cedars-Sinai"", ""scope_category"": ""Pre-screening education""}]"
batch-yule-colon-001,2026-09-28T00:11:04.741918+00:00,lHVesyDNOg4,https://www.youtube.com/watch?v=lHVesyDNOg4,Comparing at-home screenings vs. colonoscopies,"New technology is making the process a little less awkward and what you need to know before you commit to alternative testing.

Subscribe to WLWT on YouTube now for more: http://bit.ly/1ipUX3c

Get more Cincinnati news: http://www.wlwt.com
Like us:  http://www.facebook.com/wlwt5
Follow us: http://twitter.com/WLWT
Instagram: https://www.instagram.com/wlwt5/",UCkr9qZ5tj9dGd7JvE3a8X4Q,WLWT,"WLWT.com is Leading The Way with Cincinnati breaking news, weather and important local news coverage.  Look to WLWT for political coverage, viral videos and more from Cincinnati's NBC affiliate.",2007-05-03T18:58:28Z,US,311755537,298000,False,2019-11-19T03:46:35Z,PT2M29S,149,en,en,true,captions_reported_available,,,,public,False,1844,11,,0,True,1,Is there a colon cancer test I can do at home?,7,comparing at-home screenings vs. colonoscopies,comparing at-home screenings vs. colonoscopies|UCkr9qZ5tj9dGd7JvE3a8X4Q,False,"[{""cancer_domain"": ""colon"", ""search_query"": ""Is there a colon cancer test I can do at home?"", ""rank"": 7, ""contributor"": ""Yule"", ""source"": ""Cedars-Sinai"", ""scope_category"": ""Pre-screening education""}]"
batch-yule-colon-001,2026-09-28T00:11:04.741918+00:00,05eBE8VsCnE,https://www.youtube.com/watch?v=05eBE8VsCnE,💙 Cologuard Test: Step-by-Step Guide to At-Home Colon Cancer Screening,"In this video, we walk you through the Cologuard® process — an easy, noninvasive, at-home test that screens for colon cancer and precancerous changes. You’ll learn exactly what to expect, from ordering your kit to sending your sample back to the lab.

✅ What You’ll Learn:

How to properly collect your stool sample

Tips for packaging and returning your kit

What happens after your sample is received

When and how you’ll get your results

Cologuard is a simple alternative for adults 45 and older who are at average risk for colorectal cancer and prefer an at-home option instead of a colonoscopy. Remember, it’s always best to talk to your healthcare provider to decide what screening method is right for you.

🔹 Important: Cologuard is prescribed by your doctor and is not a replacement for diagnostic or surveillance colonoscopy in high-risk individuals.

💬 Have questions? Drop them in the comments — we’re here to help!

#Cologuard #ColonCancerScreening #AtHomeTest #HealthEducation #PreventCancer

Subscribe to my channel:
https://youtube.com/c/jeffreviews4u
Check out my Shorts Youtube page:
https://www.youtube.com/channel/UCDwBKQKKYt1TE4AoHDpULsA

Follow me on social media:
Twitter - https://twitter.com/JReviews4u?s=09
Instagram: jeffreviews4u
Video Editor - InShot
Thumbnail - Canva

As always have a great day!",UCy_fATb5i2F2HEpWfGzePZw,Jeff Reviews4u,"My channel is dedicated to reviewing AS SEEN ON TV items, household items and consumer gadgets.  Once in a while I do a DIY just because I like to. If that interests you I'd love it if you subscribe to my channel. 
My goal is to give these items a thorough review so you can make an educated decision on your purchase.

Looking to update your wardrobe? check out this sweet swag - check out the link in the banner

Want me to review a product for you send me an email- asitime1@gmail.com 
Or send products to:

Jeff Reviews
500 E Main Street
Unit #924
Bedford VA 24523",2010-10-21T17:41:00Z,US,19860925,95900,False,2025-11-02T12:55:18Z,PT5M5S,305,en,en,false,no_captions_reported,,,,public,False,39490,699,81,0,True,1,Is there a colon cancer test I can do at home?,8,💙 cologuard test: step-by-step guide to at-home colon cancer screening,💙 cologuard test: step-by-step guide to at-home colon cancer screening|UCy_fATb5i2F2HEpWfGzePZw,False,"[{""cancer_domain"": ""colon"", ""search_query"": ""Is there a colon cancer test I can do at home?"", ""rank"": 8, ""contributor"": ""Yule"", ""source"": ""Cedars-Sinai"", ""scope_category"": ""Pre-screening education""}]"
batch-yule-colon-001,2026-09-28T00:11:04.741918+00:00,tQXuauTCG6o,https://www.youtube.com/watch?v=tQXuauTCG6o,Measuring the effectiveness of at-home colon cancer screenings,Colon cancer is the fourth most prevalent type of cancer in the United States.,UCOEvClYLRZcT5bNCCI5eMKg,CBS Pittsburgh,"Welcome to the official YouTube page for KDKA-TV CBS Pittsburgh. Your #1 source for breaking news and the Best of Pittsburgh, PA! 

Subscribe to us on YouTube: http://www.youtube.com/user/CBS Pittsburgh
Like us on Facebook:  https://www.facebook.com/CBSPittsburgh
Follow us on Twitter: https://twitter.com/CBSPittsburgh
Check out our Instagram: https://instagram.com/CBSPittsburgh
Join Us On TikTok: https://www.tiktok.com/@cbspittsburgh 
",2014-07-21T18:58:40Z,,236251968,207000,False,2022-12-08T10:58:53Z,PT3M17S,197,en,en,true,captions_reported_available,,,,public,False,603,4,2,0,True,1,Is there a colon cancer test I can do at home?,10,measuring the effectiveness of at-home colon cancer screenings,measuring the effectiveness of at-home colon cancer screenings|UCOEvClYLRZcT5bNCCI5eMKg,False,"[{""cancer_domain"": ""colon"", ""search_query"": ""Is there a colon cancer test I can do at home?"", ""rank"": 10, ""contributor"": ""Yule"", ""source"": ""Cedars-Sinai"", ""scope_category"": ""Pre-screening education""}]"
batch-yule-colon-001,2026-09-28T00:11:04.741918+00:00,0Kjy8aBu5Rc,https://www.youtube.com/watch?v=0Kjy8aBu5Rc,Is a Colonoscopy Painful? A Gastroenterologist Explains,"Is a colonoscopy painful? It’s a common concern, but the truth might surprise you! Bob Aran, D.O., gastroenterologist, explains. 

Why does this matter?
✔️ Colon cancer is the second leading cause of cancer-related deaths but is highly preventable with early detection.
✔️ A colonoscopy can detect precancerous polyps before they develop into cancer.
✔️ If you’re 45 or older, or have a family history of colon cancer, now is the time to schedule your screening.

🏥 Colonoscopies are quick, safe, and typically pain-free thanks to sedation. Don't let fear keep you from taking charge of your health!

📅 Talk to your doctor today about scheduling a colonoscopy. Early detection saves lives!

#ColonCancerAwareness #Colonoscopy #CancerPrevention #HealthScreening #Gastroenterology #GutHealth #EarlyDetection #Healthcare #ColonHealth #PreventColonCancer",UCfzkiKD8UsXeLuQ4_us7TYg,SaintFrancisHealthSystem,"Saint Francis Health System in Tulsa, OK includes: Saint Francis Hospital; Saint Francis Children's Hospital; Heart Hospital at Saint Francis; Saint Francis Hospital South; Laureate Psychiatric Clinic and Hospital; Warren Clinic; Saint Francis Hospital Vinita and Health Zone at Saint Francis.",2009-10-01T02:44:41Z,US,1984252,3830,False,2025-03-20T14:23:29Z,PT25S,25,en,en,false,no_captions_reported,,,,public,False,11023,67,7,0,True,1,Is colonoscopy painful?,1,is a colonoscopy painful? a gastroenterologist explains,is a colonoscopy painful? a gastroenterologist explains|UCfzkiKD8UsXeLuQ4_us7TYg,False,"[{""cancer_domain"": ""colon"", ""search_query"": ""Is colonoscopy painful?"", ""rank"": 1, ""contributor"": ""Yule"", ""source"": ""American Cancer Society"", ""scope_category"": ""Anxiety Reduction""}]"
batch-yule-colon-001,2026-09-28T00:11:04.741918+00:00,bETSDonFe-g,https://www.youtube.com/watch?v=bETSDonFe-g,MYTH: A colonoscopy is painful.,"Dr. Mayin Lin, a Colon and Rectal Surgeon at MercyOne, addresses the common misconception that colonoscopies are painful. https://bit.ly/3JmNNjx",UC0FmDwB5aAhsni5JzLiqRMg,MercyOne,"Experts you trust for all your health and wellness needs. 

Your best life is our one purpose.",2012-04-17T18:52:34Z,US,7490631,8580,False,2024-02-23T15:40:00Z,PT27S,27,en,en,false,no_captions_reported,,,,public,False,2804,6,0,0,True,1,Is colonoscopy painful?,2,myth: a colonoscopy is painful.,myth: a colonoscopy is painful.|UC0FmDwB5aAhsni5JzLiqRMg,False,"[{""cancer_domain"": ""colon"", ""search_query"": ""Is colonoscopy painful?"", ""rank"": 2, ""contributor"": ""Yule"", ""source"": ""American Cancer Society"", ""scope_category"": ""Anxiety Reduction""}]"
batch-yule-colon-001,2026-09-28T00:11:04.741918+00:00,chMZrbRW2DY,https://www.youtube.com/watch?v=chMZrbRW2DY,This is What Happens During a Colonoscopy #pain,"This is What Happens During a Colonoscopy #pain. A colonoscopy is a crucial diagnostic procedure recommended for various indications, playing a pivotal role in preventive healthcare and early detection of colorectal issues. This endoscopic examination involves the insertion of a flexible tube equipped with a camera through the rectum into the colon, allowing for a detailed visual inspection of the colon's lining. Here are some key indications for undergoing a colonoscopy: Screening for Colorectal Cancer: Perhaps the most well-known indication, colonoscopies are recommended for routine screening to detect colorectal cancer in its early stages. Regular screenings are especially vital for individuals with a family history of colorectal cancer or those over the age of 50, as the risk of developing colorectal cancer increases with age. Polyp Detection and Removal: Colonoscopies enable the identification and removal of polyps, which are abnormal growths on the colon lining. Polyps can potentially develop into cancer over time, making their early removal a preventive measure against colorectal cancer. Evaluation of Gastrointestinal Symptoms: Persistent gastrointestinal symptoms such as unexplained abdominal pain, changes in bowel habits, rectal bleeding, or unexplained weight loss may necessitate a colonoscopy to investigate potential underlying issues, including colorectal conditions. Screening for Inflammatory Bowel Disease (IBD): Colonoscopies are instrumental in diagnosing and monitoring conditions like Crohn's disease and ulcerative colitis, both of which fall under the umbrella of inflammatory bowel diseases (IBD). Anemia Investigation: In cases of unexplained anemia, particularly when other diagnostic tests fail to identify the cause, a colonoscopy may be recommended to explore potential gastrointestinal bleeding or colorectal issues. Follow-up for Previous Colorectal Issues: Individuals with a history of colorectal conditions or surgeries may undergo colonoscopies as part of their ongoing monitoring and follow-up care. Evaluation of Unexplained Weight Loss: Unexplained weight loss can be a red flag for various health concerns, including colorectal issues, prompting the need for a thorough examination such as a colonoscopy. Diagnostic Tool for Other Gastrointestinal Conditions: Colonoscopies may be performed as a diagnostic tool to investigate and assess various gastrointestinal conditions beyond colorectal cancer, such as diverticulitis or ischemic colitis. In conclusion, a colonoscopy serves as a versatile and invaluable diagnostic tool, playing a pivotal role in preventive care and the early detection of colorectal issues. Regular screenings and prompt investigations based on specific indications contribute to overall gastrointestinal health and well-being. #ColonoscopyIndications #ColorectalHealth #GastrointestinalScreening #PreventiveCare #ColonCancerPrevention #PolypDetection #GastrointestinalConditions #IBD #DiagnosticProcedures #DigestiveHealth #EarlyDetection #MedicalScreening #GastrointestinalWellness #ColorectalCancerAwareness #DigestiveSystemCheck #AnemiaInvestigation #HealthPrevention #WellnessCheck #GIHealth #ColonoscopyBenefits #fyp #fypシ #medicine",UC2A6IJQ6AZaK_f_r24his6g,Dr Sermed Mezher,"Award winning doctor and published academic author in the UK, MBChB (Hons) MRes. On a mission to help you understand your body in sickness and in health.

For business enquiries please contact hello@sermedmezher.com

First Members Hall of Fame:
1. Joseph Randomness: Resident - The Alpha.
2. Amar Begic: Resident - The Alpha.
3. Janisterzaj: Resident - The Alpha.
4. László Kozma: Dr House - The Omega.
5. Alireza Mirghasemi: Attending - The Sigma.
6. Ruda: Resident - The Alpha.
7. Sal Mance: Resident - The Alpha.
8. CRWC: Resident - The Alpha.
9. David Nelson: Resident - The Alpha.
10. Echelar: Resident - The Alpha.

** The information in this channel is not intended nor implied to be a substitute for professional medical advice, diagnosis or treatment. All content, including text, graphics, images, and information, contained on this channel is for general information purposes only and does not replace a consultation with your own doctor/health professional **
",2016-01-07T20:50:42Z,GB,1247394850,724000,False,2024-02-25T22:28:27Z,PT1M,60,en,en,false,no_captions_reported,,,,public,False,322682,6011,239,0,True,2,Is colonoscopy painful?,3,this is what happens during a colonoscopy #pain,this is what happens during a colonoscopy #pain|UC2A6IJQ6AZaK_f_r24his6g,False,"[{""cancer_domain"": ""colon"", ""search_query"": ""Is colonoscopy painful?"", ""rank"": 3, ""contributor"": ""Yule"", ""source"": ""American Cancer Society"", ""scope_category"": ""Anxiety Reduction""}, {""cancer_domain"": ""colon"", ""search_query"": ""no transportation to get to my colonoscopy appointment"", ""rank"": 7, ""contributor"": ""Yule"", ""source"": ""Forums"", ""scope_category"": ""Pre-screening education""}]"
batch-yule-colon-001,2026-09-28T00:11:04.741918+00:00,mm_h9KFodq4,https://www.youtube.com/watch?v=mm_h9KFodq4,Is Colonoscopy a Painful Procedure? | SJMC Gastroenterologist | Dr Tan Soon Seng,"Is your fear of pain or embarrassment deterring you from getting a colonoscopy?

Who better to set your mind at ease than our Consultant Gastroenterologist, Dr Tan Soon Seng? As someone who is well-versed in the procedure, you can take Dr Tan’s word for it when he explains that colonoscopy is mostly tolerable and how preparing your bowel well can help with the process.

Getting a colonoscopy is life-saving and well-worth your health. 

Schedule one with SJMC Health Screening Centre today:
📧 sjmc.hsc@rsdhealth.com
📞 03 5639 1389 (Health Screening Centre)
🌐 bit.ly/colonoscopy-health-screening-sjmc

#sjmc #subangjayamedicalcentre #peoplecaringforpeople #colon #rectum #colonhealth #colonoscopy #gastroenterologist #gastroenterology #Short",UC1aqu5mD3--XzRQATAxDI_A,SJMC (Subang Jaya Medical Centre),"Subang Jaya Medical Centre (SJMC) is a comprehensive and leading private quaternary hospital in Malaysia with proven medical excellence since 1985. 

SJMC has an impeccable reputation as one of Malaysia's most trusted private medical centres best known for its clinical outcomes. The hospital is an award-winning 442-bed multi-disciplinary quaternary hospital providing comprehensive and complex care in all specialities.

SJP Medical Centres Sdn. Bhd.
(Formerly known as RSD Hospitals Sdn Bhd)
Registration No: 198901004482 (181788-D) 
",2021-09-07T03:33:21.320028Z,MY,476606,1270,False,2023-01-26T09:15:04Z,PT1M3S,63,en,,false,no_captions_reported,,,,public,False,5090,12,2,0,True,1,Is colonoscopy painful?,4,is colonoscopy a painful procedure? | sjmc gastroenterologist | dr tan soon seng,is colonoscopy a painful procedure? | sjmc gastroenterologist | dr tan soon seng|UC1aqu5mD3--XzRQATAxDI_A,False,"[{""cancer_domain"": ""colon"", ""search_query"": ""Is colonoscopy painful?"", ""rank"": 4, ""contributor"": ""Yule"", ""source"": ""American Cancer Society"", ""scope_category"": ""Anxiety Reduction""}]"
batch-yule-colon-001,2026-09-28T00:11:04.741918+00:00,ZRquCNjmZeY,https://www.youtube.com/watch?v=ZRquCNjmZeY,Getting a colonoscopy without anesthesia #shorts,"“When you talk about the pain that you were feeling while you were having a colonoscopy, how severe was that pain? What kind of intensity were you talking about on a scale of one to 10?” 

First of all, when he puts a colonoscopy right there, it's discomfort. Maybe 1, 2, 3. And when you go up to the descending colon, the splenic flexure, it goes to 8, 9, 10.

So tears started going down my eyes, and I was moaning: 10 out of 10. Now he's going to the transverse colon. It's seven out of 10. Now again, this other hepatic flexure, 10 out of 10. It's almost unbearable. Those two flexures are very hard, but it's lasting maybe 30 seconds and 30 seconds, so one minute is very hard, but after that is just a little bit of discomfort.

Mike Neskovic is a family physician.

Link in bio or visit kevinmd.com/podcast

#colonoscopy #anesthesia #physician #coloncancer #familymedicine

SUBSCRIBE TO THE PODCAST → https://www.kevinmd.com/podcast

RATE AND REVIEW → https://www.kevinmd.com/rate

FOLLOW ON INSTAGRAM → https://www.instagram.com/kevinphomd

FOLLOW ON TIKTOK → https://www.tiktok.com/@kevinphomd",UCkkztuiHDPQ7YpPSeG71r8w,"Kevin Pho, MD",Physician | KevinMD.com/podcast,2010-09-09T22:44:43Z,US,4935821,11600,False,2022-11-18T11:52:18Z,PT46S,46,en,en,false,no_captions_reported,,,,public,False,67576,,121,0,True,2,Is colonoscopy painful?,5,getting a colonoscopy without anesthesia #shorts,getting a colonoscopy without anesthesia #shorts|UCkkztuiHDPQ7YpPSeG71r8w,False,"[{""cancer_domain"": ""colon"", ""search_query"": ""Is colonoscopy painful?"", ""rank"": 5, ""contributor"": ""Yule"", ""source"": ""American Cancer Society"", ""scope_category"": ""Anxiety Reduction""}, {""cancer_domain"": ""colon"", ""search_query"": ""afraid of anesthesia for colonoscopy"", ""rank"": 6, ""contributor"": ""Yule"", ""source"": ""Forums"", ""scope_category"": ""Anxiety Reduction""}]"
batch-yule-colon-001,2026-09-28T00:11:04.741918+00:00,ZYQQSHjskmA,https://www.youtube.com/watch?v=ZYQQSHjskmA,Do COLONOSCOPIES HURT? Colonoscopy MYTHS You Shouldn’t Believe! A Doctor Explains,"Y’all! Here are 10 myths about colonoscopies that you SHOULDN’t BELIEVE!

Doctor Gets Colonoscopy Results After the Procedure! What’s Her Diagnosis?
https://youtu.be/sXTAfasmoWw

I'm Getting a Colonoscopy! Come Get Colonoscopy Prep Items With Me! https://youtu.be/d8gvjIwn2aY

Watch Me Mix, Drink & SPILL My Colonoscopy Prep! https://youtu.be/7FBe9KdGQ6w

Doctor Undergoes Colonoscopy: Pre-Op, Post -Op (Still Loopy from Anesthesia) & Results
https://youtu.be/FXSz82hmVC0

What Was the WORST & Most Surprising Thing about Doing the Colonoscopy Prep? https://youtu.be/cpd_H0Rc-og

Also Read: ""5 Myths and a Truth About Colonoscopies:"" https://www.drjencaudle.com/post/5-myths-and-a-truth-about-getting-a-colonoscopy 

Hello! I’m Dr. Jen. I'm a Family Doctor, on-air health expert, and video creator. Welcome to my YouTube Channel and thank you for watching this video! Let me know what you think by posting in the comments and please subscribe to my channel above https://youtube.com/drjencaudle. 

Please join my channel memberships to access special perks:
https://www.youtube.com/channel/UCLpPdayeUfDyh6jg3oN-GIg/join

Subscribe to Dr. Jen's Daily Health Tips for daily health tips emailed directly to your inbox! Sign up for a 7-day free trial: Subscribe here: https://swiy.co/Dr-Jens-Daily-Health-Tips

And, I LOVE social media, so please connect with me on the following:

https://instagram.com/drjencaudle
https://facebook.com/drjencaudle
https://twitter.com/drjencaudle
https://linkedin.com/in/drjencaudle
https://vm.tiktok.com/ZMdmG1PNG/

Please sign up for my free health newsletter at https://drjencaudle.com!

Thanks a bunch, and see you soon!
xo Dr. Jen

#colonoscopyprep #colonoscopy #coloncancer",UCLpPdayeUfDyh6jg3oN-GIg,Dr. Jen Caudle,"Dr. Jennifer Caudle, DO, FACOFP, is a board-certified Family Medicine physician and Associate Professor in the Department of Family Medicine at Rowan University-School of Osteopathic Medicine. Dr. Jen graduated with Honors from Princeton University and earned her medical degree from UMDNJ - School of Osteopathic Medicine.  She is a regular on-air health expert for local and national news networks. She has appeared on NBC Nightly News, TODAY Show, The Doctors, HLN, CNN, The Dr. Oz Show, FOX News, Tamron Hall Show, and many others. Follow her on Instagram, Twitter, TikTok and Threads @drjencaudle, Facebook at FB/drjencaudle, and visit www.drjencaudle.com.",2014-10-09T23:09:33Z,US,56981089,412000,False,2023-04-12T01:29:02Z,PT5M53S,353,en,en,false,no_captions_reported,,,,public,False,2171,81,29,0,True,1,Is colonoscopy painful?,6,do colonoscopies hurt? colonoscopy myths you shouldn’t believe! a doctor explains,do colonoscopies hurt? colonoscopy myths you shouldn’t believe! a doctor explains|UCLpPdayeUfDyh6jg3oN-GIg,False,"[{""cancer_domain"": ""colon"", ""search_query"": ""Is colonoscopy painful?"", ""rank"": 6, ""contributor"": ""Yule"", ""source"": ""American Cancer Society"", ""scope_category"": ""Anxiety Reduction""}]"
batch-yule-colon-001,2026-09-28T00:11:04.741918+00:00,aoQHTtvo-DI,https://www.youtube.com/watch?v=aoQHTtvo-DI,Is a colonoscopy painful?,"Coshocton Regional Medical Center General Surgeons specialize in the diagnosis and repair of conditions of the organs and soft tissue including the stomach, esophagus, small bowel, colon, liver, pancreas, gallbladder and bile ducts, appendix, thyroid gland, skin, breast and soft tissue.
Laparoscopic surgeries are now commonplace for a variety of cases including appendix and gallbladder removal and other procedures appropriate for a patient’s specific condition.
For further information or appointments, contact us
at 740-622-0332.",UCVlNWSJee_4T7BwoKZdv0-g,Coshocton Regional Medical Center,"At Coshocton Regional Medical Center, our providers and staff are dedicated to delivering the highest quality of patient-centered healthcare. We are a leader in award-winning patient care focused on the good health of our community. We are proud to be your trusted community hospital.


#Coshocton Regional Medical Center, #Surgical Clinic #Emergency Service, #Orthopedic Clinic

",2021-02-24T05:55:50.988044Z,,99005,81,False,2025-05-27T03:11:56Z,PT1M5S,65,en,en-US,false,no_captions_reported,,,,public,False,1552,8,0,0,True,1,Is colonoscopy painful?,7,is a colonoscopy painful?,is a colonoscopy painful?|UCVlNWSJee_4T7BwoKZdv0-g,False,"[{""cancer_domain"": ""colon"", ""search_query"": ""Is colonoscopy painful?"", ""rank"": 7, ""contributor"": ""Yule"", ""source"": ""American Cancer Society"", ""scope_category"": ""Anxiety Reduction""}]"
batch-yule-colon-001,2026-09-28T00:11:04.741918+00:00,M0WzJg1b9D8,https://www.youtube.com/watch?v=M0WzJg1b9D8,Is Colonoscopy Painful? | Dr. Kartik Natarajan | Apollo Hospitals | English,"Curious about the colonoscopy procedure and whether it is painful? In this informative video, Dr. Kartik Natarajan from Apollo Hospitals explains everything you need to know about the experience and what to expect during a colonoscopy. Learn about the preparation, the procedure itself, and the aftercare to put your mind at ease. Watch this video to get all your questions answered and understand why a colonoscopy is an important procedure for your health.

Don't forget to like, share, and subscribe for more health-related videos!

#Colonoscopy #Healthcare #ApolloHospitals #DrKartikNatarajan #HealthTips #MedicalAdvice #PatientCare #ColonHealth #PreventiveCare #english",UCEB9CP00uP79VoZvG_94ezw,Dr. Kartik Natarajan,,2024-07-31T16:38:22.56518Z,,2143,24,False,2024-08-13T09:45:01Z,PT4M12S,252,en,,false,no_captions_reported,,,,public,False,547,7,2,0,True,1,Is colonoscopy painful?,8,is colonoscopy painful? | dr. kartik natarajan | apollo hospitals | english,is colonoscopy painful? | dr. kartik natarajan | apollo hospitals | english|UCEB9CP00uP79VoZvG_94ezw,False,"[{""cancer_domain"": ""colon"", ""search_query"": ""Is colonoscopy painful?"", ""rank"": 8, ""contributor"": ""Yule"", ""source"": ""American Cancer Society"", ""scope_category"": ""Anxiety Reduction""}]"
batch-yule-colon-001,2026-09-28T00:11:04.741918+00:00,XDWDUZEYsZ4,https://www.youtube.com/watch?v=XDWDUZEYsZ4,Is Colonoscopy Painful? Here’s the Truth! || Dr Rohit Sharma #colonoscopy #gastroenterology,Worried that colonoscopy is painful? It’s a common myth! Modern colonoscopy is done under sedation — most people feel nothing at all. Don’t let fear stop you from protecting your health.,UC0hIxCjCEq38GmdsN2Dj9Zg,Dr. Rohit Sharma Best Gastroenterologist in Delhi ,,2024-06-17T05:53:22.145237Z,,168544,777,False,2025-07-13T04:30:18Z,PT49S,49,en,,false,no_captions_reported,,,,public,False,3003,47,1,0,True,1,Is colonoscopy painful?,9,is colonoscopy painful? here’s the truth! || dr rohit sharma #colonoscopy #gastroenterology,is colonoscopy painful? here’s the truth! || dr rohit sharma #colonoscopy #gastroenterology|UC0hIxCjCEq38GmdsN2Dj9Zg,False,"[{""cancer_domain"": ""colon"", ""search_query"": ""Is colonoscopy painful?"", ""rank"": 9, ""contributor"": ""Yule"", ""source"": ""American Cancer Society"", ""scope_category"": ""Anxiety Reduction""}]"
batch-yule-colon-001,2026-09-28T00:11:04.741918+00:00,ZvuDf21yvMA,https://www.youtube.com/watch?v=ZvuDf21yvMA,Does a Colonoscopy Hurt? | Dr Sumit Shah #drsumitshah #shorts #colonoscopy #cancer #rectalcancer,"A colonoscopy is not painful. You’re given sedation to keep you relaxed and comfortable. Most patients don't even remember the procedure. It’s a safe, important screening tool that helps detect early signs of colorectal cancer, polyps, and other issues before they become serious.

#Colonoscopy #ColonoscopyAwareness #HealthScreening #ColonHealth #PreventiveCare #CancerPrevention #MedicalProcedure #DrSumitShah #ProlifeCancerCare

[colonoscopy, does colonoscopy hurt, colon cancer screening, colon exam, sedation, early detection, colon health]
------------------------------------------------------------------------------------------------------
Dr. Sumit Shah is the best cancer Surgeon in Pune. He is the Founder of Prolife Cancer Centre which provides the most comprehensive and integrated Cancer Treatment under one roof. He is the Chief Consultant, Surgical Oncologist & Laparoscopic surgeon. He has pursued a super specialty course at the Cancer Centre Welfare Home and Res. Institute, Kolkata and being awarded as the Best Outgoing Cancer Surgeon from this Institute. Dr. Shah is one of the few Cancer Specialist in Pune who possess this recognized degree in Surgical Oncology.

Don't forget to like, share, and subscribe for more valuable health-related content

For More Details :
Call On -  96070 79019
Visit - https://www.prolifecancercentre.co.in/

FOLLOW US ON:
Instagram: https://www.instagram.com/prolifecancercentre/
Facebook: https://www.facebook.com/bestcancercentre

#DrSumitShah #ProlifeCancerCare",UCCne4YuRto9_isqZsIQJ2Gw,Prolife Cancer Centre,"Subscribe :  https://www.youtube.com/channel/UCCne4YuRto9_isqZsIQJ2Gw?sub_confirmation=1

Prolife cancer centre believes there is a better way to provide Cancer Care. It is one of the Best Cancer Care Hospital in Pune. We stick to our mission and core values to cure and provide a better quality of life for our patients. Every patient who trusts us with their care is unique and we are bound to deliver the best care.

Dr.Sumit Shah is the Founder of Prolife Cancer Centre and is the Chief Consultant, Surgical Oncologist & Laparoscopic surgeon. Having pursued a super speciality course at the Cancer Centre Welfare Home and Res. Institute, Kolkata and being awarded as the Best Outgoing Cancer Surgeon from his Institute.

Prolife Cancer Centre provides all treatments related to cancer, oral cancer, mouth cancer, lung cancer etc. By this youtube channel, we provide all details about cancer, cancer symptoms and treatment.

Website: https://www.prolifecancercentre.co.in/",2018-07-27T09:36:53Z,IN,46715516,47100,False,2025-05-14T09:25:22Z,PT38S,38,hi,hi,false,no_captions_reported,,,,public,False,3904,36,0,0,True,1,Is colonoscopy painful?,10,does a colonoscopy hurt? | dr sumit shah #drsumitshah #shorts #colonoscopy #cancer #rectalcancer,does a colonoscopy hurt? | dr sumit shah #drsumitshah #shorts #colonoscopy #cancer #rectalcancer|UCCne4YuRto9_isqZsIQJ2Gw,False,"[{""cancer_domain"": ""colon"", ""search_query"": ""Is colonoscopy painful?"", ""rank"": 10, ""contributor"": ""Yule"", ""source"": ""American Cancer Society"", ""scope_category"": ""Anxiety Reduction""}]"
batch-yule-colon-001,2026-09-28T00:11:04.741918+00:00,-oPqmTOuYjU,https://www.youtube.com/watch?v=-oPqmTOuYjU,How You Can Support a Loved One Through Cancer | Diane Thomas | TEDxEustis,"In this insightful talk, recorded at TEDxEustis 2020, Diane Thomas brings compassion and gentle humor to the moment a friend says “I have cancer.”  Drawing from experience as a survivor, Thomas details strategies you can utilize to support your friend and the things you can say or do that will help you not only mean well, but do well.
Diane Thomas holds two research degrees, and has nearly a decade's experience in both the mortgage industry and in human resources reporting and analytics. Since becoming a financial advisor several years ago, she has been able to combine her two great loves, research and math, with a lifelong commitment to service. She finds deep satisfaction in working with individuals to help them understand the unique pieces of their goals and how they fit together into a coherent whole. Having encountered various personal challenges along the way, Diane is passionate about leveraging experience to positively impact the next conversation and the people with whom she comes in contact. Her husband of 16 years has the near-impossible task of preventing her from volunteering too often, and tolerates her continuous ""Have you ever wondered..."" questions. Their energetic daughter keeps them both tired and amused, and is the light of their lives. Diane Thomas holds two research degrees, and has nearly a decade's experience in both the mortgage industry and in human resources reporting and analytics.  Since becoming a financial advisor several years ago, she has been able to combine her two great loves, research and math, with a lifelong commitment to service.  She finds deep satisfaction in working with individuals to help them understand the unique pieces of their goals and how they fit together into a coherent whole.  Having encountered various personal challenges along the way, Diane is passionate about leveraging experience to positively impact the next conversation and the people with whom she comes in contact.
Her husband of 16 years has the near-impossible task of preventing her from volunteering too often, and tolerates her continuous ""Have you ever wondered..."" questions.  Their energetic daughter keeps them both tired and amused, and is the light of their lives. This talk was given at a TEDx event using the TED conference format but independently organized by a local community. Learn more at https://www.ted.com/tedx",UCsT0YIqwnpJCM-mx7-gSA4Q,TEDx Talks,"TEDx is an international community that organizes TED-style events anywhere and everywhere -- celebrating locally-driven ideas and elevating them to a global stage. TEDx events are produced independently of TED conferences, each event curates speakers on their own, but based on TED's format and rules.

For more information on using TED for commercial purposes (e.g. employee learning, in a film or online course), please submit a Media Request here: https://media-requests.ted.com.",2009-06-23T16:00:48Z,US,9110987071,44700000,False,2020-02-22T18:00:01Z,PT16M52S,1012,en,en,false,no_captions_reported,,,,public,False,113083,2512,184,0,True,1,How do I talk to my family about getting cancer screening,1,how you can support a loved one through cancer | diane thomas | tedxeustis,how you can support a loved one through cancer | diane thomas | tedxeustis|UCsT0YIqwnpJCM-mx7-gSA4Q,False,"[{""cancer_domain"": ""colon"", ""search_query"": ""How do I talk to my family about getting cancer screening"", ""rank"": 1, ""contributor"": ""Yule"", ""source"": ""American Cancer Society"", ""scope_category"": ""Reinforcing screening importance""}]"
batch-yule-colon-001,2026-09-28T00:11:04.741918+00:00,6Xb7xv7xg_Q,https://www.youtube.com/watch?v=6Xb7xv7xg_Q,What to Tell Friends and Family? – Living With Cancer,"Are you wondering if you should let other people know about your breast cancer diagnosis or what is the best way to do so? Are you worried about your privacy? How will people react? In this video, Dr. Jennifer Griggs explains things to think about as you get ready to tell people about your diagnosis.
Get your personalized Yerbba Report at https://www.yerbba.com/

Connect With Yerbba!
WEBSITE: www.yerbba.com
INSTAGRAM: www.instagram.com/yerbba/
BLOG: https://blog.yerbba.com/

#breastcancerthriver #breastcancerawareness #breastcancersupport 
Disclaimer: Yerbba YouTube videos are for informational purposes only, do not constitute medical advice, and are not a substitute for professional medical advice, diagnosis, or treatment. Always seek the advice of your medical team, mental health professional, or other qualified health provider with any questions you may have regarding your medical condition.",UCI2hYJ9qQ9Hu-7nTM82k9Xg,Yerbba – Breast Cancer,"Welcome to the Yerbba YouTube channel, your trusted resource for breast cancer. Here, you will find videos on the latest treatment options, managing side effects, diet, and overall well-being during breast cancer. Dr. William J. Gradishar breaks down complex medical information into clear and easy-to-understand explanations. Our goal is to empower you with the knowledge you need to navigate your breast cancer diagnosis with confidence. Subscribe to stay informed and supported, whether you or a loved one are facing breast cancer. To learn more about your personalized treatment options, visit https://yerbba.com to get your personalized Yerbba Report.
",2020-07-18T22:42:49.807128Z,US,8105832,59600,False,2021-03-23T18:00:01Z,PT10M40S,640,en,en-US,false,no_captions_reported,,,,public,False,16975,591,81,0,True,1,How do I talk to my family about getting cancer screening,2,what to tell friends and family? – living with cancer,what to tell friends and family? – living with cancer|UCI2hYJ9qQ9Hu-7nTM82k9Xg,False,"[{""cancer_domain"": ""colon"", ""search_query"": ""How do I talk to my family about getting cancer screening"", ""rank"": 2, ""contributor"": ""Yule"", ""source"": ""American Cancer Society"", ""scope_category"": ""Reinforcing screening importance""}]"
batch-yule-colon-001,2026-09-28T00:11:04.741918+00:00,pJt6DGx_bhc,https://www.youtube.com/watch?v=pJt6DGx_bhc,The Secret You Need to Know When Facing A Cancer Diagnosis | Kelsey Carignan | TEDxSurrey,"There’s a good chance you or someone you love will be faced with a cancer diagnosis in their lifetime. Join wellness expert, Kelsey Carignan as she shares a total gamechanger when it comes to dealing with hair loss as a side effect of chemotherapy. It might not be for everyone but knowing it’s an option is changing how people experience cancer treatment all over the world. Kelsey Carignan is a mindfulness practitioner and yoga instructor. She received her Bachelor of Arts in Psychology and went on to work as a Mental Health Counselor. Kelsey completed her 200RYT Yoga Certification in 2015 and continues her yoga journey as both a student and a teacher.

Kelsey’s life took a dramatic shift when she was diagnosed with Stage III Breast Cancer in late 2018. She went through a bilateral mastectomy, 8 rounds of chemotherapy and 25 rounds of radiation all before her 34th birthday. Since then, Kelsey has shared her journey and her experience, uniting others through a virtual community called Vibrant Yogi. The community meets for LIVE online classes and infuses kindness into the communities through various initiatives. Kelsey’s personal favourite is lending out Cold Caps to chemotherapy patients, helping many keep their hair during treatment. This talk was given at a TEDx event using the TED conference format but independently organized by a local community. Learn more at https://www.ted.com/tedx",UCsT0YIqwnpJCM-mx7-gSA4Q,TEDx Talks,"TEDx is an international community that organizes TED-style events anywhere and everywhere -- celebrating locally-driven ideas and elevating them to a global stage. TEDx events are produced independently of TED conferences, each event curates speakers on their own, but based on TED's format and rules.

For more information on using TED for commercial purposes (e.g. employee learning, in a film or online course), please submit a Media Request here: https://media-requests.ted.com.",2009-06-23T16:00:48Z,US,9110987071,44700000,False,2023-04-05T15:20:35Z,PT11M20S,680,en,en,false,no_captions_reported,,,,public,False,10009,197,22,0,True,1,How do I talk to my family about getting cancer screening,3,the secret you need to know when facing a cancer diagnosis | kelsey carignan | tedxsurrey,the secret you need to know when facing a cancer diagnosis | kelsey carignan | tedxsurrey|UCsT0YIqwnpJCM-mx7-gSA4Q,False,"[{""cancer_domain"": ""colon"", ""search_query"": ""How do I talk to my family about getting cancer screening"", ""rank"": 3, ""contributor"": ""Yule"", ""source"": ""American Cancer Society"", ""scope_category"": ""Reinforcing screening importance""}]"
batch-yule-colon-001,2026-09-28T00:11:04.741918+00:00,z4GezJiATLQ,https://www.youtube.com/watch?v=z4GezJiATLQ,Lisa: Start the Conversation About Family History of Breast Cancer,"Lisa talks about how she realized that having family members with pre-menopausal breast and ovarian cancer meant that she has a higher risk of getting cancer before she turned 45.  She talks about how this affected her as a young mother and why she takes steps to manage her risk. Lisa provides a tip for talking with family members about their history of cancer.

Comments on this video are allowed in accordance with our comment policy: http://www.cdc.gov/SocialMedia/Tools/CommentPolicy.html",UCiMg06DjcUk5FRiM3g5sqoQ,Centers for Disease Control and Prevention (CDC),"Welcome to the Centers for Disease Control and Prevention. For over 75 years, CDC has been dedicated to protecting health and promoting quality of life through the prevention and control of disease, injury, and disability. We are committed to programs that reduce the health and economic consequences of the leading causes of death and disability, thereby ensuring a long, productive, healthy life for all people. * For questions, please call 1-800-CDC-INFO (1-800-232-4636) TTY: 1-888-232-6348 or visit www.cdc.gov/info to reach English or Spanish-speaking representatives. * Comments received are subject to PRA & may be archived https://www.cdc.gov/Other/policies.html. To review the CDC Comment Policy visit https://www.cdc.gov/other/public-comments.html.",2007-04-19T12:09:10Z,US,594921032,712000,False,2015-05-28T17:39:51Z,PT1M55S,115,en,en,true,captions_reported_available,,,,public,False,2734,13,,0,True,1,How do I talk to my family about getting cancer screening,4,lisa: start the conversation about family history of breast cancer,lisa: start the conversation about family history of breast cancer|UCiMg06DjcUk5FRiM3g5sqoQ,False,"[{""cancer_domain"": ""colon"", ""search_query"": ""How do I talk to my family about getting cancer screening"", ""rank"": 4, ""contributor"": ""Yule"", ""source"": ""American Cancer Society"", ""scope_category"": ""Reinforcing screening importance""}]"
batch-yule-colon-001,2026-09-28T00:11:04.741918+00:00,xiWqL8GlcVU,https://www.youtube.com/watch?v=xiWqL8GlcVU,What to Say to A Friend or Relative With Cancer,,UCvrrpNGZ_WUWW4-jtXtbUCA,Columbia University Department of Surgery,"The Department of Surgery is committed to the pillars of patient care, education, and research. We are dedicated to the continuous improvement of surgical treatment.

Columbia University's Department of Surgery has a roster of 100 faculty members, whose specialties range from basic science research to the most advanced robotic surgical procedures. Nearly 100 fellows and residents provide an invaluable contribution to our department while gaining the training they need to become tomorrow's medical leaders.

",2010-03-23T20:19:28Z,US,19557876,61500,False,2015-06-08T14:10:33Z,PT53S,53,en,en,false,no_captions_reported,,,,public,False,27363,359,35,0,True,1,How do I talk to my family about getting cancer screening,5,what to say to a friend or relative with cancer,what to say to a friend or relative with cancer|UCvrrpNGZ_WUWW4-jtXtbUCA,False,"[{""cancer_domain"": ""colon"", ""search_query"": ""How do I talk to my family about getting cancer screening"", ""rank"": 5, ""contributor"": ""Yule"", ""source"": ""American Cancer Society"", ""scope_category"": ""Reinforcing screening importance""}]"
batch-yule-colon-001,2026-09-28T00:11:04.741918+00:00,LpZeei82orw,https://www.youtube.com/watch?v=LpZeei82orw,How to Flip the Script on Cancer | Dr. Sharlene Gill | TEDxSurrey,"We will all likely be touched by cancer in one form or another – it’s a scary reality. Dr. Sharlene Gill, a Vancouver-based cancer specialist, researcher, and Professor of Medicine, shares inspiring learnings from her 20 years of experience looking after people with cancer – bearing witness to the universal fear associated with a diagnosis of cancer, as well as acts of remarkable courage and major scientific advancements in the treatment of cancer. By approaching cancer with a perspective grounded in awareness, empowerment and action, Dr. Gill believes we can not only reframe our narrative of cancer to one of hope and control, but also ultimately improve our outcomes with cancer. Dr. Sharlene Gill is a Professor of Medicine at the University of British Columbia and a Medical Oncologist specializing in gastrointestinal (GI) malignancies at BC Cancer – Vancouver.  She received a Bachelor’s of Science in Pharmacy followed by her medical degree (MD) from the University of British Columbia in 1996, and then completed residencies in Internal Medicine and Medical Oncology. Dr. Gill subsequently undertook a research fellowship at the Mayo Clinic (Rochester, MN) and a Master’s of Public Health from the Harvard School of Public Health (Boston, MA). In 2011, she spent a year as a Visiting Professor at the Sun-Yat Sen University Cancer Centre in Guangzhou, China.  More recently, she graduated with an MBA from the Kenan-Flagler School of Business at the University of North Carolina in 2017.

With 20 years of clinical experience, Dr. Gill is also actively engaged in education and research, with over 100 peer-reviewed publications and book chapters to her credit, and has presented widely at national and international cancer conferences.  She is committed to scientific research as the path to progress in cancer care, and is the Chair of the GI Disease Site Committee for the Canadian Clinical Trials Group (CCTG).  Dr. Gill also believes that mentorship and advocacy are critical to a sustainable cancer care system – she serves as Chair of the UBC Medicine Mentoring Committee, and as the President-Elect for the Canadian Association of Medical Oncologists. This talk was given at a TEDx event using the TED conference format but independently organized by a local community. Learn more at https://www.ted.com/tedx",UCsT0YIqwnpJCM-mx7-gSA4Q,TEDx Talks,"TEDx is an international community that organizes TED-style events anywhere and everywhere -- celebrating locally-driven ideas and elevating them to a global stage. TEDx events are produced independently of TED conferences, each event curates speakers on their own, but based on TED's format and rules.

For more information on using TED for commercial purposes (e.g. employee learning, in a film or online course), please submit a Media Request here: https://media-requests.ted.com.",2009-06-23T16:00:48Z,US,9110987071,44700000,False,2022-04-20T15:20:34Z,PT12M50S,770,en,en,false,no_captions_reported,,,,public,False,147883,6217,79,0,True,1,How do I talk to my family about getting cancer screening,6,how to flip the script on cancer | dr. sharlene gill | tedxsurrey,how to flip the script on cancer | dr. sharlene gill | tedxsurrey|UCsT0YIqwnpJCM-mx7-gSA4Q,False,"[{""cancer_domain"": ""colon"", ""search_query"": ""How do I talk to my family about getting cancer screening"", ""rank"": 6, ""contributor"": ""Yule"", ""source"": ""American Cancer Society"", ""scope_category"": ""Reinforcing screening importance""}]"
batch-yule-colon-001,2026-09-28T00:11:04.741918+00:00,Q02rU_z74OY,https://www.youtube.com/watch?v=Q02rU_z74OY,Know Your Normal: What to Watch for With Gynecologic Cancers,"You know your body best. When something changes, keeping track of it and speaking up can make a difference.

In this video, Dr. Kimberly Levinson, MD, MPH and Dr. Rebecca Lynn Stone, MD, MS explain what women should know about cervical, uterine and ovarian cancers, from cervical cancer screening and HPV prevention to symptoms such as unusual bleeding, abdominal pain, bloating and frequent urination.

You’ll also get practical questions to bring to your next doctor’s appointment:
• What symptoms or changes should I watch for?
• Does my personal or family history affect my risk?
• Should I consider genetic counseling or testing?
• What screening or prevention steps are right for me?

You do not need to have all the answers before talking with your doctor. Know your normal, track changes and speak up early.

For more information from physicians on reproductive cancers, check out these What Doctors Want Patients to Know™ article: https://ama-assn.co/CervicalCancer 

👉 Subscribe to our YouTube channel for more physician-backed health advice, wellness tips, and preventive care information. 

📧 Sign up for our free weekly newsletter, What Doctors Want Patients to Know™: https://ama-assn.co/Newsletters

#GynecologicCancer #WomensHealth #CervicalCancer #OvarianCancer #UterineCancer #GynecologicCancerAwareness #GYNCancer #CancerSymptoms #HPV #HPVVaccine #PapSmear #CancerPrevention #AmericanMedicalAssociation #AMA",UCE83i5yn_YQ1HnFO027BnnQ,American Medical Association (AMA),"The American Medical Association (AMA) is the largest and only national association that convenes 190+ state and specialty medical societies and other critical stakeholders. Our mission is to promote the art and science of medicine and the betterment of public health. 

The AMA is your powerful ally, focused on addressing the issues important to you, so you can focus on what matters most — patients.

We will meet this challenge — together. https://ama-assn.co/FightingForDocs 

The AMA welcomes online comments that contribute to meaningful conversations about the videos we post. We may remove comments that: 
• Are off-topic, defamatory, insulting, nonsensical, or potentially compromised by conflicts of interest
• Omit or obscure disclosure of identity, professional affiliations, or conflicts of interest
• Make a limited contribution to meaningful or substantive conversation
• Are likely spam
",2009-05-14T20:02:22Z,US,24672556,337000,False,2026-09-22T21:25:21Z,PT5M19S,319,en,en-US,true,captions_reported_available,,,,public,False,104057,42,2,0,True,2,How do I talk to my family about getting cancer screening,7,know your normal: what to watch for with gynecologic cancers,know your normal: what to watch for with gynecologic cancers|UCE83i5yn_YQ1HnFO027BnnQ,False,"[{""cancer_domain"": ""colon"", ""search_query"": ""How do I talk to my family about getting cancer screening"", ""rank"": 7, ""contributor"": ""Yule"", ""source"": ""American Cancer Society"", ""scope_category"": ""Reinforcing screening importance""}, {""cancer_domain"": ""colon"", ""search_query"": ""How to find a doctor for screening and other preventive care"", ""rank"": 3, ""contributor"": ""Yule"", ""source"": ""American Cancer Society"", ""scope_category"": ""Pre-screening education""}]"
batch-yule-colon-001,2026-09-28T00:11:04.741918+00:00,f296DkY_HpQ,https://www.youtube.com/watch?v=f296DkY_HpQ,Breast Cancer Screening With A Positive Family History,"Women with first degree relatives who have had breast cancer should be screened at least 10 years prior to the age their relative was when diagnosed. Due to the variances of family history  you should be seen by a genetic counselor.

Click Here & Get The 15 Breast Cancer Questions To Ask Your Doctor  http://www.breastcanceranswers.com/what-breast-cancer-questions-to-ask/#

Dr. Harness explains that women with first degree relatives who have had breast cancer should be screened at least 10 years prior to the age their relative was when diagnosed. 

Breast Cancer Answers is a social media show where viewers submit a question and get the answer from an expert. Submit your question now at, http://www.breastcanceranswers.com/ask.

This information should not be relied upon as a substitute for personal medical advice, diagnosis or treatment. Use the information provided on this site solely at your own risk.  If you have any concerns about your health, please consult with a physician.",UChC9P0c_dwVHHmDSD4z7EFg,Breast Cancer Answers®,"Breast Cancer Answers is a breast cancer awareness website where patients ask about breast cancer and our experts answer select questions on video. After the video is made, it's posted to the video library for everyone to see and share. 

Our experts discuss topics including newly diagnosed breast cancer, DCIS breast cancer, breast cancer chemotherapy, breast cancer radiation, breast cancer surgery, and much more. 

If you'd like to ask a breast cancer question, visit www.breastcanceranswers.com",2011-02-05T22:14:32Z,,14386177,25300,False,2012-01-06T20:19:42Z,PT3M25S,205,en,en,true,captions_reported_available,,,,public,False,6402,0,0,0,True,1,How do I talk to my family about getting cancer screening,8,breast cancer screening with a positive family history,breast cancer screening with a positive family history|UChC9P0c_dwVHHmDSD4z7EFg,False,"[{""cancer_domain"": ""colon"", ""search_query"": ""How do I talk to my family about getting cancer screening"", ""rank"": 8, ""contributor"": ""Yule"", ""source"": ""American Cancer Society"", ""scope_category"": ""Reinforcing screening importance""}]"
batch-yule-colon-001,2026-09-28T00:11:04.741918+00:00,nw0almfi-ew,https://www.youtube.com/watch?v=nw0almfi-ew,Cancer and Family History: Using Genomics for Prevention,"The risk factors for cancer are many and varied, and inherited genetic mutations play a major role in 5 to 10% of all cancers. When these mutations are identified early, patients are able to work with their healthcare providers to take crucial steps toward care and treatment.

Comments on this video are allowed in accordance with our comment policy:
http://www.cdc.gov/SocialMedia/Tools/CommentPolicy.html",UCiMg06DjcUk5FRiM3g5sqoQ,Centers for Disease Control and Prevention (CDC),"Welcome to the Centers for Disease Control and Prevention. For over 75 years, CDC has been dedicated to protecting health and promoting quality of life through the prevention and control of disease, injury, and disability. We are committed to programs that reduce the health and economic consequences of the leading causes of death and disability, thereby ensuring a long, productive, healthy life for all people. * For questions, please call 1-800-CDC-INFO (1-800-232-4636) TTY: 1-888-232-6348 or visit www.cdc.gov/info to reach English or Spanish-speaking representatives. * Comments received are subject to PRA & may be archived https://www.cdc.gov/Other/policies.html. To review the CDC Comment Policy visit https://www.cdc.gov/other/public-comments.html.",2007-04-19T12:09:10Z,US,594921032,712000,False,2016-04-22T15:38:52Z,PT1H51S,3651,en,en,true,captions_reported_available,,,,public,False,2770,13,,0,True,1,How do I talk to my family about getting cancer screening,10,cancer and family history: using genomics for prevention,cancer and family history: using genomics for prevention|UCiMg06DjcUk5FRiM3g5sqoQ,False,"[{""cancer_domain"": ""colon"", ""search_query"": ""How do I talk to my family about getting cancer screening"", ""rank"": 10, ""contributor"": ""Yule"", ""source"": ""American Cancer Society"", ""scope_category"": ""Reinforcing screening importance""}]"
batch-yule-colon-001,2026-09-28T00:11:04.741918+00:00,aDD8I1rS7dU,https://www.youtube.com/watch?v=aDD8I1rS7dU,How to Prepare for Your Mammogram,"Regular mammograms are more than just a screening, they're a powerful tool in the fight against breast cancer. Early detection can save lives!

Time for your mammogram? Use these tips to prepare.
- Avoid having your mammogram while you’re on your period (or the week before it is due to come!) 
- On the day of your screening, skip deodorant, powders, or perfumes. These can stain the X-ray.
- You’re going to need to be undressed from the waist up, so plan accordingly! You may want to opt for a top and bottoms (like pants, shorts, or a skirt) rather than a dress.",UCieWcGaXf-a2z0ADF-OoCqQ,UPMC,"As one of the leading nonprofit health systems in the United States, the University of Pittsburgh Medical Center (UPMC) develops and delivers Life Changing Medicine.  We've helped thousands of patients and their families by harnessing the power of technology, translating science into cures, and accelerating the pace of innovation worldwide.  

We're committed to serving our community with outstanding patient care while fulfilling our mission to shape tomorrow's health system through clinical and technological innovation, research, and education. 

Browse our playlists to find the latest medical information, tips and testimonials.  For more information, visit our website, UPMC.com.


Every patient's treatment experience is unique. An individual's treatment outcome will depend on his or her personal circumstances, including age, general health, lifestyle, type and severity of disease, and other factors.",2006-07-04T17:48:41Z,US,97859492,53200,False,2023-10-05T16:19:34Z,PT45S,45,en,,false,no_captions_reported,,,,public,False,189759,1356,40,0,True,1,I don't know if I can pay for the tests I need. How much does a cancer screening cost?,2,how to prepare for your mammogram,how to prepare for your mammogram|UCieWcGaXf-a2z0ADF-OoCqQ,False,"[{""cancer_domain"": ""colon"", ""search_query"": ""I don't know if I can pay for the tests I need. How much does a cancer screening cost?"", ""rank"": 2, ""contributor"": ""Yule"", ""source"": ""American Cancer Society"", ""scope_category"": ""Pre-screening education""}]"
batch-yule-colon-001,2026-09-28T00:11:04.741918+00:00,0mZYpABVIF4,https://www.youtube.com/watch?v=0mZYpABVIF4,Can we diagnose cancer with a blood test? Detect Cancer with Blood!,"In this short video, Dr. Vikash Kumar Agarwal asks, ""Can we diagnose cancer with a blood test?"" He discusses the types of blood tests available, their role in detecting cancer, and how these tests can help in early diagnosis and monitoring treatment. This informative guide is essential for anyone curious about the connection between blood tests and cancer detection.

#cancer #cancerawareness #bloodtest",UCKbBFgM0zyd1QcxxVmV_tVA,Dr. Vikash Kumar Agarwal,"Senior Surgical Oncologist with over 2 decades of experience and expertise in successfully carrying out numerous cancer surgeries. Under his stewardship, he has founded The Global Cancer Trust and envisioned a cancer tumour board at VCCC, to bridge the gap between rural and urban areas in terms of providing better medical accessibility for cancer.  He has successfully conducted thousands of cancer operations including Breast Cancer, Throat Cancer, Oral cancer, Thyroid Cancer, Colorectal Cancer, Gynaecological Cancer, and Upper Gastrointestinal Cancer. His Specialisations include Robotic Cancer Surgery, Head and Neck Cancer Surgery, Breast OncoPlastic Surgery, and many more.

He is currently the Senior Surgical Oncologist at Apollo Multispeciality Hospital, Kolkata, and V Care Cancer Center, Kolkata.  In order to create a society free from cancer he has spearheaded over 300 physical seminars and 200 virtual webinars for cancer prevention across the globe. 
",2018-06-06T06:02:43Z,IN,1754006,3360,False,2024-08-21T11:15:58Z,PT57S,57,en-IN,hi,false,no_captions_reported,,,,public,False,114466,1378,18,0,True,1,I don't know if I can pay for the tests I need. How much does a cancer screening cost?,3,can we diagnose cancer with a blood test? detect cancer with blood!,can we diagnose cancer with a blood test? detect cancer with blood!|UCKbBFgM0zyd1QcxxVmV_tVA,False,"[{""cancer_domain"": ""colon"", ""search_query"": ""I don't know if I can pay for the tests I need. How much does a cancer screening cost?"", ""rank"": 3, ""contributor"": ""Yule"", ""source"": ""American Cancer Society"", ""scope_category"": ""Pre-screening education""}]"
batch-yule-colon-001,2026-09-28T00:11:04.741918+00:00,HtRASqer100,https://www.youtube.com/watch?v=HtRASqer100,NEW TEST to Detect Cancer,"‼️New cancer science ‼️

A new blood test to detect cancer (plus new science on how it works)

The ctDNA test has actually been around for many years but new studies are showing it’s usefulness in breast cancer - especially triple negative.

Here’s how it works.

When cancer cells break down through their natural cell cycle, they release small pieces of genetic material into the blood stream. This is known as circulating tumor DNA.

With a simple blood draw, you can start to detect is tiny fragments of genetic material are present - meaning there is likely cancer somewhere in the body.

Now - what’s interesting is that these levels are starting to be used in triple negative breast cancer to determine likelihood of recurrence. If you have a positive test when you finish treatment, higher risk of recurrence.

But here is where the science is lacking😬

What do you do about a positive test?
‼️More frequent follow up?
‼️Treatment?

This is exactly what the ZEST trial is currently attempting to answer. More on that soon.

Until then, we have to use these ctDNA tests as best we can. ♥️

If you want evidence based support to help prevent a cancer recurrence then start here.

Download your free copy of “15 Cancer Recovery Recipes for Women.” Click the link in my bio to get your free copy now. 💫💫

#cancer #survivor #fuckcancer #breastcancer #cancersurvivor #cancersucks #cancersurvivor #cancerblogger #brca #youngsurvivor #lifeaftercancer #cancersupport #weightloss #loseweight #menopause #forcedmenopause #menopausebelly #menopauseweightloss #menopauseweightgain #chemicalmenopause",UCUt9Vi6ZoFOWQIBqJeurqew,Dr. Amy - Cancer Researcher & Cancer Survivor,"You can completely recover from cancer.  I’m living proof!

Helping thousands of women diagnosed with cancer, I've discovered exactly what you need for recovery, remission and radical weight loss. 

Life has offered me a unique view into cancer care.  With over 15 years of clinical experience, a Doctorate Degree Focusing in Cancer Care (University of Toronto, College of Pharmacy), and as a STAGE 3 Cancer Survivor,  I truly understand what it's like to go through cancer. Full story HERE: https://www.cancerfreedomprogram.com/about-dr-amy

But now - there are many days when I find it hard to believe that I ever had cancer at all. 

Whenever you’re ready, here are the 2 best ways I can help you…

1) “Your A-Z Guide to Staying Cancer Free”
Click HERE : https://www.cancerfreedomprogram.com/azcancerfree

2) Apply for the Cancer Freedom Program.  Get started with a customized cancer recovery plan, then apply for The Cancer Freedom Program. 
Click HERE - https://www.cancerfreedomprogram.com/
",2017-05-09T20:11:26Z,,38030258,286000,False,2023-05-25T13:00:11Z,PT55S,55,en,en,false,no_captions_reported,,,,public,False,18103,524,19,0,True,1,I don't know if I can pay for the tests I need. How much does a cancer screening cost?,4,new test to detect cancer,new test to detect cancer|UCUt9Vi6ZoFOWQIBqJeurqew,False,"[{""cancer_domain"": ""colon"", ""search_query"": ""I don't know if I can pay for the tests I need. How much does a cancer screening cost?"", ""rank"": 4, ""contributor"": ""Yule"", ""source"": ""American Cancer Society"", ""scope_category"": ""Pre-screening education""}]"
batch-yule-colon-001,2026-09-28T00:11:04.741918+00:00,6AcGUZN8IVw,https://www.youtube.com/watch?v=6AcGUZN8IVw,Breast biopsies are ordered when breast cancer may be present. More info in description! #Biopsy,"Breast biopsies are ordered when breast cancer may be present. During this process, the doctor removes small pieces of breast tissue from the suspicious area so they can be looked at in the lab to see if they contain cancer cells.

Rest assured, needing a breast biopsy does not necessarily mean you have cancer; in fact, most test results show no breast cancer present according to the American Cancer Society. 

Our team understands the anxieties and uncertainy that comes with a breast biopsy order. We are here to walk you through every step with compassion and expertise. #BreastBiopsy #BreastCancer #Awareness 

https://www.cancer.org/cancer/types/breast-cancer/screening-tests-and-early-detection/breast-biopsy.html",UCiADIIX1781o0dPxPkG2_MQ,Breastlink,"Welcome to Breastlink. Whether you need a routine breast exam, require treatment for breast cancer or a breast cancer second opinion, our medical professionals are equipped to meet your needs in a compassionate, knowledgeable and professional manner. Our network of breast health centers serve women and men all over Southern California and Arizona.

We can pair you with the right doctor no matter what your breast health needs may be. Our comprehensive network of breast specialists includes medical oncologists, plastic surgeons, psychotherapists, radiologists, researchers and surgeons. Breast cancer treatment involves both collaborative care and patient participation.

We are a proud RadNet Imaging center. ",2011-06-07T21:37:34Z,,7009519,3860,False,2024-01-05T17:15:48Z,PT10S,10,en,en,false,no_captions_reported,,,,public,False,345360,1004,44,0,True,1,I don't know if I can pay for the tests I need. How much does a cancer screening cost?,6,breast biopsies are ordered when breast cancer may be present. more info in description! #biopsy,breast biopsies are ordered when breast cancer may be present. more info in description! #biopsy|UCiADIIX1781o0dPxPkG2_MQ,False,"[{""cancer_domain"": ""colon"", ""search_query"": ""I don't know if I can pay for the tests I need. How much does a cancer screening cost?"", ""rank"": 6, ""contributor"": ""Yule"", ""source"": ""American Cancer Society"", ""scope_category"": ""Pre-screening education""}]"
batch-yule-colon-001,2026-09-28T00:11:04.741918+00:00,iD4lvCwr4nk,https://www.youtube.com/watch?v=iD4lvCwr4nk,FIRST Signs of Breast Cancer!,"Skin changes may be your FIRST sign of breast cancer. CHECK YOUR SKIN👉SHARE THIS WITH A FRIEND 

#breastcancerawareness #skinsvitals",UCDc2wFMXTSApCa4UwDrdz_Q,The Budget Dermatologist,"ALL SKIN TYPES WELCOME HERE!! I’m Dr. Maren Locke, board-certified dermatologist known globally as “The Budget Dermatologist.” This channel is all about real, unfiltered skin and my mission to REWRITE BEAUTY STANDARDS. Beauty and skin health should be individualized, realistic, approachable, and NOT all-consuming. I’m here to un-complicate skincare with evidence-based education, personalized routines that actually work, and insider tips on when to save vs. splurge so you can get premium skin without the price tag. Ready to feel confident in your skin? Hit subscribe!

Disclaimer: This content is for informational purposes only and not a substitute for professional medical advice. Viewing or subscribing does not create a physician–patient relationship. Always seek advice from your own dermatologist or healthcare provider regarding any medical concerns.
",2020-04-13T17:43:26.913244Z,US,76149509,724000,False,2024-10-29T16:00:45Z,PT34S,34,en,en,false,no_captions_reported,,,,public,False,200132,1788,33,0,True,1,I don't know if I can pay for the tests I need. How much does a cancer screening cost?,8,first signs of breast cancer!,first signs of breast cancer!|UCDc2wFMXTSApCa4UwDrdz_Q,False,"[{""cancer_domain"": ""colon"", ""search_query"": ""I don't know if I can pay for the tests I need. How much does a cancer screening cost?"", ""rank"": 8, ""contributor"": ""Yule"", ""source"": ""American Cancer Society"", ""scope_category"": ""Pre-screening education""}]"
batch-yule-colon-001,2026-09-28T00:11:04.741918+00:00,w-WmNcQ0jS0,https://www.youtube.com/watch?v=w-WmNcQ0jS0,How to NEVER Get Cancer,"What if you could actually take control of your health and never get cancer? Millions of people search every day for the best ways to prevent cancer naturally, but the truth is most people never hear the real secrets. In this video, I’ll reveal the most powerful anti-cancer strategies that can protect your body and dramatically lower your risk.

Just so you know, my full line of high-quality supplements is available on Amazon — search Dr. Berg Supplements. 

👉 Get Dr. Berg’s Daily Routine as a free download: https://drbrg.co/4q3h0Fz

Watch until the end to learn how to never get cancer and live a long, healthy life.

21 Ways to Reduce Your Cancer Risk: ➡️ https://drbrg.co/46NsqWy

Dr. Eric Berg DC Bio:
Dr. Berg, age 60, is a chiropractor who specializes in Healthy Ketosis & Intermittent Fasting. He is the author of the best-selling book ""The Healthy Keto Plan"" and is the Director of Dr. Berg Nutritionals. He no longer practices but focuses on health education through social media.

Follow Me on Social Media:
YouTube:  https://drbrg.co/drberg 

YouTube Shorts: https://www.youtube.com/@UCpWhiwlOPxOmwQu5xyjtLDw 

Keto Recipe: https://www.youtube.com/@drbergketorecipes

Facebook: https://www.facebook.com/drericberg 

Instagram:  https://www.instagram.com/drericberg/ 

Spotify Podcast: 🎧 https://drbrg.co/DrBerg-Spotify

TikTok: https://www.tiktok.com/@drbergofficial 

X: https://x.com/dr_ericberg

Disclaimer:
Dr. Eric Berg received his Doctor of Chiropractic degree from Palmer College of Chiropractic in 1988.  His use of “doctor” or “Dr.” in relation to himself solely refers to that degree.  Dr. Berg is a licensed chiropractor in Virginia, California, and Louisiana, but he no longer practices chiropractic in any state and does not see patients so he can focus on educating people as a full-time activity, yet he maintains an active license. This video is for general informational purposes only.  It should not be used to self-diagnose and it is not a substitute for a medical exam, cure, treatment, diagnosis, prescription, or recommendation.  It does not create a doctor-patient relationship between Dr. Berg and you.  You should not make any change in your health regimen or diet before first consulting a physician and obtaining a medical exam, diagnosis, and recommendation.  Always seek the advice of a physician or other qualified health provider with any questions you may have regarding a medical condition. 

#keto #ketodiet #weightloss #ketolifestyle",UC3w193M5tYPJqF0Hi-7U-2g,Dr. Eric Berg DC,"With over 48,000,000 followers worldwide, Dr. Eric Berg DC spreads the truth about getting healthy and losing weight. Dr. Berg DC, age 61, specializes in Healthy Keto® and Intermittent Fasting. He is the director of Dr. Berg's Nutritionals and a best-selling Amazon author.

His book, The Healthy Keto Plan describes specific strategies on doing the healthy version of the ketogenic diet as well as intermittent fasting. He has conducted over 4800 seminars on health-related topics and trained over 2500 doctors world-wide in his methods. Dr. Berg breaks down confusing complex health topics into easy to understand, usable knowledge. 

For more information, go to our website at www.drberg.com or call customer service at 1-800-816-8184.

Dr. Eric Berg, D.C. — not a medical doctor. Educational only, not medical advice. 

By:
Dr. Eric Berg DC
912 Drew Street
Suite 203-13
Clearwater, FL 33755
",2008-11-23T18:27:59Z,US,3740906323,15000000,False,2025-09-23T10:01:28Z,PT58S,58,en-US,en-US,false,no_captions_reported,,,,public,False,3615725,139491,2001,0,True,1,I don't know if I can pay for the tests I need. How much does a cancer screening cost?,9,how to never get cancer,how to never get cancer|UC3w193M5tYPJqF0Hi-7U-2g,False,"[{""cancer_domain"": ""colon"", ""search_query"": ""I don't know if I can pay for the tests I need. How much does a cancer screening cost?"", ""rank"": 9, ""contributor"": ""Yule"", ""source"": ""American Cancer Society"", ""scope_category"": ""Pre-screening education""}]"
batch-yule-colon-001,2026-09-28T00:11:04.741918+00:00,uwzW9iNp538,https://www.youtube.com/watch?v=uwzW9iNp538,The Best Test for Diagnosing Cancer! | Dr Aditya Kulkarni #dradityakulkarni #oasisclinic #cancer,"The best test for diagnosing cancer depends on the type and symptoms. Common tests include:

Biopsy: Examining a tissue sample for cancer cells.
Imaging Tests (CT scan, MRI, X-ray, PET scan): Help detect tumors and check for spread.
Blood Tests (e.g., PSA, CA-125, CEA): Measure tumor markers for specific cancers.
Endoscopy: Visual inspection of organs (e.g., colonoscopy, bronchoscopy).

Your doctor will recommend the best test based on symptoms and suspected cancer type.

#CancerDiagnosis #Biopsy #ImagingTests #BloodTests #CancerScreening #CTScan #MRIScan #PETScan #Endoscopy #CancerAwareness #HealthCheckup #CancerDetection",UCtMRMf-LzXkKYkeQdnO2t_Q,Dr Aditya Kulkarni Gastro & Oncosurgeon,"Dr Aditya Kulkarni is a Senior Consultant Laparoscopic & Robotic Gastrointestinal, Hepatobiliary-Pancreatic, and Cancer Surgeon and Director, Oasis Clinic Center of Excellence for Gastro Surgery and GI Cancer Care, Pune. He is trained in GI surgery and GI cancer treatments from PGI, Chandigarh.

He has a vast experience of 1000+ gastrointestinal and hepatobiliary-pancreatic surgical procedures and 200+ major robotic surgical procedures for cancer.

He is the only surgeon in Pune who has completed this dedicated fellowship in robotic surgical oncology. With 9 years of experience in the field, he is considered by many to be the best laparoscopic cancer surgeon in Pune.

Qualifications
MS, DNB, MNAMS, FRCS (Edinburgh) (General Surgery)
FMAS, FIAGES (Minimal Invasive Surgery)
MCh (Surgical Gastroenterology)
Fellowship in Robotic Oncosurgery

Consultant Laparoscopic and Robotic Gastrointestinal, Hepatobiliary-pancreatic Cancer Surgeon
Ruby Hall Clinic, Pune.",2020-10-10T10:43:14.781161Z,IN,8590702,30500,False,2024-12-26T08:28:36Z,PT49S,49,hi,hi,false,no_captions_reported,,,,public,False,88953,885,21,0,True,1,I don't know if I can pay for the tests I need. How much does a cancer screening cost?,10,the best test for diagnosing cancer! | dr aditya kulkarni #dradityakulkarni #oasisclinic #cancer,the best test for diagnosing cancer! | dr aditya kulkarni #dradityakulkarni #oasisclinic #cancer|UCtMRMf-LzXkKYkeQdnO2t_Q,False,"[{""cancer_domain"": ""colon"", ""search_query"": ""I don't know if I can pay for the tests I need. How much does a cancer screening cost?"", ""rank"": 10, ""contributor"": ""Yule"", ""source"": ""American Cancer Society"", ""scope_category"": ""Pre-screening education""}]"
batch-yule-colon-001,2026-09-28T00:11:04.741918+00:00,YyU4YVaQSiQ,https://www.youtube.com/watch?v=YyU4YVaQSiQ,How To Find A Doctor For A Thorough Clinical Breast Exam? - Breast Cancer Support Channel,"How To Find A Doctor For A Thorough Clinical Breast Exam? Are you looking for guidance on how to find a healthcare professional for a thorough breast health check? In this informative video, we'll walk you through the steps to locate a qualified provider for a clinical breast exam. We'll cover how to navigate your insurance network, find reputable clinics, and seek recommendations from trusted sources. You'll learn what to consider when choosing a provider, including comfort level and specialization, to ensure you receive the best care possible. We’ll also explain what to expect during your appointment and how these exams fit into your overall breast health routine. Additionally, we'll discuss how often you should schedule these exams based on your personal risk factors and the importance of combining them with other screening methods like mammograms. Whether you're starting your breast health journey or updating your screening schedule, this video provides essential tips to help you take proactive steps. Remember, early detection plays a vital role in maintaining breast health, so making informed choices about your healthcare providers is key. Join us to learn more about how to prioritize your well-being and stay proactive in your health management. 

🔗H

⬇️ Subscribe to our channel for more valuable insights.

🔗Subscribe: https://www.youtube.com/@BreastCancerSupportChannel/?sub_confirmation=1 

#BreastHealth #BreastCancerAwareness #BreastExam #HealthTips #EarlyDetection #WomensHealth #BreastScreening #Mammogram #HealthCare #PreventiveCare #SelfCare #WomenWellness #MedicalGuidance #HealthEducation #BreastCancerSupport 

About Us: Welcome to the Breast Cancer Support Channel! Our mission is to provide essential information about breast cancer to help individuals navigate their journey. We cover a wide range of topics including breast cancer symptoms, screening guidelines like mammograms, various types and stages of breast cancer, and treatment options including chemotherapy, radiation, and surgery. We also discuss reconstruction options and living with breast cancer while connecting viewers with supportive resources and groups. The content provided is for general informational and educational purposes only. It is not intended to substitute for professional medical advice, diagnosis, or treatment. Never disregard professional medical advice or delay seeking it because of something you have seen in this content. Never rely on this information in place of consulting with qualified healthcare professionals. The creators and distributors of this content are not responsible for any adverse effects or consequences resulting from the use of any suggestions, preparations, or procedures described in this material. Always consult with your healthcare provider before starting any new health-related practice or program.",UC4RHFEm1Iw1Sfd4rqv-0l8Q,Breast Cancer Support Channel,"Welcome to the Breast Cancer Support Channel! Our mission is to provide essential information about breast cancer to help individuals navigate their journey. We cover a wide range of topics including breast cancer symptoms, screening guidelines like mammograms, various types and stages of breast cancer, and treatment options including chemotherapy, radiation, and surgery. We also discuss reconstruction options and living with breast cancer while connecting viewers with supportive resources and groups.

DISCLAIMER: This content is independently produced and not affiliated with any brands, products, or organizations mentioned. All trademarks belong to their respective owners. The information provided is for informational purposes only and may not reflect the most current research or recommendations. We encourage viewers to consult official sources for the latest updates and professional advice.
",2025-03-27T20:05:43.522408Z,US,93111,287,False,2025-09-01T03:44:21Z,PT3M29S,209,en,,false,no_captions_reported,,,,public,False,11,0,0,0,True,1,How to find a doctor for screening and other preventive care,1,how to find a doctor for a thorough clinical breast exam? - breast cancer support channel,how to find a doctor for a thorough clinical breast exam? - breast cancer support channel|UC4RHFEm1Iw1Sfd4rqv-0l8Q,False,"[{""cancer_domain"": ""colon"", ""search_query"": ""How to find a doctor for screening and other preventive care"", ""rank"": 1, ""contributor"": ""Yule"", ""source"": ""American Cancer Society"", ""scope_category"": ""Pre-screening education""}]"
batch-yule-colon-001,2026-09-28T00:11:04.741918+00:00,q65ZxI1pV_I,https://www.youtube.com/watch?v=q65ZxI1pV_I,Which health screening tests do I need and when should I get them? Ask the Doctor,"What are screening tests and which tests are available? 

Earlier this year, Dr. Maria Maldonado provided valuable information on preventative care. In continuation of this topic, Dr. Maldonaldo discusses the importance of screening tests, highlights some of the recommended tests, and answers top questions about health screens in the latest episode of Ask the Doctor. 

Dr. Maldonado is a family medicine physician who graduated from the Emanate Health Family Medicine Residency Program. Born and raised in the San Gabriel Valley, Dr. Maldonado has an intrinsic understanding of the community members to whom she provides care.

Learn more about the Emanate Health Care Center: https://www.emanatehealth.org/carecenter",UCVRy2oc-qcvi-mpVEBRghNg,Emanate Health,,2018-06-18T21:05:59Z,US,137107,418,False,2022-11-23T22:25:18Z,PT5M24S,324,en,en-US,false,no_captions_reported,,,,public,False,365,4,1,0,True,1,How to find a doctor for screening and other preventive care,2,which health screening tests do i need and when should i get them? ask the doctor,which health screening tests do i need and when should i get them? ask the doctor|UCVRy2oc-qcvi-mpVEBRghNg,False,"[{""cancer_domain"": ""colon"", ""search_query"": ""How to find a doctor for screening and other preventive care"", ""rank"": 2, ""contributor"": ""Yule"", ""source"": ""American Cancer Society"", ""scope_category"": ""Pre-screening education""}]"
batch-yule-colon-001,2026-09-28T00:11:04.741918+00:00,MAtpQ87xuCY,https://www.youtube.com/watch?v=MAtpQ87xuCY,Where To Find A Virtual Doctor For Prevention?,"Are you wondering where to find a virtual doctor who can help you focus on preventive health? This video guides you through the best platforms and services for connecting with online physicians dedicated to proactive wellness and early detection.

In this video, we explore:
 ► The key benefits of utilizing virtual doctors for comprehensive preventive care.
 ► Top online platforms and services that connect you with qualified virtual physicians.
 ► How virtual preventive care can empower you to manage your health proactively.
 ► Tips for choosing the right virtual doctor for your long-term wellness goals.


#VirtualDoctor, #PreventiveCare, #Telehealth, #OnlineHealth, #Wellness",UC1HAeTHQ3sgOEcBKFIGzh_w,Telehealth Care Expert,"Welcome to Telehealth Care Expert! Our channel is dedicated to demystifying telehealth services for you. We discuss various topics including virtual doctor visits, the benefits of telehealth, telemedicine platforms, remote patient monitoring, mental health teletherapy, and how to set up telehealth appointments. We're here to make digital healthcare accessible and understandable.

Our goal is to keep you informed about the future of digital healthcare, including insurance coverage for telehealth and management of chronic conditions through these services.

DISCLAIMER: This content is independently created and not affiliated with any brands, products, or organizations mentioned. All trademarks belong to their respective owners. The information provided is for general informational purposes only and should not be considered as professional advice. Verify current information through official channels.
",2025-04-28T19:18:49.389945Z,US,17975,124,False,2025-11-29T21:30:31Z,PT3M20S,200,en,,false,no_captions_reported,,,,public,False,4,0,0,0,True,1,How to find a doctor for screening and other preventive care,4,where to find a virtual doctor for prevention?,where to find a virtual doctor for prevention?|UC1HAeTHQ3sgOEcBKFIGzh_w,False,"[{""cancer_domain"": ""colon"", ""search_query"": ""How to find a doctor for screening and other preventive care"", ""rank"": 4, ""contributor"": ""Yule"", ""source"": ""American Cancer Society"", ""scope_category"": ""Pre-screening education""}]"
batch-yule-colon-001,2026-09-28T00:11:04.741918+00:00,UCxCm6Ux7LY,https://www.youtube.com/watch?v=UCxCm6Ux7LY,Mammography Screening Guidelines-Mayo Clinic,"The U.S. Preventive Services Task Force recently revised its screening recommendations for breast cancer based upon an analysis of various mammography screening schedules.  Experts suggest screening every two years for average risk women ages 50 to 74 achieves most of the benefits of annual screening, but with less harm. Furthermore, although there was a decrease in mortality for women ages 40 to 49, screening resulted in additional mammograms and false positives, therefore is not being recommended. These findings are published in the November 17, 2009 Annals of Internal Medicine. Sandhya Pruthi, M.D., director of Mayo Clinic Breast Clinic, Rochester, Minn., responds to this news.",UC8fQzKHIhSoZeSq3bwQx4mw,Mayo Clinic,"Mayo Clinic is a nonprofit worldwide leader in medical care, research and education for people from all walks of life. Doctors from every medical specialty work together to care for patients, joined by common systems and a philosophy of ""the needs of the patient come first."" Our headquarters are located in Rochester, MN, while we have campuses in Florida and Arizona.

Looking to connect with others facing similar health issues? Check out Mayo Clinic Connect — an online community where you can share your experiences, ask questions and find support from people like you.

Mayo Clinic locations and more: https://www.mayoclinic.org/about/
Detailed list of all our phone numbers: https://www.mayoclinic.org/contact/

*For the safety of our patients, staff and visitors, Mayo Clinic has strict masking policies in place. Anyone shown without a mask was either recorded prior to COVID-19 or recorded in a non-patient care area where social distancing and other safety protocols were followed.
",2006-06-16T03:47:20Z,US,497923121,1260000,False,2009-11-16T21:33:17Z,PT2M48S,168,en,en,false,no_captions_reported,,,,public,False,4279,8,1,0,True,1,How to find a doctor for screening and other preventive care,5,mammography screening guidelines-mayo clinic,mammography screening guidelines-mayo clinic|UC8fQzKHIhSoZeSq3bwQx4mw,False,"[{""cancer_domain"": ""colon"", ""search_query"": ""How to find a doctor for screening and other preventive care"", ""rank"": 5, ""contributor"": ""Yule"", ""source"": ""American Cancer Society"", ""scope_category"": ""Pre-screening education""}]"
batch-yule-colon-001,2026-09-28T00:11:04.741918+00:00,UCYCY5z_Ujg,https://www.youtube.com/watch?v=UCYCY5z_Ujg,Get the Facts First | Breast Cancer Screening,"Mammograms can save lives, but when should you start?  UCLA Health's Dr. Carol Mangione has the answer. ""Get The Facts First"" is a weekly segment created in partnership with ABC7. 
Find more at teamla.uclahealth.org.",UCb_JYhqnSdEejiznUm3XNqQ,UCLA Health,"For more than half a century, UCLA Health System has provided the best in healthcare and the latest in medical technology to the people of Los Angeles and throughout the world. 

Comprised of Ronald Reagan UCLA Medical Center, UCLA Medical Center, Santa Monica, Resnick Neuropsychiatric Hospital at UCLA, UCLA Mattel Children's Hospital, and the UCLA Medical Group with its wide-reaching system of primary-care and specialty-care offices throughout the region, UCLA Health System is among the most comprehensive and advanced healthcare systems in the world. Visit us at www.uclahealth.org",2007-09-26T23:51:13Z,US,136107649,582000,False,2021-06-22T18:38:43Z,PT31S,31,en,en-US,false,no_captions_reported,,,,public,False,841,8,1,0,True,1,How to find a doctor for screening and other preventive care,6,get the facts first | breast cancer screening,get the facts first | breast cancer screening|UCb_JYhqnSdEejiznUm3XNqQ,False,"[{""cancer_domain"": ""colon"", ""search_query"": ""How to find a doctor for screening and other preventive care"", ""rank"": 6, ""contributor"": ""Yule"", ""source"": ""American Cancer Society"", ""scope_category"": ""Pre-screening education""}]"
batch-yule-colon-001,2026-09-28T00:11:04.741918+00:00,8c7qTsVVxXw,https://www.youtube.com/watch?v=8c7qTsVVxXw,Do More Screening Tests Lead to Better Health? Choosing Wisely,"Subscribe to the Evans Health Lab newsletter on Substack. Evidence based, illustrated, and occasionally funny. https://drmikeevans.substack.com

For more information on specific tests and treatments please visit http://www.choosingwiselycanada.org/

Follow Dr. Mike on:
Instagram:@docmikeevans
YouTube: @docmikeevans
LinkedIn: Michael Evans M.D.

Dr. Mike Evans is a Professor of Family Medicine at the University of Toronto, a former Director of Special Projects in Health @Apple, and now semi-retired - a term he defines as...""having slightly more time for newsletters, whiteboards, dog walking, and beer-league hockey.""

Written, Narrated and Produced by Dr. Mike Evans
Illustrations by Liisa Sorsa
Directed and Photographed and Produced by Nick De Pencier 
Editor, David Schmidt 
Story/Graphic Facilitator, Disa Kauk 
Production Assistant, Chris Niesing 
Director of Operations, Mike Heinrich 

©2015 Michael Evans and Reframe Health Films Inc.",UCL-IWPkXQn3JYYYsPnpGlIg,DocMikeEvans,"Hey everyone,
We originally built this channel as a kind of “Med School for the Public,” turning complex health topics into simple whiteboard videos. Then I got an unexpected call from Apple, and spent the next decade helping build health products and creating health education behind the scenes.Many of the whiteboards continued, but they lived inside Apple and never made it to YouTube.
Now, after ten amazing years, I’m back.
I’ve launched Evans Health Lab, a Substack where I share thoughtful (and hopefully occasionally funny) essays on the science of healthy aging, health, and how to stay functional as the years add up and the joints get a little squeakier.
If that sounds interesting, I’d love for you to join us there (link below).
And stay tuned, we’re about to kick off a big whiteboard comeback on this channel.
Dr. Mike
",2009-11-20T19:16:19Z,,32973130,177000,False,2015-11-12T17:55:25Z,PT10M18S,618,en,en-GB,false,no_captions_reported,,,,public,False,79985,682,37,0,True,1,How to find a doctor for screening and other preventive care,7,do more screening tests lead to better health? choosing wisely,do more screening tests lead to better health? choosing wisely|UCL-IWPkXQn3JYYYsPnpGlIg,False,"[{""cancer_domain"": ""colon"", ""search_query"": ""How to find a doctor for screening and other preventive care"", ""rank"": 7, ""contributor"": ""Yule"", ""source"": ""American Cancer Society"", ""scope_category"": ""Pre-screening education""}]"
batch-yule-colon-001,2026-09-28T00:11:04.741918+00:00,BbcrZEAQNU8,https://www.youtube.com/watch?v=BbcrZEAQNU8,Think Pink: How Your PCP Can Help Prevent Breast Cancer and More | Greater Tri Cities IPA,"October is Breast Cancer Awareness Month, and it’s more than just pink ribbons—it's your reminder to take charge of your health through preventive care with your Primary Care Physician (PCP).

Early detection saves lives. With a 99% survival rate when caught early, breast cancer screenings—along with checkups for other silent conditions like heart disease and diabetes—should be a top priority.

In this video, Greater Tri Cities IPA shares how building a relationship with a trusted PCP in North San Diego County can help you stay ahead of illness, reduce anxiety, and make empowered decisions about your health.

✅ Learn what screenings are recommended
✅ Discover how your PCP supports early detection
✅ Understand the emotional benefits of routine checkups
✅ Find out what’s included in your annual wellness visit

👉 Don’t wait—book your wellness visit today with a GTC physician and take control of your health journey.

🔗 Find a doctor near you: https://greatertricitiesipa.com/physicians/

🔗 Learn more: https://greatertricitiesipa.com

Blog content and video editing by Christina Zarate, HHP, MQP.

Christina is your trusted partner in holistic care and wellness. With over 25 years of experience and practice with clients in massage therapy and holistic health coaching, she specializes in a wide range of techniques through manual lymphatic drainage, Qigong, and Thai relaxation therapy that address health, pain relief, weight management, and overall wellness. Christina’s expertise extends beyond traditional massage therapy; she’s also a passionate advocate for the latest healthcare trends, nutrition, sleep optimization, biohacking, and fitness strategies.
https://www.linkedin.com/in/christinadalfornozarate/

Healthcare digital marketing by Renewww.com
https://renewww.com/",UC12xv_SPRtG7exbMvr5tJSw,Team Renewww,,2023-10-06T17:01:02.051001Z,,3957,8,False,2025-10-18T15:58:28Z,PT1M6S,66,en,en-US,false,no_captions_reported,,,,public,False,0,0,0,0,True,1,How to find a doctor for screening and other preventive care,9,think pink: how your pcp can help prevent breast cancer and more | greater tri cities ipa,think pink: how your pcp can help prevent breast cancer and more | greater tri cities ipa|UC12xv_SPRtG7exbMvr5tJSw,False,"[{""cancer_domain"": ""colon"", ""search_query"": ""How to find a doctor for screening and other preventive care"", ""rank"": 9, ""contributor"": ""Yule"", ""source"": ""American Cancer Society"", ""scope_category"": ""Pre-screening education""}]"
batch-yule-colon-001,2026-09-28T00:11:04.741918+00:00,5MUf36OGTRI,https://www.youtube.com/watch?v=5MUf36OGTRI,Dr. Robin Karasek on the Importance of Colon Cancer Screening,"Dr. Robin Karasek, an Internal Medicine Physician at Riverside Center for Internal & Family Medicine, outlines the importance of colon cancer screening, different methods and benefits of early detection.

Learn more by visiting, https://www.riversideonline.com/find-a-doctor/find-a-doctor-results/robin-karasek.

- Follow us -
Website: https://www.riversideonline.com 
Facebook: https://www.facebook.com/riversidehealth
​Instagram: @RiversideHealth
Twitter: @RiversideHealth",UCFDLAPrpCuErw8Om24S_3ew,Riverside Health,"Riverside Health Mission Statement: To care for others as we would care for those we love -— to enhance their well-being and improve their health. Riverside Health is here for you when you need us most. Our team is focused on compassionate, collaborative care — designed just for you. 

To learn more about who we are and everything we have to offer, check out our ever-growing library of videos and presentations. Be sure to subscribe so you will be notified of the latest additions to our collection. 

All information shared on this channel is for informational purposes only and is not a substitute for professional medical advice, diagnosis or treatment. Always seek the advice of your physician or other qualified health care providers with any questions you may have regarding your health. Never disregard professional medical advice or delay in seeking it because of something you have heard or read.
",2009-03-09T15:52:01Z,,20878663,9860,False,2023-05-05T20:00:04Z,PT2M1S,121,en,en-US,false,no_captions_reported,,,,public,False,172,1,0,0,True,1,How to find a doctor for screening and other preventive care,10,dr. robin karasek on the importance of colon cancer screening,dr. robin karasek on the importance of colon cancer screening|UCFDLAPrpCuErw8Om24S_3ew,False,"[{""cancer_domain"": ""colon"", ""search_query"": ""How to find a doctor for screening and other preventive care"", ""rank"": 10, ""contributor"": ""Yule"", ""source"": ""American Cancer Society"", ""scope_category"": ""Pre-screening education""}]"
batch-yule-colon-001,2026-09-28T00:11:04.741918+00:00,jnOJvOQV32k,https://www.youtube.com/watch?v=jnOJvOQV32k,Scared of needles? Here’s how to stay calm during a blood test - Nuffield Health,"If you have a phobia of needles or the sight of blood, you’re not alone. We hear from other blood test patients who talk about their experiences. Dr Davina Deniszczyc explains the things you can do to make sure your blood test goes as smoothly as possible.

If you would like to find out more about allergy testing, or other blood tests, visit: https://www.nuffieldhealth.com/pathology-direct",UCETjVynIKVaS0SHfbYK8t9g,Nuffield Health,"Expert health and wellbeing advice from Nuffield Health

Building a healthier nation
 
Driven by our purpose to build a healthier nation, our experts have been working together for more than 60 years to make the nation fitter, healthier, happier and stronger.
 
Nuffield Health provides health and wellbeing for every part of you. We believe the best healthcare should help prevent illness by looking after your mind and body. That’s why our connected health and wellbeing offering spans physical and mental health–from personal training, health assessments, GP services and physiotherapy, to providing mental health support or hospital care and treatment.
 
We work together as a team to help you achieve your health and wellbeing ambitions. We champion free health and wellbeing programmes in your communities by giving people the tools they need to live a healthy life. These programmes help people understand and improve their own health.
",2009-07-15T11:57:34Z,GB,34672561,106000,False,2019-07-11T05:00:06Z,PT1M28S,88,en,en-GB,true,captions_reported_available,,,,public,False,234990,2865,1299,0,True,1,I'm worried or nervous about screening tests.,1,scared of needles? here’s how to stay calm during a blood test - nuffield health,scared of needles? here’s how to stay calm during a blood test - nuffield health|UCETjVynIKVaS0SHfbYK8t9g,False,"[{""cancer_domain"": ""colon"", ""search_query"": ""I'm worried or nervous about screening tests."", ""rank"": 1, ""contributor"": ""Yule"", ""source"": ""American Cancer Society"", ""scope_category"": ""Anxiety Reduction""}]"
batch-yule-colon-001,2026-09-28T00:11:04.741918+00:00,l_JGyvnhCIM,https://www.youtube.com/watch?v=l_JGyvnhCIM,Needle Fears? 3🩸Draw Tips #shorts,"Here's 3 tips that can make your preoperative bloodwork draws go smoother #blooddraw #needlephobia

📲 SUBSCRIBE NOW for new #surgery videos ▶️ https://loom.ly/YWVhehQ

About Dr. Cory Calendine, MD #orthopedicsurgeon #preoperativelabwork
In the operating room, I get to perform more than 600 hip & knee replacement surgeries each year. From LIVE surgical demos to viral video highlights, together let's explore - react - discuss all things related to bone and joint health. THANK YOU for  your comments, questions and suggestions. If there’s a medical topic or question you want me to discuss, please comment below. 

📽️ Watch latest hip & knee surgery videos ▶️ https://www.youtube.com/c/CoryCalendineMD/videos

𝐋𝐄𝐓'𝐒 𝐂𝐎𝐍𝐍𝐄𝐂𝐓:
TikTok  ▶️ https://www.tiktok.com/@corycalendinemd
LinkTree ▶️ https://linktr.ee/corycalendinemd

𝐁𝐔𝐒𝐈𝐍𝐄𝐒𝐒 𝐄𝐌𝐀𝐈𝐋: admin@corycalendinemd.com
🌐 https://www.corycalendinemd.com/
💻 Schedule Appt Online ▶️ https://phreesia.me/CCalendine
📍 3000 Edward Curd Ln, Franklin, TN 37067
📞 (615) 791-2630

𝐃𝐈𝐒𝐂𝐋𝐀𝐈𝐌𝐄𝐑𝐒:
Opinions expressed are solely my own and do not express the views or opinions of my employer. Information in this video is not intended or implied to be a substitute for professional medical advice, diagnosis and/or treatment. All content [images, digital graphics, text, and other information] contained in this video is for general information purposes only and does not replace or substitute for a consultation with a qualified physician or health professional.",UCtuCgnGoZNPFvJ2EzRZNHgw,Bone Doctor,"𝗖𝗢𝗥𝗬 𝗖𝗔𝗟𝗘𝗡𝗗𝗜𝗡𝗘, 𝗠𝗗 | Orthopedic Surgeon · Franklin/Nashville, Tennessee

🌐 https://corycalendinemd.com
📅 Free joint replacement guide: https://corycalendinemd.com/free-joint-replacement-guide/
🌐 Google & AI search results: https://corycalendinemd.com/preferred
📍 Bone and Joint Institute of Tennessee · 3000 Edward Curd Lane, Franklin, TN 37067
📞 (615) 791-2630

Hip & Knee Replacement Surgeon · 700+ joint replacements per year. Mako Robotic
Surgery · Subvastus (muscle-sparing) Knee Replacement · Direct Anterior Hip Replacement.

Questions or comments? Drop them below.

** Comment replies on this channel are drafted with AI assistance and personally reviewed and approved by Dr. Calendine before posting.

𝗗𝗜𝗦𝗖𝗟𝗔𝗜𝗠𝗘𝗥
Opinions are solely my own. Content is for general information only — not a substitute
for professional medical advice. Always consult a qualified physician.

#orthopedicsurgeon #kneereplacement #hipreplacement #makorobotics #subvastus #Nashville #Franklin
",2014-05-03T19:03:49Z,US,612734745,618000,False,2022-08-01T14:19:54Z,PT10S,10,en,en-US,false,no_captions_reported,,,,public,False,445096,,54,0,True,1,I'm worried or nervous about screening tests.,2,needle fears? 3🩸draw tips #shorts,needle fears? 3🩸draw tips #shorts|UCtuCgnGoZNPFvJ2EzRZNHgw,False,"[{""cancer_domain"": ""colon"", ""search_query"": ""I'm worried or nervous about screening tests."", ""rank"": 2, ""contributor"": ""Yule"", ""source"": ""American Cancer Society"", ""scope_category"": ""Anxiety Reduction""}]"
batch-yule-colon-001,2026-09-28T00:11:04.741918+00:00,bS2LPNlO07s,https://www.youtube.com/watch?v=bS2LPNlO07s,Catastrophizing: How to Stop Making Yourself Depressed and Anxious: Cognitive Distortion Skill #6,"Learn how to stop catastrophizing, a cognitive distortion that fuels anxiety and depression. Discover practical strategies to manage catastrophic thinking.
Join Therapy in a Nutshell’s membership: https://courses.therapyinanutshell.com/membership
You'll get instant access to all 10 life-changing courses, live weekly Q&As, and a supportive community for just $27/month. Learn how to manage anxiety, process trauma, regulate emotions, and build lasting resilience so that you can live a deeply rich and meaningful life! 

In this video, we’re going to talk about catastrophizing- expecting the worst! Catastrophizing is an excellent way to make yourself anxious and depressed and completely ruin your life! Oh yeah, and I’m going to teach you 3 things you can do to stop catastrophizing.
What is Catastrophizing:
Catastrophizing is a common cognitive distortion, or thinking error. It’s when we think of a current or future situation as a catastrophe. So for example, you worry that you’re going to fail a test. Then you imagine what would happen when you do fail- you’re going to get kicked out of school, end up working a dead end job, fail at life at life and die homeless on the street. And all this because of a test at school. 

Catastrophizing is imagining the worst. It’s taking a difficult situation and interpreting it as being horrible, terrible, and unrecoverable. We’ve all known that person who, if they got a “B” on a test wailed “I’m failing Math class”.  Many of us have had that parent who, when we didn’t want to do our chores they said something like “If you don’t do your chores, your college roommates will hate you and no one will want to marry you.”

Like in the story about the jack, Catastrophizing often starts with a genuine setback, like getting a flat tire in the middle of nowhere, but then the thinking error turns that reality into the belief that something horrible is bound to happen- “I’m going to get shot, attacked and robbed!”. 

At its root, catastrophizing is about our habitual response to challenges or shortcomings. So take a second, pause this video and ask yourself: How do you think about failure? 

Catastrophizing is a thinking error (aka cognitive distortion) that makes you anxious, depressed, and unmotivated. 

Looking for affordable online therapy? My sponsor, BetterHelp, connects you to a licensed professional from the comfort of your own home. Try it now for 10% off: https://betterhelp.com/therapyinanutshell

Support my mission on Patreon: https://www.patreon.com/therapyinanutshell
Sign up for my newsletter: https://courses.therapyinanutshell.com/free-resources
Check out my favorite self-help books: https://kit.co/TherapyinaNutshell/best-self-help-books
Check out my podcast, Therapy in a Nutshell: https://tinpodcast.podbean.com/

Therapy in a Nutshell, LLC, and the information provided by Emma McAdam are solely intended for informational and entertainment purposes and are not a substitute for advice, diagnosis, or treatment regarding medical or mental health conditions. Although Emma McAdam is a licensed marriage and family therapist, the views expressed on this site or any related content should not be taken for medical or psychiatric advice. Always consult your physician before making any decisions related to your physical or mental health.

About Me:
I’m Emma McAdam. I’m a licensed Marriage and Family Therapist, and I have worked in various settings of change and growth since 2004. My experience includes juvenile corrections, adventure therapy programs, wilderness therapy programs, an eating disorder treatment center, a residential treatment center, and I currently work in an outpatient therapy clinic.  

In therapy I use a combination of Acceptance and Commitment Therapy, Systems Theory, positive psychology, and a bio-psycho-social approach to treating mental illness and other challenges we all face in life. The ideas from my videos are frequently adapted from multiple sources. Many of them come from Acceptance and Commitment Therapy, especially the work of Steven Hayes, Jason Luoma, and Russ Harris. The sections on stress and the mind-body connection derive from the work of Stephen Porges (the Polyvagal theory), Peter Levine (Somatic Experiencing) Francine Shapiro (EMDR), and Bessel Van Der Kolk. I also rely heavily on the work of the Arbinger institute for my overall understanding of our ability to choose our life's direction. 
And deeper than all of that, the Gospel of Jesus Christ orients my personal worldview and sense of security, peace, hope, and love https://www.churchofjesuschrist.org/comeuntochrist/believe

If you are in crisis, please contact the National Suicide Prevention Hotline at https://suicidepreventionlifeline.org/ or 1-800-273-TALK (8255) or your local emergency services.
Copyright Therapy in a Nutshell, LLC
----
Music licensed from www.Bensound.com or Artlist.io
Images from Freepik.com (premium license), Pixabay, or Wikimedia commons",UCpuqYFKLkcEryEieomiAv3Q,Therapy in a Nutshell,"I’m Emma McAdam, a Licensed Marriage and Family Therapist, and my mission is to make mental health resources easier to access. I take therapy skills and psychological research and condense them down into bite-sized nuggets of help. 

As a licensed therapist, one thing I’ve noticed is that most people have no idea of what they can do to improve depression, anxiety, or other mental illness. 

I’m here to spread the message that while mental illness is real, it’s common, it’s debilitating, it’s also treatable. There are dozens of research-backed approaches to treating depression, anxiety, ptsd, and other mental illness. Change, growth, and healing are possible. Please keep courage! Try one little thing every day to improve your life and health, and things can get so much better! 

I am not currently taking any new clients, but you can find a therapist with my sponsor: BetterHelp.com/therapyinanutshell",2016-08-17T00:14:06Z,US,194247490,2580000,False,2022-09-12T18:00:12Z,PT17M22S,1042,en,en,true,captions_reported_available,,,,public,False,1828548,62288,2643,0,True,1,I'm worried or nervous about screening tests.,3,catastrophizing: how to stop making yourself depressed and anxious: cognitive distortion skill #6,catastrophizing: how to stop making yourself depressed and anxious: cognitive distortion skill #6|UCpuqYFKLkcEryEieomiAv3Q,False,"[{""cancer_domain"": ""colon"", ""search_query"": ""I'm worried or nervous about screening tests."", ""rank"": 3, ""contributor"": ""Yule"", ""source"": ""American Cancer Society"", ""scope_category"": ""Anxiety Reduction""}]"
batch-yule-colon-001,2026-09-28T00:11:04.741918+00:00,rrdqCiXdQrg,https://www.youtube.com/watch?v=rrdqCiXdQrg,"OVERCOMING INTERVIEW ANXIETY! (7 Tips For Reducing Interview Stress, Nerves & ANXIETY!)","OVERCOMING INTERVIEW ANXIETY! (7 Tips For Reducing Interview Stress, Nerves & ANXIETY!) by Richard McMunn of: https://passmyinterview.com/top-30-interview-questions-answers/
#interviewnerves #interviewtips #jobinterviewskills #anxiety #stress
If you have a job interview coming up, it is understandable that you are going to be nervous. However, for you to pass your interview, we need to make sure your nerves are at a level that enables you to perform to the best of your ability.

So, if you have a job interview coming up, make sure you stay tuned, hit the subscribe button, and please give the video a like.

*****************************************************************
GET THE ANSWERS: https://passmyinterview.com/top-30-interview-questions-answers/
*****************************************************************

MORE GREAT JOB INTERVIEW SKILLS TUTORIALS BY RICHARD MCMUNN ON YOUTUBE:
Job Interview Introduction (How to introduce yourself in a job interview) https://youtu.be/wexzvClUcUk
Job interview questions and answers: https://youtu.be/KCm6JVtoRdo
Short answers to interview questions: https://youtu.be/FmgUV2hcRUg
How to speak English fluently in a job interview: https://youtu.be/6sbxwoClRSo

So, to help you overcome interview nervousness and anxiety, I will give you 5 really important tips that I strongly recommend you follow.

OVERCOMING INTERVIEW ANXIETY TIP #1 00:53

OVERCOMING INTERVIEW ANXIETY TIP #2 03:38

OVERCOMING INTERVIEW ANXIETY TIP #3 04:16

OVERCOMING INTERVIEW ANXIETY TIP #4 04:58

OVERCOMING INTERVIEW ANXIETY TIP #5 05:49

OVERCOMING INTERVIEW ANXIETY TIP #6 06:39

OVERCOMING INTERVIEW ANXIETY TIP #7 07:31

YOUR QUESTIONS ANSWERED ABOUT INTERVIEW ANXIETY, STRESS, AND NERVES:
Q. How do I overcome interview anxiety?
Watch this video and implement the 5 tips - they will really help to calm your interview nerves!

Q. Is it OK to tell interviewer you are nervous?
Yes, is it OK. However, a better approach would be to slow down during your interview, listen to the interviewer, smile, and take your time when answering the job intervew questions.

Q. How do I calm my nerves before an interview?
Believe in yourself, do not be afraid to fail (there will be other jobs!), dress smart and professionally, and prepare your job interview introduction!

CONNECT WITH RICHARD MCMUNN ON LINKEDIN.COM:
https://www.linkedin.com/in/richard-mcmunn-coach/ 

*****************************************************************
GET THE ANSWERS: https://passmyinterview.com/top-30-interview-questions-answers/
*****************************************************************",UCrtPXCqjm9c7nqgJL-vBSZg,CareerVidz,"CareerVidz was founded by interview expert Richard McMunn in 2011 and it specialises in teaching job-seekers everything there is to know about careers, tests and interview questions and answers. Thanks to YouTube, Richard McMunn has put together two decades of his own expertise in careers and education whilst working in the emergency services and the armed forces. He has compiled all of this information into easy to view, step-by-step video tutorials that will help you pass your job interview or test. At the CareerVidz channel, you will find Richard McMunn often talking about his own experiences and how they have helped thousands of job-seekers and students to 'get the advantage' over other people by using key tips and strategies guaranteed to bring success. If you are looking for interview questions and answers, and in particular how to answer behavioral, situational and competency-based interview questions, this channel is the only resource you need! Learn how to pass your interview!",2011-10-12T13:47:37Z,,441466637,5340000,False,2021-10-07T10:25:36Z,PT9M15S,555,en,en-GB,false,no_captions_reported,,,,public,False,140756,5483,307,0,True,1,I'm worried or nervous about screening tests.,4,"overcoming interview anxiety! (7 tips for reducing interview stress, nerves & anxiety!)","overcoming interview anxiety! (7 tips for reducing interview stress, nerves & anxiety!)|UCrtPXCqjm9c7nqgJL-vBSZg",False,"[{""cancer_domain"": ""colon"", ""search_query"": ""I'm worried or nervous about screening tests."", ""rank"": 4, ""contributor"": ""Yule"", ""source"": ""American Cancer Society"", ""scope_category"": ""Anxiety Reduction""}]"
batch-yule-colon-001,2026-09-28T00:11:04.741918+00:00,d30a33YhGu8,https://www.youtube.com/watch?v=d30a33YhGu8,“I’m Honestly Scared for My Life” Help Us Find Alyssa a Specialist #RareDisease,"The diagnosis isn't the problem — five providers agree it's lymphatic malformation, a condition where lymphatic vessels don't develop properly and fluid builds up. The problem is that every single one says they're ""not experienced in this"" and refers her somewhere else, while the growth on her face keeps spreading. Dr. Bayo explains the condition, the truth that treatment options DO exist with the right specialist — and issues a mission to this community: if you know a lymphatic malformation specialist who could help Alyssa, add their name at CliniciansWhoCare.com and drop a comment below so we can say thank you.
Somebody watching this knows the right doctor. 
Let's find them 💛

Stitch with @alyssarausch2
https://www.tiktok.com/@alyssarausch2

https://linktr.ee/Doctor.Bayo

#LymphaticMalformation #RareDisease #PatientAdvocacy #CliniciansWhoCare #VascularAnomaly #FindASpecialist #HealthcareMaze #MedicalCommunity #HelpAlyssa #DrBayo",UCvfXeKhvhq8LXuwdHPbO2GA,Dr. Bayo,"Hey there! I'm Dr. Bayo, a board-certified family medicine physician who believes everyone deserves to understand their health and advocate for themselves with confidence.

I founded Clinicians Who Care, a free global patient-powered directory of clinicians who have been shown to provide compassionate care.  Find one or add yours at https://CliniciansWhoCare.com.

My series ""Dr. Bayo Responds"" helps people better understand health conditions and learn to advocate for themselves in a broken healthcare system.

On my podcast ""Beyond Clinical Walls,"" medical experts share insights to help you navigate care with confidence and people share their incredible healthcare journeys. 

My goal? 
Help you feel informed, empowered, and ready to speak up for the healthcare you deserve, so you can be the Chief Medical Officer of your own healthcare journey. 

Subscribe and join our health community. I'm so glad you're here!

For more about me https://linktr.ee/Doctor.Bayo

",2024-06-30T00:11:37.30007Z,US,31803444,139000,False,2026-08-25T18:00:10Z,PT2M24S,144,en,en-US,false,no_captions_reported,,,,public,False,3237625,159101,10471,0,True,1,I'm worried or nervous about screening tests.,5,“i’m honestly scared for my life” help us find alyssa a specialist #raredisease,“i’m honestly scared for my life” help us find alyssa a specialist #raredisease|UCvfXeKhvhq8LXuwdHPbO2GA,False,"[{""cancer_domain"": ""colon"", ""search_query"": ""I'm worried or nervous about screening tests."", ""rank"": 5, ""contributor"": ""Yule"", ""source"": ""American Cancer Society"", ""scope_category"": ""Anxiety Reduction""}]"
batch-yule-colon-001,2026-09-28T00:11:04.741918+00:00,ev4HCSouJOI,https://www.youtube.com/watch?v=ev4HCSouJOI,6 Misconceptions People With Health Anxiety Have,"✨ UNLOCK YOUR BRAIN'S FULL POTENTIAL! My free 2-minute quiz reveals your unique ""Brain Operating System"" and gives you a personalized guide to master your focus, handle stress, and perform at your best. Take the Quiz → https://drmarks.co/BrainQuiz-yt

Health anxiety is a term that combines two disorders from the DSM-5: somatic symptom disorder and illness anxiety disorder. Previous versions of the DSM called it hypochondriasis. And from this term came the pejorative label, hypochondriac. 

People with health anxiety obsess over bodily functions like breathing or their heartbeat; physical imperfections like skin blemishes; or physical complaints like headaches, stomachaches, and lightheadedness. When you have health anxiety, you catastrophize even minor things. In this video, I discuss some of the common misconceptions or distorted beliefs that you can have with health anxiety.

Disclaimer: All of the information on this channel is for educational purposes and not intended to be specific/personal medical advice from me to you. Watching the videos or getting answers to comments/question, does not establish a doctor-patient relationship. If you have your own doctor, perhaps these videos can help prepare you for your discussion with your doctor.",UCL2QpphEeZFYwk6-WXD6hpA,Dr. Tracey Marks,"Your brain under pressure, explained.

I’m Dr. Tracey Marks, a board-certified psychiatrist with more than 20 years of experience. I translate neuroscience and psychiatry into practical tools that help you think clearly, regulate emotions, protect your attention, and recover under pressure.

Learn how stress, sleep, movement, habits, relationships, and mental health affect the brain. You’ll also find organized playlists on anxiety, depression, ADHD, bipolar disorder, and other mental health conditions.

This channel is for educational purposes and does not replace professional medical advice, diagnosis, or treatment. For personal concerns, consult a qualified healthcare professional. These videos can help you prepare for conversations with your clinician.

",2007-08-14T18:52:18Z,US,209723682,2430000,False,2022-07-13T12:45:05Z,PT8M36S,516,en,en-US,true,captions_reported_available,,,,public,False,266708,6859,1116,0,True,1,I'm worried or nervous about screening tests.,6,6 misconceptions people with health anxiety have,6 misconceptions people with health anxiety have|UCL2QpphEeZFYwk6-WXD6hpA,False,"[{""cancer_domain"": ""colon"", ""search_query"": ""I'm worried or nervous about screening tests."", ""rank"": 6, ""contributor"": ""Yule"", ""source"": ""American Cancer Society"", ""scope_category"": ""Anxiety Reduction""}]"
batch-yule-colon-001,2026-09-28T00:11:04.741918+00:00,Nn0gHZwsvk4,https://www.youtube.com/watch?v=Nn0gHZwsvk4,What Can I Do If I Feel Anxious About Having an MRI?,"Anxiety over MRIs is common, says Beverly Lustig, Diagnostic Imaging Manager with Good Samaritan Hospital. Learn how to lessen the anxiety in this video.",UC1IMIveZKSSlJxPMzx67_6g,Good Samaritan Hospital San Jose,"For HCA Healthcare Internal and External Digital Media Guidelines, please visit https://hcahealthcare.com/about/digital-media-guidelines.dot",2011-02-01T18:42:54Z,US,2423564,1690,False,2017-04-07T18:34:18Z,PT17S,17,en,en,true,captions_reported_available,,,,public,False,810,2,,0,True,1,I'm worried or nervous about screening tests.,7,what can i do if i feel anxious about having an mri?,what can i do if i feel anxious about having an mri?|UC1IMIveZKSSlJxPMzx67_6g,False,"[{""cancer_domain"": ""colon"", ""search_query"": ""I'm worried or nervous about screening tests."", ""rank"": 7, ""contributor"": ""Yule"", ""source"": ""American Cancer Society"", ""scope_category"": ""Anxiety Reduction""}]"
batch-yule-colon-001,2026-09-28T00:11:04.741918+00:00,nhnZhlxR5N8,https://www.youtube.com/watch?v=nhnZhlxR5N8,Blood Donation: 5 Tips to Overcome Your Fear of Needles,"How to overcome your fear of needles:

1. Share your fear with our Red Cross staff. They will tell you what to expect during each step of the process and help calm your nerves. 

2. Listen to music – it can help you relax and ease your mind.

3. Bring a friend or family member to talk with you while you donate—maybe someone who has donated in the past. Your friend or family member could even donate blood with you. 

4. Close your eyes, take a deep breath and slowly exhale. Think of a happy, stress-free place like the beach or a park.

5. Remember, that quick pinch is helping to save someone’s life. And you’ll feel great knowing you have made a lifesaving difference.

Make an appointment today at RedCrossBlood.org.",UC0aMPje3ZACnQPKM_qzY0vw,American Red Cross,"Videos created by, for, and/or about the American Red Cross. The American Red Cross is a charitable organization, not a government agency. It depends on volunteers and the generosity of people like you to perform our mission.",2007-06-18T17:44:04Z,US,69472886,74900,False,2018-01-15T18:42:36Z,PT57S,57,en,en,true,captions_reported_available,,,,public,False,102863,1096,,0,True,1,I'm worried or nervous about screening tests.,8,blood donation: 5 tips to overcome your fear of needles,blood donation: 5 tips to overcome your fear of needles|UC0aMPje3ZACnQPKM_qzY0vw,False,"[{""cancer_domain"": ""colon"", ""search_query"": ""I'm worried or nervous about screening tests."", ""rank"": 8, ""contributor"": ""Yule"", ""source"": ""American Cancer Society"", ""scope_category"": ""Anxiety Reduction""}]"
batch-yule-colon-001,2026-09-28T00:11:04.741918+00:00,e7-XTGOr-gY,https://www.youtube.com/watch?v=e7-XTGOr-gY,ANXIETY: Why I’m scared to have a Smear test,,UCvAPGeCrcqv2VV_-vkq9-cA,Emily's got talent,"Hi welcome to my channel. I'm Emily from Surrey in London England,

I’m a Dancer, I sing, I perform, I’m a strong believer and a big dreamer, I work in my Local Theatre as an usher and a Dance Teaching assistant.

 I love to write stories,  vlog exciting places, dance, perform,  create music videos, animations, do video tributes to my celebrity crushes, tv show reviews and so much other talent that are included in this channel.

 I also talk about life with anxiety and my recent struggles to help other people and myself included and show that nobody is alone, 


Enjoy the videos and hope to subscribe",2016-07-03T17:13:51Z,GB,180989,482,False,2021-04-19T13:30:43Z,PT15M30S,930,en,,false,no_captions_reported,,,,public,False,215,5,2,0,True,1,I'm worried or nervous about screening tests.,9,anxiety: why i’m scared to have a smear test,anxiety: why i’m scared to have a smear test|UCvAPGeCrcqv2VV_-vkq9-cA,False,"[{""cancer_domain"": ""colon"", ""search_query"": ""I'm worried or nervous about screening tests."", ""rank"": 9, ""contributor"": ""Yule"", ""source"": ""American Cancer Society"", ""scope_category"": ""Anxiety Reduction""}]"
batch-yule-colon-001,2026-09-28T00:11:04.741918+00:00,XtHL8vlYkXY,https://www.youtube.com/watch?v=XtHL8vlYkXY,"She said, ""I'm Too Scared To Get A Mammogram""","It's so important to do your annual screenings so that if you do have something suspicious in your breast, you can check it and perhaps catch it in early stages.",UCd9QUTK42HPO_cxkRvQ3U9Q,JoanLunden,"Visit us here for all things Joan!  From her days on Good Morning America, to her current press and appearances, here is the place to find them all!",2009-02-05T15:11:51Z,,8350179,23300,False,2016-06-23T20:07:47Z,PT2M32S,152,en,,false,no_captions_reported,,,,public,False,588,6,2,0,True,1,I'm worried or nervous about screening tests.,10,"she said, ""i'm too scared to get a mammogram""","she said, ""i'm too scared to get a mammogram""|UCd9QUTK42HPO_cxkRvQ3U9Q",False,"[{""cancer_domain"": ""colon"", ""search_query"": ""I'm worried or nervous about screening tests."", ""rank"": 10, ""contributor"": ""Yule"", ""source"": ""American Cancer Society"", ""scope_category"": ""Anxiety Reduction""}]"
batch-yule-colon-001,2026-09-28T00:11:04.741918+00:00,XWZN8xhFgeE,https://www.youtube.com/watch?v=XWZN8xhFgeE,Bowel cancer - all you need to know but are (perhaps) too embarrassed to ask!,"This film by charity Bowel Cancer West is for patients, their friends and family, and aims to answer all the questions you may have about bowel cancer and its treatment.
Bowel Cancer West raises money to pay for vital training, research and awareness into the UK's second biggest cancer killer. Please donate to support our work by going to our website, https://bowelcancerwest.com/",UCwwQeub3tilPfwOZ3w6v1yQ,Bowel Cancer West,Bowel Cancer West is a charity aiming to to improve survival rates of people with bowel cancer in the west and south-west of England. These are our films.,2016-04-21T11:10:18Z,,3261,14,False,2020-06-14T07:51:45Z,PT33M52S,2032,en,,false,no_captions_reported,,,,public,False,545,9,0,0,True,1,I'm too embarrassed to get a colon cancer test,1,bowel cancer - all you need to know but are (perhaps) too embarrassed to ask!,bowel cancer - all you need to know but are (perhaps) too embarrassed to ask!|UCwwQeub3tilPfwOZ3w6v1yQ,False,"[{""cancer_domain"": ""colon"", ""search_query"": ""I'm too embarrassed to get a colon cancer test"", ""rank"": 1, ""contributor"": ""Yule"", ""source"": ""WHO"", ""scope_category"": ""Anxiety Reduction""}]"
batch-yule-colon-001,2026-09-28T00:11:04.741918+00:00,RdCNerMQcSM,https://www.youtube.com/watch?v=RdCNerMQcSM,10/11 NOW: Bryan Health Patient Survives Colon Cancer Diagnosis with Early Screening & Support,"A Bryan Health patient is sharing her journey with colorectal cancer and the importance of preventative screenings and support after diagnosis. March is Colorectal Cancer Awareness Month. 

Tiffany Mullison is a foster care worker in Lincoln. In January 2024, she underwent her first colonoscopy at the age of 54. The results were abnormal. Shortly thereafter, Mullison had a colon resection procedure to eliminate the polyps. Thankfully, the cancer was caught at a very early stage. No additional treatment was required and follow-up colonoscopies have cleared her for the next two years.

After a cancer diagnosis, support is essential. Patients can work with oncology nurse navigators. Nurse navigators are specially trained nurses and social workers who help patients through each step of cancer care. They provide information, answer questions, coordinate appointments and give support.

Geschke specializes in gynecologic and gastrointestinal cancers. She provided support and guidance to Mullison after her initial diagnosis and throughout her treatment. Geschke was particularly helpful to Mullison by interpreting test results and recommending reputable websites and podcasts for personal research. 

Mullison is sharing her story to raise awareness for colon cancer during March. Admittedly, she didn’t realize the screening guidelines had changed to encourage earlier detection. Mullison also wants to decrease the stigma surrounding colon cancer, saying she struggled to tell people about her diagnosis because she felt embarrassed.

“There’s no pink ribbon for colon cancer,” she added. “People aren’t embarrassed to get a mammogram, why should they be ashamed to get a colonoscopy? Today, I’m talking with all my friends in their mid-50’s and encouraging them to get screened. I’m even driving them to their appointments!”

10/11 NOW reporter, Sam Cobb has the story!",UCXMGQFAHiX5Gxhs3AT7QXEg,Bryan Health,"Bryan Health is a Nebraska governed, nonprofit health system that cares for patients and educates tomorrow’s health care providers. We accomplish this through a singular focus on collaboration with providers and communities across the state. 

Bryan Health includes Bryan Medical Center, Kearney Regional Medical Center, Grand Island Regional Medical Center, Crete Area Medical Center, Merrick Medical Center, Bryan Physician Network, Bryan Heart, Bryan Foundation, Bryan Health Connect and Bryan Enterprises.

Bryan College of Health Sciences has 750 students in its undergraduate, graduate and completion programs. 

We bring care and treatment directly to rural communities through sophisticated mobile diagnostic and treatment services, telemedicine services, specialized heart care clinics and more. We maintain an unrivaled commitment to hospital-based inpatient and outpatient behavioral health care. 

",2012-03-19T14:56:42Z,US,2657520,3000,False,2025-03-05T19:50:17Z,PT2M50S,170,en,en,true,captions_reported_available,,,,public,False,194,0,0,0,True,1,I'm too embarrassed to get a colon cancer test,2,10/11 now: bryan health patient survives colon cancer diagnosis with early screening & support,10/11 now: bryan health patient survives colon cancer diagnosis with early screening & support|UCXMGQFAHiX5Gxhs3AT7QXEg,False,"[{""cancer_domain"": ""colon"", ""search_query"": ""I'm too embarrassed to get a colon cancer test"", ""rank"": 2, ""contributor"": ""Yule"", ""source"": ""WHO"", ""scope_category"": ""Anxiety Reduction""}]"
batch-yule-colon-001,2026-09-28T00:11:04.741918+00:00,iQxu0H7mTqo,https://www.youtube.com/watch?v=iQxu0H7mTqo,Cancer survivors hope new test gets more people screened,"Sarah DeBord is a wife, mother and avid runner.

""I was probably the fittest I've ever been in my life. I was training for multiple races, working up to a half marathon,"" she said.

But three years ago, she started experiencing a variety of unpleasant symptoms.

""I blamed [the symptoms] on all the running I was doing,"" DeBord said. ""So the exhaustion, the weight loss, blood in your stool and change in bowel habits, were four obvious things that I wrote off and excused for other things in my life.""

A trip to the doctor led to a colonoscopy, and at the age of 34, she was diagnosed with colon cancer.

""I had two very small kids at home who I wondered, if I died of cancer, would they even be old enough to remember me?"" DeBord said.

Fortunately, doctors were able to control her cancer with chemotherapy.

""So as of right now, I'm living with what they call chronic cancer, where I have the potential to live a nice, long life,"" DeBord said.

Meanwhile, officials from the Colon Cancer Coalition in Edina say they're strong advocates of colonoscopies. However, they say people don't always get screened when they should.

""Honestly, it's fear. Fear of the procedure, fear of the prep, fear of knowing,"" said Erin Peterson, communications director of the Colon Cancer Coalition.

Now, a new screening test exists called Cologuard, which allows people to test for colon cancer from their home by providing a stool sample and mailing out the box.

""We are very excited about anything that will get more people screened,"" Peterson said of Cologuard.

That said, if the Cologuard test comes up positive, people would still need a follow-up colonoscopy to confirm it.

""Some people probably find that embarrassing,"" DeBord said, referring to the colonoscopy.

While some people get embarrassed about the invasive nature of a colonoscopy, it helped save DeBord's life.

""I know that there's a long term forecast for my life, so that's definitely the difference for me,"" she said.

Cologuard is approved for use by men and women age 50 and older. The test has to be prescribed by a licensed provider and can't be purchased over the counter.

If you want to hear more about Sarah DeBord's battle with cancer, check out her blog.

Delane Cleveland
http://www.ccxmedia.org
https://www.facebook.com/ccxmedia.org/
http://twitter.com/ccxsports

Learn about our mobile app - http://bit.ly/CH12app

Channel 12 is on Comcast cable in the northwest suburbs of Minneapolis and includes the cities Brooklyn Center, Brooklyn Park, Crystal, Golden Valley, Maple Grove, New Hope, Osseo, Plymouth and Robbinsdale.",UC_DlTqJhRV-OafjHESJciNw,CCX Media,"CCX Media provides professional coverage of local prep sports.  Subscribe for Full Game coverage and Highlights for Volleyball, Football, Soccer, Basketball, Hockey, Wrestling, Gymnastics, Softball, Baseball, and Lacrosse.

CCX Media is a service of Northwest Community Television providing professionally-produced local news, sports and special events coverage for cable subscribers in the northwest suburbs of Minneapolis, Minnesota, including Brooklyn Center, Brooklyn Park, Crystal, Golden Valley, Maple Grove, New Hope, Osseo, Plymouth and Robbinsdale. ""Cable 12"" ""Channel 12""",2010-12-07T19:58:20Z,US,96408720,180000,False,2014-11-04T22:41:29Z,PT2M22S,142,en,en-US,false,no_captions_reported,,,,public,False,284,2,0,0,True,1,I'm too embarrassed to get a colon cancer test,3,cancer survivors hope new test gets more people screened,cancer survivors hope new test gets more people screened|UC_DlTqJhRV-OafjHESJciNw,False,"[{""cancer_domain"": ""colon"", ""search_query"": ""I'm too embarrassed to get a colon cancer test"", ""rank"": 3, ""contributor"": ""Yule"", ""source"": ""WHO"", ""scope_category"": ""Anxiety Reduction""}]"
batch-yule-colon-001,2026-09-28T00:11:04.741918+00:00,35zWgZ3nomU,https://www.youtube.com/watch?v=35zWgZ3nomU,Colonoscopy vs Cologuard - Doctor's Honest Opinion,,UCZYFgmyidBIjOPxDAb5AUZw,Beyond the Prescription,"Welcome to Beyond the Prescription, the podcast transforming how we think about healthcare in our communities. I’m Marlissa, a local Nurse Practitioner, that has spend many years in rural health. I’ve seen what works, what doesn’t, and where we can do better. Here, we’ll have honest conversations with healthcare professionals, community leaders, and trailblazers redefining care. From breakthroughs in disease management to preventive health, this podcast empowers you with knowledge to make informed choices. Join me on this journey to build healthier communities together.

Find us: 
YouTube https://youtu.be/6F7IM6BIGKg
Spotify: http://tiny.cc/5csl001 
Apple https://apple.co/4jz9D4l

",2025-05-12T16:18:12.655961Z,,167344,106,False,2025-07-07T16:16:53Z,PT45S,45,en,,false,no_captions_reported,,,,public,False,12116,88,11,0,True,1,I'm too embarrassed to get a colon cancer test,4,colonoscopy vs cologuard - doctor's honest opinion,colonoscopy vs cologuard - doctor's honest opinion|UCZYFgmyidBIjOPxDAb5AUZw,False,"[{""cancer_domain"": ""colon"", ""search_query"": ""I'm too embarrassed to get a colon cancer test"", ""rank"": 4, ""contributor"": ""Yule"", ""source"": ""WHO"", ""scope_category"": ""Anxiety Reduction""}]"
batch-yule-colon-001,2026-09-28T00:11:04.741918+00:00,J2g7H0KopyI,https://www.youtube.com/watch?v=J2g7H0KopyI,Stool collection instruction (English),,UCqs1nFWSjFGKrStmieI73iQ,kk educational videos,,2023-11-20T10:06:24.013922Z,,574458,136,False,2023-11-20T10:07:51Z,PT16S,16,en,,false,no_captions_reported,,,,public,False,575106,1344,82,0,True,1,I'm too embarrassed to get a colon cancer test,5,stool collection instruction (english),stool collection instruction (english)|UCqs1nFWSjFGKrStmieI73iQ,False,"[{""cancer_domain"": ""colon"", ""search_query"": ""I'm too embarrassed to get a colon cancer test"", ""rank"": 5, ""contributor"": ""Yule"", ""source"": ""WHO"", ""scope_category"": ""Anxiety Reduction""}]"
batch-yule-colon-001,2026-09-28T00:11:04.741918+00:00,jRh4XkIvMnQ,https://www.youtube.com/watch?v=jRh4XkIvMnQ,What are the warning signs of colon cancer? | Symptoms of Colon Cancer | Dr Vivek Sukumar,"Warning signs of colon cancer include finding blood in the stool, alterations in bowel movement patterns, unexplained anaemia, abdominal pain, as well as symptoms such as chest pain, coughing, and ascites. 

These indicators can alert individuals to seek medical attention promptly for evaluation and potential diagnosis of colon cancer.

Follow for more!


#ColonCancer #ColonCancerAwareness #KnowTheSigns #BloodInStool #BowelMovementChanges #UnexplainedAnemia #AbdominalPain #CancerSymptoms #EarlyDetection #CancerWarningSigns #GetScreened #CancerPrevention #CancerSigns #CancerSymptoms #Cancer #CancerHospital #specialtysurgicaloncology",UCOGjgfSF36B5Z4UCJFdZ7Eg,SSO Cancer Hospital,"SSO Cancer Hospital (Specialty Surgical Oncology) is the official channel representing our dedicated team of cancer surgeons in Mumbai. Each of our team members specializes exclusively in cancer treatment for one or two specific organ systems. We are affiliated with major hospitals in the city and offer a comprehensive range of services, including cancer surgeries for head-neck, breast, chest, gastrointestinal, urogenital, bone, and soft tissue cancers. We also provide perioperative care and home-based cancer care.

Our collaborative efforts extend to working with medical oncologists, radiation oncologists, geneticists, and pathologists located throughout the city. Through this channel, we are committed to sharing valuable information with our patients, general practitioners, and fellow surgeons, offering insights into various aspects of cancer treatment and care.

Subscribe for insights into surgical oncology and the latest advancements.
 #CancerTreatmentMumbai #medicaleducation #sso
",2020-04-06T11:22:48.761365Z,IN,14859786,37800,False,2024-07-10T10:30:10Z,PT36S,36,en-IN,en-IN,false,no_captions_reported,,,,public,False,1110257,9040,117,0,True,1,I'm too embarrassed to get a colon cancer test,6,what are the warning signs of colon cancer? | symptoms of colon cancer | dr vivek sukumar,what are the warning signs of colon cancer? | symptoms of colon cancer | dr vivek sukumar|UCOGjgfSF36B5Z4UCJFdZ7Eg,False,"[{""cancer_domain"": ""colon"", ""search_query"": ""I'm too embarrassed to get a colon cancer test"", ""rank"": 6, ""contributor"": ""Yule"", ""source"": ""WHO"", ""scope_category"": ""Anxiety Reduction""}]"
batch-yule-colon-001,2026-09-28T00:11:04.741918+00:00,hR9aDpTj5JA,https://www.youtube.com/watch?v=hR9aDpTj5JA,Embarrassing bottoms - What you need to know about bowel cancer & IBS,"http://www.chrissybshow.tv

There are many embarrassing bodily functions that people often feel uncomfortable talking about so on this show, we look at bowel cancer and Irritable Bowel Syndrome (IBS).

Bowel cancer killed roughly fifteen thousand people in the UK last year. That makes it the second most lethal form of cancer in Britain. If caught early, bowel cancer is treated with a very high success rate. The issue is that people often wait too long to discuss they bowel issues with a Doctor, usually due to embarrassment. 

Problems with your bowels don’t always mean cancer. There are a multitude of other issues, including IBS.

Chrissy’s guests include Stephen Browne to talk about his experience with bowel cancer, ‘Beating Bowel Cancer’ representative, Graham Kelly to talk about the work the charity does and a bowel expert to discuss the common bowel problems and go into detail about what IBS is.

The Chrissy B Show airs on SKY 203 every Monday, Wednesday and Friday at 10pm in our cosy living room studio in the heart of London.

For more information visit www.chrissybshow.tv
Facebook: The Chrissy B Show 
Twitter: @chrissybshow
Follow the presenter on Instagram: chrissyboodram",UCHfwS2btVLvqqAQ-69c0PKw,Chrissy B Show,"The Chrissy B Show tackles different topics, especially mental health issues and informs and equips viewers to be more positive. It uses powerful real life stories in the search for constructive solutions and positive outcomes. 

The host, Christoulla Boodram, is a happy, friendly and caring presenter who loves life. Having battled with depression and panic attacks for many years and now completely recovered, she is passionate about sharing her happiness with others.

The show aired on Sky for 8 years but is no longer airing. However there is still plenty of content here to help you.

If you need help with your mental health, you can call the sponsor of the show (the UCKG HelpCentre) 24hrs on 020 7686 6000 or send a message on WhattsApp 020 7686 6010. You can also visit the website www.uckg.org or get in touch with Chrissy via Instagram @chrissyboodram

Web: www.chrissybshow.tv
Facebook: thechrissybshow 
X: @chrissybshow
Instagram: chrissybshow



",2012-05-29T19:09:51Z,GB,2233921,7300,False,2016-04-11T17:03:47Z,PT45M32S,2732,en,en-GB,false,no_captions_reported,,,,public,False,1696,7,2,0,True,1,I'm too embarrassed to get a colon cancer test,7,embarrassing bottoms - what you need to know about bowel cancer & ibs,embarrassing bottoms - what you need to know about bowel cancer & ibs|UCHfwS2btVLvqqAQ-69c0PKw,False,"[{""cancer_domain"": ""colon"", ""search_query"": ""I'm too embarrassed to get a colon cancer test"", ""rank"": 7, ""contributor"": ""Yule"", ""source"": ""WHO"", ""scope_category"": ""Anxiety Reduction""}]"
batch-yule-colon-001,2026-09-28T00:11:04.741918+00:00,vy1QB1-rsMw,https://www.youtube.com/watch?v=vy1QB1-rsMw,"Colorectal Cancer Screening: Tamar Lipof, MD",,UCvtjTPs3kXuSChGjHjmj7vg,LaheyClinic,"Lahey Clinic is part of Beth Israel Lahey Health, a health care system that brings together academic medical centers and teaching hospitals, community and specialty hospitals, more than 4,000 physicians and 35,000 employees in a shared mission to expand access to great care and advance the science and practice of medicine through groundbreaking research and education.  
 
At Lahey Clinic, you benefit from specialty resources at our medical centers and top-quality primary care services at community-based practices throughout northeastern Massachusetts.
",2012-12-13T15:36:18Z,,2458523,4700,False,2016-10-27T16:44:57Z,PT4M9S,249,en,,false,no_captions_reported,,,,public,False,493,2,1,0,True,1,I'm too embarrassed to get a colon cancer test,8,"colorectal cancer screening: tamar lipof, md","colorectal cancer screening: tamar lipof, md|UCvtjTPs3kXuSChGjHjmj7vg",False,"[{""cancer_domain"": ""colon"", ""search_query"": ""I'm too embarrassed to get a colon cancer test"", ""rank"": 8, ""contributor"": ""Yule"", ""source"": ""WHO"", ""scope_category"": ""Anxiety Reduction""}]"
batch-yule-colon-001,2026-09-28T00:11:04.741918+00:00,b48Zyub2Gis,https://www.youtube.com/watch?v=b48Zyub2Gis,Is Your Poop Normal? A GI Doctor Answers,"📌 Visit https://www.drmelona.com

There are questions about your gut you have never said out loud. You Googled them at 2 a.m. You almost brought them up at your last appointment and changed your mind. Today I am answering all of them.

No judgment. No sugarcoating. Just straight answers from a board-certified GI doctor who has heard every question you think is too embarrassing to ask.

In this video, I'm going to answer the five gut health questions I hear most often behind closed doors, including the ones patients whisper and the ones that could actually save your life if you stop ignoring them.


⏱️ TIMESTAMPS
0:00 - A GI Doctor Answers the Questions Patients Are Afraid to Ask
0:41 - Why your digestion questions deserve real answers
1:08 - Q1: Is my poop normal?
2:50 - Q2: Do I need a colonoscopy if I feel fine?
5:10 - Q3: Why does stress destroy my stomach?
6:45 - Q4: Should I take a probiotic?
8:46 - Q5: How do I know if my symptoms are serious?
10:53 - What to do tonight about your gut health


❓ QUESTIONS ANSWERED
Q: Is it normal to have a bowel movement three times a day or only three times a week?
A: Both are within the normal range. What matters more than frequency is your personal baseline and whether something changes. If a shift persists for more than three to four weeks, bring it to your doctor.

Q: Do I need a colonoscopy if I feel perfectly healthy?
A: Yes. Colorectal cancer often produces no symptoms until it has reached an advanced stage. Colonoscopy does not just detect cancer, it prevents it by finding and removing precancerous polyps before they become dangerous. Screening is recommended starting at age 45 for average-risk individuals.

Q: Can stress actually cause real digestive problems or is it all in my head?
A: It is in your anatomy, not your head. Stress activates the fight-or-flight nervous system response, which diverts blood flow from digestion, changes gut motility, increases acid production, and makes the gut lining more sensitive. The result is real physical symptoms including bloating, cramping, reflux, and irregular bowel habits.

🎥 WATCH NEXT
5 Digestive Symptoms That Need Immediate Attention: https://youtu.be/C4vZJ67Uhy4

📱 RESOURCES
Website: https://www.drmelona.com
Patient Portal: https://drmelona.com/patient-portal/
Instagram: https://www.instagram.com/drmelonagi
Facebook: https://www.facebook.com/doctormelona

🔔 Subscribe for evidence-based digestive health, nutrition science, and disease prevention from a board-certified gastroenterologist.

💬 What gut health question have you been too embarrassed to ask? Leave it below and I'll answer it.

ABOUT DR. MEL ONA: I'm Dr. Mel Ona, a board-certified gastroenterologist with graduate training in nutritional biochemistry and metabolism. I founded Ohana Gastroenterology and have treated over 10,000 patients across nine years of clinical practice. My focus is evidence-based digestive health, nutrition science, and disease prevention.

#GutHealth #Gastroenterologist #DigestiveHealth #ColonCancerPrevention #GIDoctor",UCuYwsImao7jMi5Zsc9eMfPg,Dr. Mel Ona | Gastro Truth,"Board-certified gastroenterologist with graduate training in nutritional biochemistry. 10,000+ patients treated. Thousands of procedures performed. 

On this channel, Dr. Mel Ona breaks down gut health, digestive symptoms, nutrition science, colon cancer prevention, and disease detection in plain language you can actually use. 

No sponsors. No supplement sales. No hype. 

Just evidence-based answers from a GI doctor who practices what he teaches. 

Topics include: bloating, acid reflux, IBS, colonoscopy, gut microbiome, fiber, fatty liver disease, probiotics, and health optimization for busy professionals. 

New videos weekly. Subscribe for gut health guidance you can trust.

",2026-03-12T02:00:19.361985Z,,49985,277,False,2026-05-21T15:00:12Z,PT11M38S,698,en,,false,no_captions_reported,,,,public,False,156,4,3,0,True,1,I'm too embarrassed to get a colon cancer test,9,is your poop normal? a gi doctor answers,is your poop normal? a gi doctor answers|UCuYwsImao7jMi5Zsc9eMfPg,False,"[{""cancer_domain"": ""colon"", ""search_query"": ""I'm too embarrassed to get a colon cancer test"", ""rank"": 9, ""contributor"": ""Yule"", ""source"": ""WHO"", ""scope_category"": ""Anxiety Reduction""}]"
batch-yule-colon-001,2026-09-28T00:11:04.741918+00:00,V1i1zHujGFs,https://www.youtube.com/watch?v=V1i1zHujGFs,Are you asleep for colonoscopy? 😴,"Many types of sedation can be used for colonoscopies and endoscopies (EGD). It depends on many factors for these minor surgeries and procedures, but we often provide sedation, instead of general anesthesia. That usually means avoiding the breathing tube and simply providing extra oxygen with a nasal cannula or oxygen mask. Often, not always, that means fewer side effects!",UCl31nh9FGrKKGjKn8uaOasw,Medical Secrets,"You have more power over your health than you've probably ever been told.

💛 Visit Dr. Kaveh's longevity clinic for bioidentical hormone replacement therapy, IV Ketamine therapy, and SGB: https://www.clarus-health.com
🫀 Exclusive access to Dr. Kaveh's live streams + more: https://www.youtube.com/channel/UCl31nh9FGrKKGjKn8uaOasw/join

Learn your body's secrets with the Stanford/Harvard trained anesthesiologist and integrative medicine specialist, Dr. Anthony Kaveh, MD.

This video/speech/channel DOES NOT CONSTITUTE MEDICAL ADVICE. Patients with medical concerns should contact their physician. If your concern is an emergency, immediately call 911. This information is not a recommendation for ANY THERAPY. Some substances referenced in this content may be illegal, and this content is not a recommendation for, or endorsement of, their use in any way.
",2020-03-27T20:15:12.076507Z,US,154237521,607000,False,2023-03-09T16:20:17Z,PT16S,16,en,,false,no_captions_reported,,,,public,False,549682,8768,242,0,True,2,I'm too embarrassed to get a colon cancer test,10,are you asleep for colonoscopy? 😴,are you asleep for colonoscopy? 😴|UCl31nh9FGrKKGjKn8uaOasw,False,"[{""cancer_domain"": ""colon"", ""search_query"": ""I'm too embarrassed to get a colon cancer test"", ""rank"": 10, ""contributor"": ""Yule"", ""source"": ""WHO"", ""scope_category"": ""Anxiety Reduction""}, {""cancer_domain"": ""colon"", ""search_query"": ""afraid of anesthesia for colonoscopy"", ""rank"": 5, ""contributor"": ""Yule"", ""source"": ""Forums"", ""scope_category"": ""Anxiety Reduction""}]"
batch-yule-colon-001,2026-09-28T00:11:04.741918+00:00,Y-d66DiFwvc,https://www.youtube.com/watch?v=Y-d66DiFwvc,PTSD Treatment Options - How to Find a Good Trauma Therapist,"Explore effective PTSD treatment options and learn how to find a qualified trauma therapist to guide your healing journey.
Join Therapy in a Nutshell’s membership: https://courses.therapyinanutshell.com/membership
You'll get instant access to all 10 life-changing courses, live weekly Q&As, and a supportive community for just $27/month. Learn how to manage anxiety, process trauma, regulate emotions, and build lasting resilience so that you can live a deeply rich and meaningful life!

When it comes to therapy it’s really good to be an informed consumer. There are hundreds of different types of therapy, and every therapist is different in how they approach issues like PTSD, so whether you’ve never tried therapy before or you’ve worked with other therapists in the past and you want something different,  learning about different PTSD treatment modalities can be really helpful. 
So first, what is trauma? Trauma is any experience that was overwhelming, threatening, that caused pain, distress, fear to the point where you feel or felt helpless. It can include abuse, assault, witnessing tragedy, it can include frightening medical experiences, near death experiences or a severe loss. When your response to these situations interferes with your life you might receive a diagnosis of PTSD or if the abuse was ongoing for long periods, Complex PTSD (CPTSD).  Symptoms include nightmares, feeling tense or anxious all the time, being jumpy, feeling numb or detached, exhausted and depressed, and struggling in relationships, sleep, and work. 
While almost all therapists have some skills in treating depression, anxiety and trauma or PTSD- because these are so universal, not all therapists specialize in trauma treatment. That means that most therapists have at least a handful of tools to treat PTSD, but some therapists have a lot of skills, interventions, and resources plus experience to help you out. And that’s not exclusive to trauma, the more specific you can get with your diagnosis, the more specific you can get in finding a therapist who has interventions tailored to your needs. 
OK, so what are the trauma treatment options out there and how do you find a therapist who uses them? There’s a gazillion ways to do PTSD treatment, but I’m going to highlight the ways that are research backed, meaning a strong body of consistent evidence that these treatments are effective. 

Looking for affordable online therapy? My sponsor, BetterHelp, connects you to a licensed professional from the comfort of your own home. Try it now for 10% off your first month: https://betterhelp.com/therapyinanutshell

Learn more in one of my in-depth mental health courses: https://courses.therapyinanutshell.com/?utm_medium=YTDescription&utm_source=YouTube
Support my mission on Patreon: https://www.patreon.com/therapyinanutshell
Sign up for my newsletter: https://courses.therapyinanutshell.com/free-resources
Check out my favorite self-help books: https://kit.co/TherapyinaNutshell/best-self-help-books
Check out my podcast, Therapy in a Nutshell: https://tinpodcast.podbean.com/

Therapy in a Nutshell and the information provided by Emma McAdam are solely intended for informational and entertainment purposes and are not a substitute for advice, diagnosis, or treatment regarding medical or mental health conditions. Although Emma McAdam is a licensed marriage and family therapist, the views expressed on this site or any related content should not be taken for medical or psychiatric advice. Always consult your physician before making any decisions related to your physical or mental health.
In therapy I use a combination of Acceptance and Commitment Therapy, Systems Theory, positive psychology, and a bio-psycho-social approach to treating mental illness and other challenges we all face in life. The ideas from my videos are frequently adapted from multiple sources. Many of them come from Acceptance and Commitment Therapy, especially the work of Steven Hayes, Jason Luoma, and Russ Harris. The sections on stress and the mind-body connection derive from the work of Stephen Porges (the Polyvagal theory), Peter Levine (Somatic Experiencing) Francine Shapiro (EMDR), and Bessel Van Der Kolk. I also rely heavily on the work of the Arbinger institute for my overall understanding of our ability to choose our life's direction. 
And deeper than all of that, the Gospel of Jesus Christ orients my personal worldview and sense of security, peace, hope, and love https://www.churchofjesuschrist.org/comeuntochrist/believe

If you are in crisis, please contact the National Suicide Prevention Hotline at https://suicidepreventionlifeline.org/ or 1-800-273-TALK (8255) or your local emergency services.
Copyright Therapy in a Nutshell, LLC",UCpuqYFKLkcEryEieomiAv3Q,Therapy in a Nutshell,"I’m Emma McAdam, a Licensed Marriage and Family Therapist, and my mission is to make mental health resources easier to access. I take therapy skills and psychological research and condense them down into bite-sized nuggets of help. 

As a licensed therapist, one thing I’ve noticed is that most people have no idea of what they can do to improve depression, anxiety, or other mental illness. 

I’m here to spread the message that while mental illness is real, it’s common, it’s debilitating, it’s also treatable. There are dozens of research-backed approaches to treating depression, anxiety, ptsd, and other mental illness. Change, growth, and healing are possible. Please keep courage! Try one little thing every day to improve your life and health, and things can get so much better! 

I am not currently taking any new clients, but you can find a therapist with my sponsor: BetterHelp.com/therapyinanutshell",2016-08-17T00:14:06Z,US,194247490,2580000,False,2022-05-12T17:20:24Z,PT12M20S,740,en,en,true,captions_reported_available,,,,public,False,125109,3830,298,0,True,1,What are my treatment options?,1,ptsd treatment options - how to find a good trauma therapist,ptsd treatment options - how to find a good trauma therapist|UCpuqYFKLkcEryEieomiAv3Q,False,"[{""cancer_domain"": ""colon"", ""search_query"": ""What are my treatment options?"", ""rank"": 1, ""contributor"": ""Yule"", ""source"": ""American Cancer Society"", ""scope_category"": ""Next steps after screening""}]"
batch-yule-colon-001,2026-09-28T00:11:04.741918+00:00,1pN6IvUjaaM,https://www.youtube.com/watch?v=1pN6IvUjaaM,Understanding Treatment Options for Osteoarthritis (OA) | Johns Hopkins Rheumatology,"Osteroarthritis (OA) is the most common form of arthritis in the world. It affects over 32 million adults in the United States. Dr. Dana DiRenzo discusses risk factors for development of OA as well as general treatment strategies. Treatment options can include medications such as NSAIDs along with lifestyle adjustments including weight loss, exercise and diet changes. The treatment options discussed are based on the 2019 American College of Rheumatology/Arthritis Foundation Guideline for the Management of Osteoarthritis of the Hand, Hip, and Knee, led by Sharon Kolasinski and others. The complete guideline can be found at: https://www.rheumatology.org/Portals/0/Files/Osteoarthritis-Guideline-Early-View-2019.pdf",UCCaZVAFFIEW3lAQr7WSJHcg,Johns Hopkins Rheumatology,"The Division of Rheumatology is a thriving clinical and academic center, which concentrates clinically on providing the most outstanding care to patients affected by a variety of common and uncommon rheumatic disorders. We have 7 disease-specific Centers (Arthritis, Lupus, Lyme Disease, Myositis, Scleroderma, Sjögren’s syndrome, and Vasculitis) and a large Clinic that concentrates on general rheumatologic problems.

To learn more about your division: https://www.hopkinsrheumatology.org/
Arthritis Center: https://www.hopkinsarthritis.org/
Lupus Center: https://www.hopkinslupus.org/
Lyme Disease Research Center: https://www.hopkinsrheumatology.org/specialty-clinics/lyme-disease-clinical-research-center/
Myositis Center: https://www.hopkinsmyositis.org/
Scleroderma Center: https://www.hopkinsscleroderma.org/
Jerome L. Greene Sjögren’s Syndrome Center: https://www.hopkinssjogrens.org/
Vasculitis Center: https://www.hopkinsvasculitis.org/",2014-11-17T12:41:32Z,US,19180005,102000,False,2020-04-08T17:00:53Z,PT3M44S,224,en,en,false,no_captions_reported,,,,public,False,72928,663,5,0,True,1,What are my treatment options?,2,understanding treatment options for osteoarthritis (oa) | johns hopkins rheumatology,understanding treatment options for osteoarthritis (oa) | johns hopkins rheumatology|UCCaZVAFFIEW3lAQr7WSJHcg,False,"[{""cancer_domain"": ""colon"", ""search_query"": ""What are my treatment options?"", ""rank"": 2, ""contributor"": ""Yule"", ""source"": ""American Cancer Society"", ""scope_category"": ""Next steps after screening""}]"
batch-yule-colon-001,2026-09-28T00:11:04.741918+00:00,EHq_slIFLcQ,https://www.youtube.com/watch?v=EHq_slIFLcQ,Orthopedic surgeon talks about different types of meniscus tears and how to fix and treat them,"📲Please SUBSCRIBE for new #shorts #doctor videos!  
https://www.youtube.com/channel/UCbte-7tl7kaAm1xfWgz6xvQ?app=desktop&sub_confirmation=1

✍️Dr. Matthew Harb talks about meniscus tears
https://www.MatthewHarbMD.com/links

👨‍⚕️Orthopedic Hip and Knee Surgeon 
📍Located in Maryland and Washington DC
📚Education and Insight 
🛠Minimally invasive, outpatient, hip and knee replacement surgery

👉Visit me Online: https://www.MatthewHarbMD.com 
☎️Schedule a virtual or in office appointment: https://www.MatthewHarbMD.com/links

📲Follow me on Social Media:

💥TIKTOK: https://www.tiktok.com/@matthewharbmd
💥INSTAGRAM: https://www.instagram.com/thebonesurgeon

✍️QUESTION — Have a question or comment about medicine, orthopedic surgery, or musculoskeletal conditions. Post in the comment sections and let me know!

Dr. Matthew Harb specializes in minimally invasive, muscle sparing, hip and knee replacement surgery. Minimally invasive surgery allows patients to recover faster and have less pain post operatively. Implants are tailored and custom fit to each patient to allow for improved performance. Dr. Harb’s expertise in rapid recovery protocols allow for quick recovery after surgery and excellent outcomes in patients with hip and knee arthritis. With minimally invasive, muscle sparing surgery patients can return to their lifestyles and get back to doing the things they love sooner. Dr. Harb performs outpatient joint replacement surgery with many of his patients walking independently and going home the day of surgery.

“My focus is excellence in patient care, expedited recovery after surgery, and getting people back to the normal activities they love. Our team focused approach is committed to superb outcomes, improving lives, and returning patients to living pain free.”",UCbte-7tl7kaAm1xfWgz6xvQ,"Matthew Harb, M.D","Dr Matthew Harb - Orthopaedic surgeon in Washington D.C, Maryland, and Virginia. He specializes in minimally invasive surgery, outpatient joint replacement, computer navigation for total hip and knee replacement, hip and knee surgery. Visit https://www.matthewharbmd.com for more details.",2020-09-10T07:40:20.590534Z,US,2375468704,1480000,False,2021-08-10T19:41:18Z,PT16S,16,en,en,false,no_captions_reported,,,,public,False,477564,1773,78,0,True,2,What are my treatment options?,3,orthopedic surgeon talks about different types of meniscus tears and how to fix and treat them,orthopedic surgeon talks about different types of meniscus tears and how to fix and treat them|UCbte-7tl7kaAm1xfWgz6xvQ,False,"[{""cancer_domain"": ""colon"", ""search_query"": ""What are my treatment options?"", ""rank"": 3, ""contributor"": ""Yule"", ""source"": ""American Cancer Society"", ""scope_category"": ""Next steps after screening""}, {""cancer_domain"": ""colon"", ""search_query"": ""How might treatment affect my daily activities? Can I still work full time?"", ""rank"": 10, ""contributor"": ""Yule"", ""source"": ""American Cancer Society"", ""scope_category"": ""Next steps after screening""}]"
batch-yule-colon-001,2026-09-28T00:11:04.741918+00:00,yzLDt1R1CKI,https://www.youtube.com/watch?v=yzLDt1R1CKI,Anything But CPAP: Other Sleep Apnea Treatment Option,"People who have used CPAP unsuccessfully, now have the option of seeking a different approach in order to be proactive about their sleep apnea.",UCxMXl9L79X1Mq_4iwCOyPFg,CBS TEXAS,"Welcome to the official CBS Texas YouTube channel, serving the North Texas community with trusted journalism and impactful storytelling.

We cover:
Breaking local and national news
First Alert Weather and severe storm coverage
Investigative reports that hold leaders accountable
Community-driven stories that reflect North Texas

Subscribe to stay informed, prepared, and connected — wherever you are.
",2011-02-22T16:30:51Z,US,576324104,569000,False,2018-03-14T21:59:08Z,PT2M29S,149,en,,true,captions_reported_available,,,,public,False,123114,615,67,0,True,1,What are my treatment options?,4,anything but cpap: other sleep apnea treatment option,anything but cpap: other sleep apnea treatment option|UCxMXl9L79X1Mq_4iwCOyPFg,False,"[{""cancer_domain"": ""colon"", ""search_query"": ""What are my treatment options?"", ""rank"": 4, ""contributor"": ""Yule"", ""source"": ""American Cancer Society"", ""scope_category"": ""Next steps after screening""}]"
batch-yule-colon-001,2026-09-28T00:11:04.741918+00:00,wRWNDwlieTA,https://www.youtube.com/watch?v=wRWNDwlieTA,What are the Treatment Options for Pancreatitis? | Q&A,"Vikesh Singh, MD, Johns Hopkins gastroenterologist, explains medical management and surgical treatment options for pancreatitis patients.

Questions answered:
1. Describe what you do. (0:11)
2. What is chronic pancreatitis treated? (0:30)
3. What if medical therapy isn't working? (1:26)
4. Are there any new options for treating pancreatitis today? (1:42)
5. What patients could benefit from auto islet transplant? (2:26)
6. Why should someone come to Johns Hopkins for pacreatitis treatment? (2:51)


Johns Hopkins Comprehensive Transplant Center
http://www.hopkinsmedicine.org/transplant/index.html

Auto Islet Transplants at Johns Hopkins
http://www.hopkinsmedicine.org/transplant/programs/autoislet/index.html

Johns Hopkins Gastroenterology
http://hopkins-gi.org/CMS/CMS_Page.aspx?CurrentUDV=31&CMS_Page_ID=DB2A6F9E-B574-4C30-BE7A-5B2CAE4DA9EA",UCATNzbTbfeoMhNonZGZmrhA,Johns Hopkins Medicine,"Johns Hopkins Medicine pushes the boundaries of discovery, transforms health care, advances medical education and creates hope for humanity. Together, Johns Hopkins Medicine will deliver the promise of medicine. We welcome your interest, ideas, and participation.

Subscribe to this channel!

Visit our webpage to learn more or follow us on Facebook and Twitter by clicking the links below.",2008-12-19T15:54:31Z,US,136696577,495000,False,2011-10-07T16:20:30Z,PT3M22S,202,en,,true,captions_reported_available,,,,public,False,233219,1337,240,0,True,1,What are my treatment options?,5,what are the treatment options for pancreatitis? | q&a,what are the treatment options for pancreatitis? | q&a|UCATNzbTbfeoMhNonZGZmrhA,False,"[{""cancer_domain"": ""colon"", ""search_query"": ""What are my treatment options?"", ""rank"": 5, ""contributor"": ""Yule"", ""source"": ""American Cancer Society"", ""scope_category"": ""Next steps after screening""}]"
batch-yule-colon-001,2026-09-28T00:11:04.741918+00:00,wF-Fdsw4nsY,https://www.youtube.com/watch?v=wF-Fdsw4nsY,Four Common Types of Shoulder Pain and Options for Treatment,"Shoulder pain can significantly impact a person's mobility, but not all pain is equal. Michael A. Vazquez, MD, discusses four different kinds of shoulder pain and the treatments available at Milford Regional Orthopedics & Sports Medicine.

Connect with our staff and learn more about the services we provide here: https://www.milfordregionalphysicians.org/practices/milford-regional-orthopedics

Now accepting adult and pediatric patients. To make an appointment, call 508-478-7135.",UC9-RkEaFR4o1rPCMRsnlWIQ,Milford Regional Medical Center,"Providing exceptional health care services to the Greater Milford, Massachusetts, community with dignity, compassion and respect.

The information contained in these videos is accurate as of the date of filming and is not intended to be used in place of medical advice from your physician.  

",2011-11-15T17:37:25Z,,470058,11100,False,2022-04-27T12:10:54Z,PT4M1S,241,en,,false,no_captions_reported,,,,public,False,76420,428,13,0,True,1,What are my treatment options?,6,four common types of shoulder pain and options for treatment,four common types of shoulder pain and options for treatment|UC9-RkEaFR4o1rPCMRsnlWIQ,False,"[{""cancer_domain"": ""colon"", ""search_query"": ""What are my treatment options?"", ""rank"": 6, ""contributor"": ""Yule"", ""source"": ""American Cancer Society"", ""scope_category"": ""Next steps after screening""}]"
batch-yule-colon-001,2026-09-28T00:11:04.741918+00:00,CQ45nJyu3kY,https://www.youtube.com/watch?v=CQ45nJyu3kY,Non-Surgical Treatment For Lumbar Spinal Stenosis (Part 1),"The goal is to avoid surgery! 
-
In this video I review the ways the spine SURGEON helps guide the patient away from surgery until it is absolutely indicated!
-
Chapters:
00:00 - Who Am I
00:21- What is Spinal Stenosis
01:14 - Why did you get stenosis
02:14 - Ligamentum flavum
03:08 - Bone Spurs😑
04:56 - Summary of what causes stenosis
05:10 - How I Diagnose Stenosis
05:29 - Spondylolisthesis 👍
07:35 - Laminectomy
08:03 - How I Treat Non-Op
10:29 - The Role of Pain Management and Injections 
12:02 - Facet injections vs TFESIs 👀

-
Hello, Dr Donnally allows a limited number of SURGICAL consultation telemedicines💻a week. Best path forward:
1- email your insurance card to Spine@TSCspine.com (He can’t take Medicaid. Private pay is sometimes an option, unless Medicaid)
2- if we take that insurance THEN upload your images to the portal for your 1st visit. (The only HMO we take is BCBS).
3- Must have X-rays and MRI, X-rays are critical! “Just” MRI isn’t enough and is a misuse of your time. It needs to be from last 12 months. Nothing older is needed or wanted. Cant stress this enough, must have BOTH: x rays and MRI.
4- YOU need to get CD of your X-ray and MRI (imaging centers will NEVER send them to us)
5- On the top of his website (DonnallySpine.com) is a link to UPLOAD images, from YOUR HOME! 🥰 
6- To recap: email us, get CDs, THEN upload!
Step by step:
https://youtu.be/HpKOfI_1FSs
-
Again- no Medicaid. Must have your X-rays and MRI. 
YouTube: @DonnallySpineConsult",UC2JX5Pyg1GuaSRK6yqHETaQ,"Chester Donnally III, MD, Texan Spine Surgeon","I am a board certified spine surgeon in Dallas, my hometown! I specialize in minimally invasive spine surgery, robotic spine surgery, same-day-surgery, and artificial disc replacements. 
-
I like to teach and make media content to better educated patients and other healthcare providers!
-
About 20% of my patients are from out of state, I am very good at telemedicine!
-
https://www.donnallyspine.com/ for more details.",2020-08-11T07:15:50.691416Z,US,25721630,81100,False,2022-12-11T17:19:26Z,PT13M32S,812,en,en,true,captions_reported_available,,,,public,False,1397972,19680,1864,0,True,1,What are my treatment options?,7,non-surgical treatment for lumbar spinal stenosis (part 1),non-surgical treatment for lumbar spinal stenosis (part 1)|UC2JX5Pyg1GuaSRK6yqHETaQ,False,"[{""cancer_domain"": ""colon"", ""search_query"": ""What are my treatment options?"", ""rank"": 7, ""contributor"": ""Yule"", ""source"": ""American Cancer Society"", ""scope_category"": ""Next steps after screening""}]"
batch-yule-colon-001,2026-09-28T00:11:04.741918+00:00,jtU3mKE4xb4,https://www.youtube.com/watch?v=jtU3mKE4xb4,Treatment Options for Localized Prostate Cancer - Urology Care Foundation,"Learn about the treatment options you have for localized Prostate Cancer. This video features Dr. John Lynch, Prostate Cancer Survivor and Chair of the Urology Care Foundation’s Public Education Council. Take control of your prostate cancer. For more information or to find a urologist near you, go to UrologyHealth.org, the Urology Care Foundation's website.

The Urology Care Foundation is the official foundation of the American Urological Association. The Urology Care Foundation raises awareness of urologic health through national public health campaigns. More awareness helps reduce embarrassment and fear.  It also helps patients take an active role in their care. #ProstateCancer #ProstateHealth #UrologyCareFoundation

We support urologic research and strive to provide the most current, comprehensive and reliable urologic health information for patients and the public. The Foundation:
- Was founded in 1987.
- Supports research professionals through grant programs, clinical trials and the publishing of the National Urology Research Agenda (NURA).
_ Provides resources for patient education regarding urological conditions including brochures.
- Engages in public awareness campaigns, special events and community programs to help further the cause of educating those at risk and as those already suffering from urological conditions.
- Supports and advocates on a variety of issues pertaining to patient urological health, industry standards and access to care.
- Is supported by a wide variety of corporate sponsors, endowments and individual donors.
- Publishes Urology Health Extra magazine as a service to the patients, health care professionals and the public.",UCHCZ1sbVTYhpM1qmKFiOJJQ,Urology Care Foundation,"The Urology Care Foundation is the official foundation of the American Urological Association. We support the improvement of urological care by funding research, developing patient education, advancing humanitarian initiatives and pursuing philanthropic support. All ad revenue generated from this channel will go directly to the Urology Care Foundation, helping support our mission. https://www.urologyhealth.org
 
Founded in 1987, the Foundation is the world’s leading nonprofit urological health foundation. We strive to provide current and reliable urologic information for the public, fund young scientists working hard to find cures for urologic conditions and disease, and support global humanitarian efforts. 



",2014-12-02T19:48:59Z,US,2811146,13100,False,2016-04-20T17:47:14Z,PT3M26S,206,en,en-US,false,no_captions_reported,,,,public,False,35787,163,2,0,True,1,What are my treatment options?,8,treatment options for localized prostate cancer - urology care foundation,treatment options for localized prostate cancer - urology care foundation|UCHCZ1sbVTYhpM1qmKFiOJJQ,False,"[{""cancer_domain"": ""colon"", ""search_query"": ""What are my treatment options?"", ""rank"": 8, ""contributor"": ""Yule"", ""source"": ""American Cancer Society"", ""scope_category"": ""Next steps after screening""}]"
batch-yule-colon-001,2026-09-28T00:11:04.741918+00:00,jWTKFX2cPPs,https://www.youtube.com/watch?v=jWTKFX2cPPs,Bulimia: Signs & Treatment Options | Stanford,"Millions of people around the world will be affected by Bulimia Nervosa during their lifetime. If left untreated, Bulimia can be a life-threatening condition. In this video, Dr. Rachel Goldstein explains what Bulimia is, common behaviors and signs of Bulimia, misconceptions associated with Bulimia, and where you or your loved one can find support and treatment for this eating disorder.

0:00 Overview
0:35 Alice's story
1:05 What is Bulimia? What is binging? What are compensatory behaviors?
2:05 How to recognize and diagnose Bulimia
3:06 Mental health
3:46 Medical complications
4:40 How to begin the recovery process / How to support a loved one you suspect is struggling with an eating disorder
5:37 Effective treatments for Bulimia

Resources:
• National Eating Disorders hotline: (800) 931-2237
• Free eating disorder support groups: https://anad.org/
• Recommended website resource list: https://www.eatingrecoverycenter.com/resources/recommended-websites

Dr. Rachel Goldstein is an adolescent medicine physician at Stanford University School of Medicine. She has treated many patients who have struggled with Bulimia. 

The information in this video was accurate as of the upload date, 5/25/2022. For information purposes only. Consult your local medical authority or your healthcare practitioner for advice.

This video is a production of the Stanford Center for Health Education team, in collaboration with Stanford Medicine, the Stanford Center for Professional Development, and the Stanford Medicine Education Technology Team.

At the Stanford Center for Health Education, we believe that expanding access to engaging education has the power to change behaviors, improve health, and save lives. 
 
Stanford Center for Health Education
Website: https://healtheducation.stanford.edu/
Twitter: https://twitter.com/Stanford_CHE
Facebook: https://www.facebook.com/StanfordCenterforHealthEducation
LinkedIn: https://www.linkedin.com/company/stanford-center-for-health-education
 
Digital Medic
Website: https://digitalmedic.stanford.edu/
Twitter: https://twitter.com/digital__medic
Facebook: https://www.facebook.com/digitalmedic.org/
Instagram: https://www.instagram.com/digitalmedicstanford/",UCxdM_BlltGbSjch5BVzrhag,Stanford Center for Health Education,"Expanding knowledge, improving health. At the Stanford Center for Health Education and our Digital Medic program, we are committed to reaching communities worldwide with accurate, timely, and understandable health information. We offer a variety of certificate programs tailored to health professionals, as well as open-access educational content for health workers and community members.
",2017-02-15T00:11:46Z,US,36628006,130000,False,2022-05-25T18:06:55Z,PT7M59S,479,en,en,false,no_captions_reported,,,,public,False,47554,579,,0,True,1,What are my treatment options?,9,bulimia: signs & treatment options | stanford,bulimia: signs & treatment options | stanford|UCxdM_BlltGbSjch5BVzrhag,False,"[{""cancer_domain"": ""colon"", ""search_query"": ""What are my treatment options?"", ""rank"": 9, ""contributor"": ""Yule"", ""source"": ""American Cancer Society"", ""scope_category"": ""Next steps after screening""}]"
batch-yule-colon-001,2026-09-28T00:11:04.741918+00:00,TTHOjqIRQ34,https://www.youtube.com/watch?v=TTHOjqIRQ34,Your Depression Is Lying to You: Depression Treatment Options: Depression Skills #1,"Do you want to learn How to Process Emotions and improve your Mental Health? Sign up for a Therapy in a Nutshell Membership, you'll get access to all of Emma’s courses, workbooks, and a Live Q and A with 100’s of exclusive videos: https://courses.therapyinanutshell.com/membership

Get the course: Change Your Brain-Neuroplasticity and Mental Health
https://courses.therapyinanutshell.com/change-your-brain?utm_campaign=VApr%2018,%202019&utm_medium=Description&utm_source=YouTube

Depression is a sneaky disorder that tries to convince you that it's a permanent part of your character. 
But the essence of a disorder is that it's disordered. Your thinking isn't working quite right, so you don't have to believe it. 
Depression is treatable, and there's a ton of research-backed treatment options - so don't give up! It can get better!

Looking for affordable online therapy? My sponsor, BetterHelp, connects you to a licensed professional from the comfort of your own home. Try it now for 10% off: https://betterhelp.com/therapyinanutshell

Learn more in one of my in-depth mental health courses: https://courses.therapyinanutshell.com/?utm_campaign=04182019&utm_medium=Description&utm_source=YouTube
Support my mission on Patreon: https://www.patreon.com/therapyinanutshell
Sign up for my newsletter: https://courses.therapyinanutshell.com/free-resources
Check out my favorite self-help books: https://kit.co/TherapyinaNutshell/best-self-help-books
Check out my podcast, Therapy in a Nutshell: https://tinpodcast.podbean.com/

Therapy in a Nutshell, LLC, and the information provided by Emma McAdam are solely intended for informational and entertainment purposes and are not a substitute for advice, diagnosis, or treatment regarding medical or mental health conditions. Although Emma McAdam is a licensed marriage and family therapist, the views expressed on this site or any related content should not be taken for medical or psychiatric advice. Always consult your physician before making any decisions related to your physical or mental health.

About Me:
I’m Emma McAdam. I’m a licensed Marriage and Family Therapist, and I have worked in various settings of change and growth since 2004. My experience includes juvenile corrections, adventure therapy programs, wilderness therapy programs, an eating disorder treatment center, a residential treatment center, and I currently work in an outpatient therapy clinic.  

In therapy I use a combination of Acceptance and Commitment Therapy, Systems Theory, positive psychology, and a bio-psycho-social approach to treating mental illness and other challenges we all face in life. The ideas from my videos are frequently adapted from multiple sources. Many of them come from Acceptance and Commitment Therapy, especially the work of Steven Hayes, Jason Luoma, and Russ Harris. The sections on stress and the mind-body connection derive from the work of Stephen Porges (the Polyvagal theory), Peter Levine (Somatic Experiencing) Francine Shapiro (EMDR), and Bessel Van Der Kolk. I also rely heavily on the work of the Arbinger institute for my overall understanding of our ability to choose our life's direction. 
And deeper than all of that, the Gospel of Jesus Christ orients my personal worldview and sense of security, peace, hope, and love https://www.churchofjesuschrist.org/comeuntochrist/believe

If you are in crisis, please contact the National Suicide Prevention Hotline at https://suicidepreventionlifeline.org/ or 1-800-273-TALK (8255) or your local emergency services.
Copyright Therapy in a Nutshell, LLC
----
Music licensed from www.Bensound.com or Artlist.io
Images from Freepik.com (premium license), Pixabay, or Wikimedia commons",UCpuqYFKLkcEryEieomiAv3Q,Therapy in a Nutshell,"I’m Emma McAdam, a Licensed Marriage and Family Therapist, and my mission is to make mental health resources easier to access. I take therapy skills and psychological research and condense them down into bite-sized nuggets of help. 

As a licensed therapist, one thing I’ve noticed is that most people have no idea of what they can do to improve depression, anxiety, or other mental illness. 

I’m here to spread the message that while mental illness is real, it’s common, it’s debilitating, it’s also treatable. There are dozens of research-backed approaches to treating depression, anxiety, ptsd, and other mental illness. Change, growth, and healing are possible. Please keep courage! Try one little thing every day to improve your life and health, and things can get so much better! 

I am not currently taking any new clients, but you can find a therapist with my sponsor: BetterHelp.com/therapyinanutshell",2016-08-17T00:14:06Z,US,194247490,2580000,False,2019-04-18T13:00:03Z,PT7M49S,469,en,en,true,captions_reported_available,,,,public,False,175559,6603,431,0,True,1,What are my treatment options?,10,your depression is lying to you: depression treatment options: depression skills #1,your depression is lying to you: depression treatment options: depression skills #1|UCpuqYFKLkcEryEieomiAv3Q,False,"[{""cancer_domain"": ""colon"", ""search_query"": ""What are my treatment options?"", ""rank"": 10, ""contributor"": ""Yule"", ""source"": ""American Cancer Society"", ""scope_category"": ""Next steps after screening""}]"
batch-yule-colon-001,2026-09-28T00:11:04.741918+00:00,KAmWT6M5vsE,https://www.youtube.com/watch?v=KAmWT6M5vsE,Why Your Magnesium Isn't Working (3 Nighttime Mistakes),"Avoid these 3 magnesium mistakes that could be keeping magnesium from working for you. Learn how magnesium dosage, timing, and cofactors affect magnesium absorption and how to use magnesium correctly to get the most benefits. 

👉 Download Dr. Berg’s Free Daily Health Routine: https://drbrg.co/4xK9v9i

Just so you know, my full line of high-quality supplements is available on Amazon — search Dr. Berg Supplements. 

0:00 Why magnesium isn’t working
0:49 Important magnesium glycinate dosage information
2:42 Magnesium absorption and why magnesium doesn’t work 
4:32 When to take magnesium
5:58 More magnesium mistakes to avoid  
6:58 Magnesium and vitamin D
7:36 One more reason why magnesium isn’t working

Keep watching for more on the benefits of magnesium, plus the right magnesium to take:
https://youtu.be/7lSQ2hnycLg
https://youtu.be/1gGI_98xzgE
https://youtu.be/xtGinb8VWxc

Optimize your magnesium at every level with this free magnesium cheat sheet: https://drbrg.co/4AFBvhh

If you’re making these common magnesium mistakes, they could be the reason your magnesium isn’t working. 

Magnesium glycinate dosage doesn’t always reflect the amount of elemental magnesium you’re actually getting from your supplement. It’s critical to understand how to read the label so you can make sure you’re getting the proper dose.

The RDA for magnesium is 310–420 mg, and many clinical trials showing magnesium benefits use dosages around 400–500 mg. If it seems like magnesium isn’t working for you, make sure you’re taking enough.

Magnesium absorption also plays a role. If you’re not absorbing magnesium properly, you won’t experience its full benefits. You need adequate stomach acid to absorb magnesium. Gut inflammation and even genetics can also affect magnesium absorption.

If you’re doing everything right and still not experiencing any magnesium benefits, you may just need to give it more time! 

DNA TEST LINK (USA ONLY): https://3x4genetics.com

DATA:
https://pmc.ncbi.nlm.nih.gov/articles/PMC10783169/ 
https://pmc.ncbi.nlm.nih.gov/articles/PMC4527261/

Dr. Eric Berg, D.C. Bio:
Dr. Berg, age 61, is a chiropractor who specializes in Healthy Ketosis & Intermittent Fasting. He is the Director of Dr. Berg Nutritionals and author of the best-selling book The Healthy Keto Plan. He no longer practices, but focuses on health education through social media.

Follow Me On Social Media:
YouTube: https://www.youtube.com/@Drberg/

YouTube Shorts: https://www.youtube.com/@UCpWhiwlOPxOmwQu5xyjtLDw 

Keto Recipes: https://www.youtube.com/@drbergketorecipes

Facebook: https://www.facebook.com/drericberg 

Instagram: https://www.instagram.com/drericberg/ 

Spotify Podcast: 🎧 https://drbrg.co/DrBerg-Spotify

TikTok: https://www.tiktok.com/@drbergofficial 

X: https://x.com/dr_ericberg

Disclaimer: 
Dr. Eric Berg, D.C., received his Doctor of Chiropractic degree from Palmer College of Chiropractic in 1988. His use of “doctor” or “Dr.” in relation to himself solely refers to that degree. Dr. Berg is a licensed chiropractor in Virginia, California, and Louisiana, but he no longer practices chiropractic in any state and does not see patients, so he can focus on educating people as a full-time activity, yet he maintains an active license. This video is for general informational purposes only. It should not be used to self-diagnose, and it is not a substitute for a medical exam, cure, treatment, diagnosis, prescription, or recommendation. It does not create a doctor-patient relationship between Dr. Berg and you. You should not make any change in your health regimen or diet before first consulting a physician and obtaining a medical exam, diagnosis, and recommendation. Always seek the advice of a physician or other qualified health provider with any questions you may have regarding a medical condition.

*Dr. Eric Berg, DC, is not AI-generated. AI-enhanced elements may be used in this video for production purposes only.
 
#health #keto #ketodiet #weightloss #ketolifestyle #intermittentfasting #lowcarb

Thanks for watching! I hope this helps you avoid common magnesium mistakes and get more benefits from your magnesium supplement. I’ll see you in the next video.",UC3w193M5tYPJqF0Hi-7U-2g,Dr. Eric Berg DC,"With over 48,000,000 followers worldwide, Dr. Eric Berg DC spreads the truth about getting healthy and losing weight. Dr. Berg DC, age 61, specializes in Healthy Keto® and Intermittent Fasting. He is the director of Dr. Berg's Nutritionals and a best-selling Amazon author.

His book, The Healthy Keto Plan describes specific strategies on doing the healthy version of the ketogenic diet as well as intermittent fasting. He has conducted over 4800 seminars on health-related topics and trained over 2500 doctors world-wide in his methods. Dr. Berg breaks down confusing complex health topics into easy to understand, usable knowledge. 

For more information, go to our website at www.drberg.com or call customer service at 1-800-816-8184.

Dr. Eric Berg, D.C. — not a medical doctor. Educational only, not medical advice. 

By:
Dr. Eric Berg DC
912 Drew Street
Suite 203-13
Clearwater, FL 33755
",2008-11-23T18:27:59Z,US,3740906323,15000000,False,2026-09-26T12:00:31Z,PT9M17S,557,en-US,en-US,false,no_captions_reported,,,,public,False,332370,6243,417,0,True,1,How might treatment affect my daily activities? Can I still work full time?,1,why your magnesium isn't working (3 nighttime mistakes),why your magnesium isn't working (3 nighttime mistakes)|UC3w193M5tYPJqF0Hi-7U-2g,False,"[{""cancer_domain"": ""colon"", ""search_query"": ""How might treatment affect my daily activities? Can I still work full time?"", ""rank"": 1, ""contributor"": ""Yule"", ""source"": ""American Cancer Society"", ""scope_category"": ""Next steps after screening""}]"
batch-yule-colon-001,2026-09-28T00:11:04.741918+00:00,G0XUimJbz44,https://www.youtube.com/watch?v=G0XUimJbz44,Workplace Mental Health - all you need to know (for now) | Tom Oxley | TEDxNorwichED,"Is Mental Health important​ in the workplace?  Tom explores all things related to workplace mental health, including mental health in school workplaces,  in this insightful video. Tom helps employers figure out mental health at work. He reviews workplaces, trains managers and writes plans. 
Since 2012 he has interviewed more than 130 people, surveyed thousands and worked across the UK with corporations, civil service, charities, the public sector, schools and small business. Tom has worked with national mental health charities Mind and Time to Change and consults widely across the UK. He lives in Norfolk and is mildly obsessed with cricket and camping.

He runs Bamboo Mental Health, an organisation dedicated to improving how employers support their people on mental health. This talk was given at a TEDx event using the TED conference format but independently organized by a local community. Learn more at https://www.ted.com/tedx",UCsT0YIqwnpJCM-mx7-gSA4Q,TEDx Talks,"TEDx is an international community that organizes TED-style events anywhere and everywhere -- celebrating locally-driven ideas and elevating them to a global stage. TEDx events are produced independently of TED conferences, each event curates speakers on their own, but based on TED's format and rules.

For more information on using TED for commercial purposes (e.g. employee learning, in a film or online course), please submit a Media Request here: https://media-requests.ted.com.",2009-06-23T16:00:48Z,US,9110987071,44700000,False,2018-07-16T14:31:34Z,PT12M17S,737,en,en,false,no_captions_reported,,,,public,False,1131020,14142,1025,0,True,1,How might treatment affect my daily activities? Can I still work full time?,2,workplace mental health - all you need to know (for now) | tom oxley | tedxnorwiched,workplace mental health - all you need to know (for now) | tom oxley | tedxnorwiched|UCsT0YIqwnpJCM-mx7-gSA4Q,False,"[{""cancer_domain"": ""colon"", ""search_query"": ""How might treatment affect my daily activities? Can I still work full time?"", ""rank"": 2, ""contributor"": ""Yule"", ""source"": ""American Cancer Society"", ""scope_category"": ""Next steps after screening""}]"
batch-yule-colon-001,2026-09-28T00:11:04.741918+00:00,mVRuUaLiwII,https://www.youtube.com/watch?v=mVRuUaLiwII,DOCTOR Night Shift Routine | TIPS on How to Survive NIGHT SHIFTS | How to Sleep Better,"How to Survive Night Shifts - Night Shift Tips - How to get more Sleep - How to sleep better
--In this video I wanted to share all of my tips and tricks I've learned along the way to become a pro at Night shifts!  I've done my fair share of night shifts over the last 5 years of residency, and I have definitely learned the hard way how to manage these stressful shifts/weeks/months of nightshifts.  Night shift work is not easy to transition to, but hopefully some of these tips may help you...like they do me!  Let me know if you have any other questions about how to survive a night shift.

__

Follow me on Instagram: https://www.instagram.com/drcellini/
Email:  TheDrCellini@gmail.com
-----------
-My Scrubs:  https://www.wearfigs.com
-15% off w/ my code -- FIGSxCellini
-----------
Shop all of my favorite stuff at My Amazon Store:  https://www.amazon.com/shop/drcellini
-----------

My Camera: https://amzn.to/2GX4whr
My Lens: https://amzn.to/2C7NYxt
Camera Tripod: https://amzn.to/2LUABWf
Memory Card: https://amzn.to/2LVjtPZ
----------

Get $55 off your next AirBNB stay here -- https://www.airbnb.com/c/michaelc54066?currency=USD

Get $$$ off your next Uber by using my code:  uf74s

ALL Music from Epidemic Sound! https://www.epidemicsound.com/referral/25q7o4/

Business Inquiries -- Email:  TheDrCellini@gmail.com

#nightshift #doctor #residency",UCiPW7OlzTfQjR_vLlkYPZCg,Dr. Cellini,"Hey Everyone!  I am a Board-Certified Diagnostic & Interventional Radiologist living in New Jersey.  I post mostly medical and finance stuff mixed in with a little travel vlogs, and of course, Radiology! 

Join the Cellini Family - https://tinyurl.com/DrCellini

-Michael",2017-09-22T02:06:27Z,US,36300654,353000,False,2020-02-15T15:30:02Z,PT11M46S,706,en,en,false,no_captions_reported,,,,public,False,324298,6643,618,0,True,1,How might treatment affect my daily activities? Can I still work full time?,3,doctor night shift routine | tips on how to survive night shifts | how to sleep better,doctor night shift routine | tips on how to survive night shifts | how to sleep better|UCiPW7OlzTfQjR_vLlkYPZCg,False,"[{""cancer_domain"": ""colon"", ""search_query"": ""How might treatment affect my daily activities? Can I still work full time?"", ""rank"": 3, ""contributor"": ""Yule"", ""source"": ""American Cancer Society"", ""scope_category"": ""Next steps after screening""}]"
batch-yule-colon-001,2026-09-28T00:11:04.741918+00:00,_mfxQEq6BrQ,https://www.youtube.com/watch?v=_mfxQEq6BrQ,Hidden Trauma | You Have To See This!!,"Do you see yourself as overly sensitive? Do have intense emotional reactions that seem extreme and disproportionate to the event that triggered it? In Dialectical Behaviour Therapy (DBT) we often use the analogy of a burn or wound to help us understand how past trauma can increase sensitivity years later. When a wound is psychological the people around us often have no idea that they have touched on old wounds. So they can feel confused, fearful or angry when they witness the intense emotional reaction that appears to come out of nowhere.

If we have no idea how to heal those old wounds, it is understandable that we get to work hiding them or trying to numb the pain that they can trigger. And there are plenty of things that do just that. But none of them come without a cost. The price we pay is often in our relationships, mental and physical health, and ability to be at peace when all is still and silent. 

If you’d like to know more about healing and living a full and meaningful life beyond trauma, then keep following for more to come.

Subscribe to me @Dr Julie  for more videos on mental health and psychology. #mentalhealth #trauma #shorts

👇Links below for my new No.1 bestselling book - Why has nobody told me this before?

Amazon UK - https://amzn.to/33DZFgO 
Audiobook UK - https://amzn.to/33cmsQA
Amazon USA - https://amzn.to/3qbo4Dp
Audiobook USA - https://amzn.to/3smyC2D
Other links - https://linktr.ee/drjuliesmith

Feel free to hit that SUBSCRIBE button for more videos! 


📷 Instagram - https://instagram.com/drjulie
🎥 TikTok - https://www.tiktok.com/@drjuliesmith
🙋‍♀️ Facebook - https://www.facebook.com/DrJulieSmith
🐦 Twitter - https://twitter.com/Dr_Julie_Smith
🖥️ Website - www.doctorjuliesmith.com

📘 My No.1 Bestselling New Book Is Out Now 👉 https://linktr.ee/drjuliesmith

WHO AM I:
I'm a clinical psychologist. I am here to share insights from therapy and psychology research so that you can make use of it in your daily life to understand how your mind works and optimise your own mental health. I cover all things from confidence and motivation to mood and anxiety. I look forward to chatting with you in the comments.g",UCl8TEoIOnMq_5ntJOYMq-Zg,Dr Julie,"Welcome to my channel. I'm a clinical psychologist. I am here to share insights from therapy and psychology research so that you can make use of it in your daily life to understand how your mind works and optimise your own mental health.

I cover all things from confidence and motivation to mood and anxiety. I look forward to chatting with you in the comments. 

So far I have been making short-form videos with quick and easy tips. But I am starting to make some longer form videos so that I can add in lots of extra detail on the subjects that need it. So, if you watch one of the shorter videos and you'd like more information, feel free to suggest I make a long-form version in the comments.

Come and find me on my other social media accounts:

Instagram - @drjulie
Facebook - https://www.facebook.com/DrJulieSmith
Twitter - @dr_julie_smith
TikTok - @drjulie
Threads - @drjulie
",2013-05-19T18:30:02Z,GB,443737018,1930000,False,2023-05-23T16:00:26Z,PT58S,58,en,en-GB,false,no_captions_reported,,,,public,False,8809730,493748,4176,0,True,1,How might treatment affect my daily activities? Can I still work full time?,4,hidden trauma | you have to see this!!,hidden trauma | you have to see this!!|UCl8TEoIOnMq_5ntJOYMq-Zg,False,"[{""cancer_domain"": ""colon"", ""search_query"": ""How might treatment affect my daily activities? Can I still work full time?"", ""rank"": 4, ""contributor"": ""Yule"", ""source"": ""American Cancer Society"", ""scope_category"": ""Next steps after screening""}]"
batch-yule-colon-001,2026-09-28T00:11:04.741918+00:00,aPecbkf9HZk,https://www.youtube.com/watch?v=aPecbkf9HZk,Health Tips for Night Shift Employees | Ways to maintain optimal Biological Rhythm | Diet Tips,"Night shifts can take a toll on your health, watch this informative video to find out natural and safe tips to deal with night shift problems and stay healthy. Please share this video with friends and family who you believe will benefit from this wonderful advice. Together let us aim to promote wellbeing and make this world a better place to live in. Thank you!

Visit our website at:
https://theyogainstitute.org/

Download our New Meditation App - Nispand:
Play Store: https://play.google.com/store/apps/details?id=com.nispand.com
App Store: https://apps.apple.com/in/app/nispand-meditation-and-sleep/id1609608907

Sign up for our 2 Years Teachers’ Training Course :
https://theyogainstitute.org/two-year-ttc/

Register for our 7 Days Camp – “Insight into Yoga”:
https://theyogainstitute.org/7-days-camp/

Watch our video on ""Home Remedies for Removing Dark Circles"" by clicking the link below: 
https://youtu.be/6QAnli3soAo

Subscribe to our channels to stay updated: 
https://www.youtube.com/c/TheYogaInstituteHindi
https://www.facebook.com/theyogainstituteofficial
https://www.instagram.com/theyogainstituteofficial/
https://www.linkedin.com/company/theyogainstituteofficial/
https://twitter.com/tyi_official

#DrHansaji #TheYogaInstitute #TheYogaInstitute_LifestyleManagement",UCihUiDJzjyo2ov_qGtW33lw,The Yoga Institute,"Founded in 1918 by Shri Yogendraji, The Yoga Institute is the oldest organized yoga center in the world. With a legacy of over 107 years, we have trained over 1 lakh yoga teachers globally, transforming the lives of millions through our powerful yet  simple yogic techniques. Rich in timeless wisdom, our books have become a part of the Crypt of Civilization.

The Father of Modern Yoga Renaissance, Shri Yogendraji introduced yoga as a ""way of life"" to the world because he believed that its benefits and practices should be accessible to everyone. Headed by Dr. Hansaji Yogendra, the Institute is headquartered in Santacruz, Mumbai, with several centers across the globe.

We are certified by the Ministry of AYUSH and were conferred the Prime Minister's Award in 2018 for our contributions to the field of yoga. As a scholarly institution, we conduct numerous programs and workshops covering psychology, yoga therapy, physiology, philosophy, public speaking, and the in-depth practice of asanas.
",2013-05-15T05:40:29Z,IN,689269602,5060000,False,2022-02-20T13:30:01Z,PT9M34S,574,en,en-GB,true,captions_reported_available,,,,public,False,182540,4926,169,0,True,1,How might treatment affect my daily activities? Can I still work full time?,5,health tips for night shift employees | ways to maintain optimal biological rhythm | diet tips,health tips for night shift employees | ways to maintain optimal biological rhythm | diet tips|UCihUiDJzjyo2ov_qGtW33lw,False,"[{""cancer_domain"": ""colon"", ""search_query"": ""How might treatment affect my daily activities? Can I still work full time?"", ""rank"": 5, ""contributor"": ""Yule"", ""source"": ""American Cancer Society"", ""scope_category"": ""Next steps after screening""}]"
batch-yule-colon-001,2026-09-28T00:11:04.741918+00:00,7CBfCW67xT8,https://www.youtube.com/watch?v=7CBfCW67xT8,How mindfulness changes the emotional life of our brains | Richard J. Davidson | TEDxSanFrancisco,"""Why is it that some people are more vulnerable to life's slings and arrows and others more resilient?"" In this eye-opening talk, Richard Davidson discusses how mindfulness can improve well-being and outlines strategies to boost four components of a healthy mind: awareness, connection, insight, and purpose. 

Richard Davidson is researching how mindfulness changes the emotional life of our brains and what we know about people's brains of individuals showing more resilience than others. Davidson is Wiliam James and Vilas professor of psychology and psychiatry at the University of Wisconsin-Madison as well as founder and director of the Center for Healthy Minds. His research is focused on the neural bases of emotion and emotional style and methods to promote human flourishing, including meditation and related contemplative practices. #Neuroscience #Wellbeing #MentalHealth Richard Davidson is Research Professor of Psychology and Psychiatry and Founder & Director of the Center for Healthy Minds, University of Wisconsin-Madison.Davidson’s research is focused on the neural bases of emotion and emotional style and methods to promote human flourishing including meditation and related contemplative practices.   He has published more than 400 articles and is the co-author of “The Emotional Life of Your Brain” and “Altered Traits: Science Reveals How Meditation Changes Your Mind, Brain, and Body”, both published by Penguin. Davidson has been recognized for his research through various awards, such as a National Institute of Mental Health Research Scientist Award and an  Established Investigator Award from the National Alliance for Research in Schizophrenia and Affective Disorders (NARSAD). Davidson received his Ph.D. from Harvard University in Psychology and has been teaching psychology and psychiatry at the University of Wisconsin-Madison since 1984. This talk was given at a TEDx event using the TED conference format but independently organized by a local community. Learn more at https://www.ted.com/tedx",UCsT0YIqwnpJCM-mx7-gSA4Q,TEDx Talks,"TEDx is an international community that organizes TED-style events anywhere and everywhere -- celebrating locally-driven ideas and elevating them to a global stage. TEDx events are produced independently of TED conferences, each event curates speakers on their own, but based on TED's format and rules.

For more information on using TED for commercial purposes (e.g. employee learning, in a film or online course), please submit a Media Request here: https://media-requests.ted.com.",2009-06-23T16:00:48Z,US,9110987071,44700000,False,2019-12-12T18:33:35Z,PT17M53S,1073,en,en,true,captions_reported_available,,,,public,False,5237664,119779,2434,0,True,1,How might treatment affect my daily activities? Can I still work full time?,6,how mindfulness changes the emotional life of our brains | richard j. davidson | tedxsanfrancisco,how mindfulness changes the emotional life of our brains | richard j. davidson | tedxsanfrancisco|UCsT0YIqwnpJCM-mx7-gSA4Q,False,"[{""cancer_domain"": ""colon"", ""search_query"": ""How might treatment affect my daily activities? Can I still work full time?"", ""rank"": 6, ""contributor"": ""Yule"", ""source"": ""American Cancer Society"", ""scope_category"": ""Next steps after screening""}]"
batch-yule-colon-001,2026-09-28T00:11:04.741918+00:00,fWRF6BJ1OQk,https://www.youtube.com/watch?v=fWRF6BJ1OQk,How To Master Time Management – ADHD Skills Part 1,"✨ UNLOCK YOUR BRAIN'S FULL POTENTIAL! My free 2-minute quiz reveals your unique ""Brain Operating System"" and gives you a personalized guide to master your focus, handle stress, and perform at your best. Take the Quiz → https://drmarks.co/BrainQuiz-yt

This video will show you what you can do to help your ADHD.  This is a follow up to a video I did it on executive function. That video is What is Executive Function - How it Relates to ADHD https://youtu.be/GIOAwvmHYuY

When it comes to non-medication ways to manage your ADHD symptoms, we can break it down into three domains: time management, organization and planning. 

People with ADHD typically have trouble estimating how long things will take and adjusting their schedules accordingly.  As a result you may be frequently late to things or this can even affect your ability to finish things because you don’t take into account how long it should take. With ADHD, the loss of time is a cumulative effect. 
Step one to master this time management skill is to have constant access to timepieces. 
Start by getting a watch and having an adequate number of clocks visible to you in areas where you spend time. 
Then create your time log using your watch and your clocks. That may take you several days to do. And start with the big things you do like getting ready for work, chores, eating dinner, getting ready for bed. This list can also include things that you do at work so you can have a better understanding of how you use your time at work.

This it’s to help you appreciate Time.
Lastly you get a daily and a weekly or monthly planner. You’re going to use the daily planner to track your appointments, obligations and to do list. And you’re going to consult the planner twice a day. In the morning to appreciate the scope of your day and in the evening to reflect on how your day transpired and review what you've got going on tomorrow. It also gives you a chance to reschedule things you didn’t complete.

Disclaimer: All of the information on this channel is for educational purposes and not intended to be specific/personal medical advice from me to you. Watching the videos or getting answers to comments/question, does not establish a doctor-patient relationship. If you have your own doctor, perhaps these videos can help prepare you for your discussion with your doctor.",UCL2QpphEeZFYwk6-WXD6hpA,Dr. Tracey Marks,"Your brain under pressure, explained.

I’m Dr. Tracey Marks, a board-certified psychiatrist with more than 20 years of experience. I translate neuroscience and psychiatry into practical tools that help you think clearly, regulate emotions, protect your attention, and recover under pressure.

Learn how stress, sleep, movement, habits, relationships, and mental health affect the brain. You’ll also find organized playlists on anxiety, depression, ADHD, bipolar disorder, and other mental health conditions.

This channel is for educational purposes and does not replace professional medical advice, diagnosis, or treatment. For personal concerns, consult a qualified healthcare professional. These videos can help you prepare for conversations with your clinician.

",2007-08-14T18:52:18Z,US,209723682,2430000,False,2020-07-15T12:45:00Z,PT11M30S,690,en,en-US,true,captions_reported_available,,,,public,False,1075207,46186,1913,0,True,1,How might treatment affect my daily activities? Can I still work full time?,7,how to master time management – adhd skills part 1,how to master time management – adhd skills part 1|UCL2QpphEeZFYwk6-WXD6hpA,False,"[{""cancer_domain"": ""colon"", ""search_query"": ""How might treatment affect my daily activities? Can I still work full time?"", ""rank"": 7, ""contributor"": ""Yule"", ""source"": ""American Cancer Society"", ""scope_category"": ""Next steps after screening""}]"
batch-yule-colon-001,2026-09-28T00:11:04.741918+00:00,Nx36upyMJoM,https://www.youtube.com/watch?v=Nx36upyMJoM,How can you tell if you’ve torn your ACL? #shorts,,UCzqxBIw58_WDqxYWWwq_L8Q,Complete Physio,"Complete Physio is London's most trusted physiotherapy company, offering exceptional care across multiple central London locations. Our team of highly experienced physiotherapists specialises in musculoskeletal physiotherapy, sports injury rehabilitation, diagnostic ultrasound, and ultrasound-guided injections. Patients consistently praise our professional, knowledgeable staff and effective, personalised treatments. With modern, fully equipped facilities and convenient access to public transport, we ensure a seamless experience for all clients. Discover the high-quality care that has earned us thousands of positive reviews and a reputation as the best physiotherapists in London.

Our commitment to excellence is reflected by thousands of positive reviews across various platforms. These testimonials highlight our dedication to providing outstanding physiotherapy services, reinforcing our reputation as the best physiotherapists in London.

http://www.complete-physio.co.uk/
020 3199 8575

",2014-12-14T15:27:22Z,GB,3482327,9230,False,2022-02-18T15:45:20Z,PT20S,20,en,,false,no_captions_reported,,,,public,False,438281,3289,135,0,True,1,How might treatment affect my daily activities? Can I still work full time?,8,how can you tell if you’ve torn your acl? #shorts,how can you tell if you’ve torn your acl? #shorts|UCzqxBIw58_WDqxYWWwq_L8Q,False,"[{""cancer_domain"": ""colon"", ""search_query"": ""How might treatment affect my daily activities? Can I still work full time?"", ""rank"": 8, ""contributor"": ""Yule"", ""source"": ""American Cancer Society"", ""scope_category"": ""Next steps after screening""}]"
batch-yule-colon-001,2026-09-28T00:11:04.741918+00:00,0BfT-vrNXUk,https://www.youtube.com/watch?v=0BfT-vrNXUk,👉How To Calm Anxiety Wherever You Are | #shorts,"Square breathing is a really simple way to focus your mind as you slow your breathing down.

Focus your gaze on anything nearby, a window, door, picture frame. Just use it to trace your eyes around the shape as you count a 4 second intake of breath, hold it for 4 seconds and then breathe out for 4 seconds.

Keep breathing in this way and tracing your eyeline around the shape to help you focus. You can do this anywhere, any time and nobody even needs to know you’re doing it.

It can take a few minutes to calm the body but it can stop anxiety from escalating. Why not give it a try 😊

Feel free to hit that SUBSCRIBE button for more #mentalhealth #shorts #relatable videos! 

📘 Pre-order My New Book 👉 https://linktr.ee/drjuliesmith

🖥️ Website - www.doctorjuliesmith.com
📷 Instagram - https://instagram.com/drjulie
🙋‍♀️ Facebook - https://www.facebook.com/DrJulieSmith
🐦 Twitter - https://twitter.com/Dr_Julie_Smith
🎥 TikTok - https://www.tiktok.com/@drjuliesmith?

WHO AM I:
I'm a clinical psychologist. I am here to share insights from therapy and psychology research so that you can make use of it in your daily life to understand how your mind works and optimise your own mental health. I cover all things from confidence and motivation to mood and anxiety. I look forward to chatting with you in the comments. 

Not Therapy No Advice Via DM",UCl8TEoIOnMq_5ntJOYMq-Zg,Dr Julie,"Welcome to my channel. I'm a clinical psychologist. I am here to share insights from therapy and psychology research so that you can make use of it in your daily life to understand how your mind works and optimise your own mental health.

I cover all things from confidence and motivation to mood and anxiety. I look forward to chatting with you in the comments. 

So far I have been making short-form videos with quick and easy tips. But I am starting to make some longer form videos so that I can add in lots of extra detail on the subjects that need it. So, if you watch one of the shorter videos and you'd like more information, feel free to suggest I make a long-form version in the comments.

Come and find me on my other social media accounts:

Instagram - @drjulie
Facebook - https://www.facebook.com/DrJulieSmith
Twitter - @dr_julie_smith
TikTok - @drjulie
Threads - @drjulie
",2013-05-19T18:30:02Z,GB,443737018,1930000,False,2022-01-23T17:00:00Z,PT15S,15,en,en-GB,false,no_captions_reported,,,,public,False,2171516,61394,507,0,True,1,How might treatment affect my daily activities? Can I still work full time?,9,👉how to calm anxiety wherever you are | #shorts,👉how to calm anxiety wherever you are | #shorts|UCl8TEoIOnMq_5ntJOYMq-Zg,False,"[{""cancer_domain"": ""colon"", ""search_query"": ""How might treatment affect my daily activities? Can I still work full time?"", ""rank"": 9, ""contributor"": ""Yule"", ""source"": ""American Cancer Society"", ""scope_category"": ""Next steps after screening""}]"
batch-yule-colon-001,2026-09-28T00:11:04.741918+00:00,ZSZOcWxl6HE,https://www.youtube.com/watch?v=ZSZOcWxl6HE,What medications should I continue or stop taking before a colonoscopy?,"Learn more about colonoscopy at http://www.YouAndColonoscopy.com  
In this video, Dr. Gelrud and Dr. Echavarria explain which medications should be continued, which ones should be adjusted in dosage, and which ones should be stopped before your colonoscopy. Be sure to tell your doctor well ahead of your colonoscopy about any regularly prescribed medications you are taking and any health conditions or allergies, as this information needs to be shared when you are booking your procedure. It is very important that you talk about this early and not the day before or the day of your procedure. Some medications may need to be adjusted prior to your colonoscopy, such as insulin, heart medications, or blood thinners. For your individual case, you should ask your doctor if you should continue with, adjust, or stop these medications.",UCxRMPVKLFrfFQH5FAQLrKLw,You and Colonoscopy,"This evidence-based channel was developed by expert physicians to help you learn about a variety of topics patients have about colonoscopy and related areas of interest, such as colon anatomy, bowel prep medications, dietary restrictions, screening practices and risk factors for colorectal cancer, and what to talk about with your doctor before having a colonoscopy. We hope this resource will be useful to you, but it is not a substitute for the medical advice of your doctor. If you are thinking about having a colonoscopy, please speak with your doctor so you can get the information you need.",2016-06-29T15:11:02Z,CA,26890000,54800,False,2016-12-21T15:47:25Z,PT2M53S,173,en,en,true,captions_reported_available,,,,public,False,19335,75,3,0,True,1,what medications should I stop before a colonoscopy,1,what medications should i continue or stop taking before a colonoscopy?,what medications should i continue or stop taking before a colonoscopy?|UCxRMPVKLFrfFQH5FAQLrKLw,False,"[{""cancer_domain"": ""colon"", ""search_query"": ""what medications should I stop before a colonoscopy"", ""rank"": 1, ""contributor"": ""Yule"", ""source"": ""Mayo Clinic"", ""scope_category"": ""Anxiety Reduction""}]"
batch-yule-colon-001,2026-09-28T00:11:04.741918+00:00,sb9uID24_n0,https://www.youtube.com/watch?v=sb9uID24_n0,Colonoscopy prep with pills only? This gastroenterologist shows you how!,"Dr. Fred Gandolfo is a gastroenterologist in Long Island, NY. This video will show you how to use SUTAB colonoscopy prep pills for your next colonoscopy. Ditch the nasty liquids and make the experience a whole lot easier!

1:21 First look at Sutab
2:56 Diet to follow before colonoscopy prep
4:05 What time do you start the prep?
5:04 The first dose of Sutab
5:59 Taking the second dose and ""split dosing""
7:02 Side effects of the prep
7:24 How to deal with nausea from Sutab
8:46 When to get your first colonoscopy

Precision Digestive Care
Huntington, NY
HuntingtonGI.com",UC76qLkB_b-00RNx3Uwujabw,PrecisionGI,"Dr. Fred Gandolfo is a gastroenterologist in New York. 

",2019-08-29T09:59:08Z,US,3376512,16700,False,2023-04-03T00:46:51Z,PT9M28S,568,en,en-US,false,no_captions_reported,,,,public,False,93302,2285,346,0,True,1,what medications should I stop before a colonoscopy,2,colonoscopy prep with pills only? this gastroenterologist shows you how!,colonoscopy prep with pills only? this gastroenterologist shows you how!|UC76qLkB_b-00RNx3Uwujabw,False,"[{""cancer_domain"": ""colon"", ""search_query"": ""what medications should I stop before a colonoscopy"", ""rank"": 2, ""contributor"": ""Yule"", ""source"": ""Mayo Clinic"", ""scope_category"": ""Anxiety Reduction""}]"
batch-yule-colon-001,2026-09-28T00:11:04.741918+00:00,BpXNkP4weu8,https://www.youtube.com/watch?v=BpXNkP4weu8,What can I eat or drink before colonoscopy?,"Learn more about colonoscopy at http://www.YouAndColonoscopy.com
Colonoscopy bowel prep is a two-step process that involves dietary restrictions and taking a bowel prep medication. In this video, Dr. Echavarria and Dr. Gelrud discuss the dietary restrictions that are required before a colonoscopy. Three days before your colonoscopy, you will need to begin a low residue diet of foods that are very low in fiber and easy to digest (e.g., white bread, rice and pasta, plain crackers, canned fruit, lean meats without skin, and eggs). Do not eat seeds, green vegetables such as broccoli, cauliflower, kale, cabbage, and do not have dairy, or certain juices like prune juice. One day before ‒ and the day of ‒ your colonoscopy you will need to limit your diet to clear liquids only (e.g. clear broth, black tea or coffee, clear, light-colored juices, clear soft-drinks, clear sports drinks, plain gelatin without fruit, pulp-free juice bars, and water). Do not drink alcohol, liquids you can’t see through, dairy products, or red or purple liquids (these colors may be confused for blood during the colonoscopy). On the day of your colonoscopy, do not drink anything two hours before your procedure.",UCxRMPVKLFrfFQH5FAQLrKLw,You and Colonoscopy,"This evidence-based channel was developed by expert physicians to help you learn about a variety of topics patients have about colonoscopy and related areas of interest, such as colon anatomy, bowel prep medications, dietary restrictions, screening practices and risk factors for colorectal cancer, and what to talk about with your doctor before having a colonoscopy. We hope this resource will be useful to you, but it is not a substitute for the medical advice of your doctor. If you are thinking about having a colonoscopy, please speak with your doctor so you can get the information you need.",2016-06-29T15:11:02Z,CA,26890000,54800,False,2016-12-21T15:47:22Z,PT2M30S,150,en,en,true,captions_reported_available,,,,public,False,584442,2672,54,0,True,1,what medications should I stop before a colonoscopy,3,what can i eat or drink before colonoscopy?,what can i eat or drink before colonoscopy?|UCxRMPVKLFrfFQH5FAQLrKLw,False,"[{""cancer_domain"": ""colon"", ""search_query"": ""what medications should I stop before a colonoscopy"", ""rank"": 3, ""contributor"": ""Yule"", ""source"": ""Mayo Clinic"", ""scope_category"": ""Anxiety Reduction""}]"
batch-yule-colon-001,2026-09-28T00:11:04.741918+00:00,AT3OjqE58x0,https://www.youtube.com/watch?v=AT3OjqE58x0,Preparing For Your Colonoscopy,Watch this video to help you prepare for your colonoscopy at Tampa General Hospital's Digestive Diagnostics & Treatment Center.,UCPJbKnMENUu6_N6J82sByHg,Tampa General Hospital,"Tampa General Hospital is Florida’s premier academic health system, where compassionate care meets a relentless pursuit of excellence. As a private, not-for-profit institution, our mission is rooted in advancing care for every patient we serve. Through the power of academic medicine, we bring together leading physicians, groundbreaking research, and multidisciplinary teams to deliver advanced care for even the most complex conditions. Here, innovation is not an aspiration. It is how care is delivered every day. Serving communities across West central Florida and beyond, Tampa General is nationally recognized for world-class care and clinical leadership across multiple specialties. 
We heal. We teach. We innovate. 
Care for Everyone. Every Day. 
Learn more at tgh.org, and follow us on Facebook, Instagram, LinkedIn, and X. 
",2010-12-28T02:40:02Z,US,3249251,8340,False,2014-04-21T19:21:24Z,PT4M20S,260,en,en,false,no_captions_reported,,,,public,False,535503,,,0,True,1,what medications should I stop before a colonoscopy,4,preparing for your colonoscopy,preparing for your colonoscopy|UCPJbKnMENUu6_N6J82sByHg,False,"[{""cancer_domain"": ""colon"", ""search_query"": ""what medications should I stop before a colonoscopy"", ""rank"": 4, ""contributor"": ""Yule"", ""source"": ""Mayo Clinic"", ""scope_category"": ""Anxiety Reduction""}]"
batch-yule-colon-001,2026-09-28T00:11:04.741918+00:00,BtIw-qfouwo,https://www.youtube.com/watch?v=BtIw-qfouwo,Which Medications Should I Stop for Colonoscopy Prep?,"Preparing for a colonoscopy involves careful consideration of your current medications. Discover which drugs you might need to pause before your procedure to ensure a safe and effective prep.

In this video, you'll learn:
 ► Why certain medications need to be stopped before a colonoscopy.
 ► Key categories of drugs, like blood thinners and diabetes medications, that often require adjustment.
 ► The critical importance of consulting your doctor or colonoscopy team about all prescriptions and over-the-counter drugs.


#ColonoscopyPrep, #MedicationGuide, #ColonHealth, #GIHealth, #MedicalAdvice",UC9hvmN4dfcHQIH6NkO_sboQ,Colon Health Channel,"Welcome to the Colon Health Channel! Our mission is to provide essential information on colorectal health, focusing on topics like colorectal cancer symptoms, colon cancer screening, rectal cancer signs, and the stages of colorectal cancer. We also cover treatment options, risk factors, surgery for colorectal cancer, and living with the condition. Our friendly tone aims to make complex health issues more approachable for everyone.

DISCLAIMER: This content is independently created by Colon Health Channel and is presented for informational purposes only. We maintain no affiliation, partnership, or formal relationship with any individuals, organizations, companies, or products featured in this content. All trademarks and brand names mentioned are acknowledged as the property of their respective owners. While we strive for accuracy, we encourage viewers to verify current information through official channels and authorized sources.
",2025-03-31T18:21:13.875811Z,US,196112,448,False,2025-12-02T20:57:03Z,PT2M56S,176,en,,false,no_captions_reported,,,,public,False,61,1,0,0,True,1,what medications should I stop before a colonoscopy,5,which medications should i stop for colonoscopy prep?,which medications should i stop for colonoscopy prep?|UC9hvmN4dfcHQIH6NkO_sboQ,False,"[{""cancer_domain"": ""colon"", ""search_query"": ""what medications should I stop before a colonoscopy"", ""rank"": 5, ""contributor"": ""Yule"", ""source"": ""Mayo Clinic"", ""scope_category"": ""Anxiety Reduction""}]"
batch-yule-colon-001,2026-09-28T00:11:04.741918+00:00,XSyTAJ4NOXc,https://www.youtube.com/watch?v=XSyTAJ4NOXc,Preparing for your Colonoscopy- Standard Golytely Preparation,"Preparing properly for your procedure is essential to a safe, high-quality colonoscopy. In this video you will be walked step-by-step through the ""Standard Golytely Preparation"". These colonoscopy prep instructions are designed to thoroughly clean your colon so that your doctor has a clear view of any growths, lesions, signs of colorectal cancer, or other abnormalities.

- Follow us -
Website: https://www.riversideonline.com 
Facebook: https://www.facebook.com/riversidehealth
​Instagram: @RiversideHealth
Twitter: @RiversideHealth

#ColonoscopyPrep, #ColonoscopyPreparation, #GolytelyPrep, #ColorectalHealth",UCFDLAPrpCuErw8Om24S_3ew,Riverside Health,"Riverside Health Mission Statement: To care for others as we would care for those we love -— to enhance their well-being and improve their health. Riverside Health is here for you when you need us most. Our team is focused on compassionate, collaborative care — designed just for you. 

To learn more about who we are and everything we have to offer, check out our ever-growing library of videos and presentations. Be sure to subscribe so you will be notified of the latest additions to our collection. 

All information shared on this channel is for informational purposes only and is not a substitute for professional medical advice, diagnosis or treatment. Always seek the advice of your physician or other qualified health care providers with any questions you may have regarding your health. Never disregard professional medical advice or delay in seeking it because of something you have heard or read.
",2009-03-09T15:52:01Z,,20878663,9860,False,2023-08-15T13:08:53Z,PT7M44S,464,en,en-US,false,no_captions_reported,,,,public,False,627975,6131,446,0,True,1,what medications should I stop before a colonoscopy,6,preparing for your colonoscopy- standard golytely preparation,preparing for your colonoscopy- standard golytely preparation|UCFDLAPrpCuErw8Om24S_3ew,False,"[{""cancer_domain"": ""colon"", ""search_query"": ""what medications should I stop before a colonoscopy"", ""rank"": 6, ""contributor"": ""Yule"", ""source"": ""Mayo Clinic"", ""scope_category"": ""Anxiety Reduction""}]"
batch-yule-colon-001,2026-09-28T00:11:04.741918+00:00,uJX44uYqMws,https://www.youtube.com/watch?v=uJX44uYqMws,Can't Handle Colonoscopy Prep? WATCH THIS for Advice/Tips,"Can't handle the taste of colonoscopy prep? Are you unable to finish the prep or getting too sick from drinking it?

In this video, we will discuss how to make the prep more manageable, which temperature is the best for the prep, how to contrast the prep with different tastes, how to split up the prep between the night before and the morning of the colonoscopy, how to handle nausea, and more.

SUBSCRIBE to the Channel for More Content: ?sub_confirmation=1

Be Sure to Check Out Other Relevant Content:
- Time for A Colonoscopy: https://youtu.be/vco6Wo4vWXY
- When & Why Have A Colonoscopy?: https://youtu.be/c8p2m8W9PXw
- How to Plan for A Colonoscopy: https://youtu.be/zn6vZX2Sh-4
- What Happens if You Have Colon Polyps? : https://youtu.be/SAcKXk-8J9A
- Never Would i Ever - Colonoscopy Edition: https://youtu.be/t_aaM1zhsl4

DISCLAIMER: While I am a Gastroenterologist, I am not acting as your Gastroenterologist. The information provided on this channel is intended to be general educational content and not directed towards any one individual. If you believe you have a medical condition that deserves attention please seek care from your healthcare provider. If you are experiencing a life threatening emergency, call 911.",UCQSH8alK6dL11aj2YT1I8Vg,"Mark Cooper, MD","I'm Mark Cooper - a board ceritified gastroenterologist - these videos are a fun and easy way to learn about all things GI!

Understanding your gut and how to keep it healthy is complicated! I provide clarity on common, and not so common,  GI topics in a fun and relatable way!

Ask questions in the comment sections and we will try to make a video on the topics you find most interesting!

We upload a new video every Monday morning. Please SUBSCRIBE so you are altered when new content is released!

Lets have some fun!

ABIM Certification: https://www.abim.org/verify-physician?type=id&id=366080
",2020-08-18T14:41:16.174265Z,US,5514386,31200,False,2022-03-07T15:00:36Z,PT5M24S,324,en,en,false,no_captions_reported,,,,public,False,335236,4695,734,0,True,1,what medications should I stop before a colonoscopy,7,can't handle colonoscopy prep? watch this for advice/tips,can't handle colonoscopy prep? watch this for advice/tips|UCQSH8alK6dL11aj2YT1I8Vg,False,"[{""cancer_domain"": ""colon"", ""search_query"": ""what medications should I stop before a colonoscopy"", ""rank"": 7, ""contributor"": ""Yule"", ""source"": ""Mayo Clinic"", ""scope_category"": ""Anxiety Reduction""}]"
batch-yule-colon-001,2026-09-28T00:11:04.741918+00:00,5ZjkeaeWN6w,https://www.youtube.com/watch?v=5ZjkeaeWN6w,Mayo Clinic Minute - Tips to make colonoscopy bowel prep easier,"For many people, one of the most uncomfortable parts of a colonoscopy is the preparation for the procedure.

The purpose of a colonoscopy is to examine the colon and rectum for abnormalities such as polyps, tumors or inflammation, aiding in the detection and prevention of colorectal cancer. And to do that, it's important your medical team has a clear view. 

Dr. Derek Ebner, a Mayo Clinic gastroenterologist, offers tips on how to make colonoscopy bowel prep, essentially a strong laxative, easier.
____________________________________________
FOR THE PUBLIC: More health and medical news on the Mayo Clinic News Network. https://newsnetwork.mayoclinic.org/

FOR THE MEDIA ONLY: To access clean and NAT sound versions of this video on the Mayo Clinic News Network, register at https://newsnetwork.mayoclinic.org/request-account/

Mayo Clinic: https://mayocl.in/3tNMAdF
Like Mayo Clinic on Facebook: https://www.facebook.com/MayoClinic
Follow Mayo Clinic on Instagram https://www.instagram.com/mayoclinic/
Follow Mayo Clinic on X, formerly Twitter: https://x.com/MayoClinic
Follow Mayo Clinic on Threads: https://www.threads.net/@mayoclinic",UC8fQzKHIhSoZeSq3bwQx4mw,Mayo Clinic,"Mayo Clinic is a nonprofit worldwide leader in medical care, research and education for people from all walks of life. Doctors from every medical specialty work together to care for patients, joined by common systems and a philosophy of ""the needs of the patient come first."" Our headquarters are located in Rochester, MN, while we have campuses in Florida and Arizona.

Looking to connect with others facing similar health issues? Check out Mayo Clinic Connect — an online community where you can share your experiences, ask questions and find support from people like you.

Mayo Clinic locations and more: https://www.mayoclinic.org/about/
Detailed list of all our phone numbers: https://www.mayoclinic.org/contact/

*For the safety of our patients, staff and visitors, Mayo Clinic has strict masking policies in place. Anyone shown without a mask was either recorded prior to COVID-19 or recorded in a non-patient care area where social distancing and other safety protocols were followed.
",2006-06-16T03:47:20Z,US,497923121,1260000,False,2024-03-28T11:56:44Z,PT1M11S,71,en,en,false,no_captions_reported,,,,public,False,133603,457,,0,True,2,what medications should I stop before a colonoscopy,8,mayo clinic minute - tips to make colonoscopy bowel prep easier,mayo clinic minute - tips to make colonoscopy bowel prep easier|UC8fQzKHIhSoZeSq3bwQx4mw,False,"[{""cancer_domain"": ""colon"", ""search_query"": ""what medications should I stop before a colonoscopy"", ""rank"": 8, ""contributor"": ""Yule"", ""source"": ""Mayo Clinic"", ""scope_category"": ""Anxiety Reduction""}, {""cancer_domain"": ""colon"", ""search_query"": ""no transportation to get to my colonoscopy appointment"", ""rank"": 4, ""contributor"": ""Yule"", ""source"": ""Forums"", ""scope_category"": ""Pre-screening education""}]"
batch-yule-colon-001,2026-09-28T00:11:04.741918+00:00,tt69RDKXw_Q,https://www.youtube.com/watch?v=tt69RDKXw_Q,What Your Bowel Prep Should Look Like Before A Colonoscopy,"Figuring out ""if you're clear"" enough for a colonoscopy can be confusing. Here, we provide some examples of what a good prep should look like, and also what a not so good prep may look like.",UCN4yE0B1zcWK6IrCpjt2EbA,"Dr. Tori Jaeger, DO ","Welcome to Dr. Tori's YouTube channel, where we take the mystery out of colonoscopies and make digestive health approachable for everyone! As a dedicated gastroenterologist in Boise, Idaho, Dr. Tori combines her expertise with her role as a mom and wife to bring you helpful, easy-to-understand videos. Whether you're curious about the colonoscopy process, worried about the procedure, or just want to know how to take better care of your digestive health, this channel is for you.

Dr. Tori is passionate about debunking the myths and misconceptions surrounding colonoscopies, making this vital procedure more familiar and less intimidating. She’ll guide you through everything you need to know to make informed decisions.

Subscribe to the channel for informative, friendly, and practical tips on everything from colon health to prevention strategies and lifestyle tips that support your digestive well-being. Let's make digestive health less scary and more empowered—one video at a time!
",2007-05-01T19:01:47Z,US,73912,106,False,2025-04-01T01:30:55Z,PT1M6S,66,en,en,false,no_captions_reported,,,,public,False,48526,729,40,0,True,1,what medications should I stop before a colonoscopy,9,what your bowel prep should look like before a colonoscopy,what your bowel prep should look like before a colonoscopy|UCN4yE0B1zcWK6IrCpjt2EbA,False,"[{""cancer_domain"": ""colon"", ""search_query"": ""what medications should I stop before a colonoscopy"", ""rank"": 9, ""contributor"": ""Yule"", ""source"": ""Mayo Clinic"", ""scope_category"": ""Anxiety Reduction""}]"
batch-yule-colon-001,2026-09-28T00:11:04.741918+00:00,eWR8e4DsL50,https://www.youtube.com/watch?v=eWR8e4DsL50,Should I Stop Medications Before A Colonoscopy?,"Facing a colonoscopy can bring up many questions, especially about managing your medications. Is it safe to continue your prescriptions as usual, or should you pause them before the procedure? This video addresses a crucial concern for anyone preparing for this important screening.

While the full script was not provided, here are general key considerations regarding medications and colonoscopies:
 ► Always consult your doctor or gastroenterologist regarding any medication adjustments before a colonoscopy.
 ► Never stop prescribed medications without direct medical advice, as this could have serious health implications.
 ► Specific medications like blood thinners, diabetes medications, and iron supplements often require careful management and timing changes.
 ► Preparation instructions provided by your clinic will detail medication guidelines pertinent to your individual case.


#ColonoscopyMedications, #DiverticulitisSupport, #MedicalAdvice, #HealthScreening, #DigestiveHealth",UCxj8EqCyh-CMVerG8_0KgaQ,Diverticulitis Support Network,"Welcome to the Diverticulitis Support Network, your go-to resource for everything related to diverticulitis and diverticular disease. This channel covers essential topics including diverticulitis symptoms, causes of diverticulitis, the differences between diverticulosis and diverticulitis, and effective treatment options. We provide valuable information on managing diverticulitis flare-ups, the importance of a high-fiber diet for colon health, and insights into antibiotics for diverticulitis.

DISCLAIMER: This content is independently created by the Diverticulitis Support Network and is not affiliated with any brands, products, or organizations mentioned. While we strive for accuracy, please verify information through official sources. Please note that this content is for informational purposes only and should not substitute for professional medical advice. All trademarks belong to their respective owners.
",2025-04-09T13:43:41.96263Z,US,93741,458,False,2025-11-24T09:01:06Z,PT3M15S,195,en,,false,no_captions_reported,,,,public,False,11,0,0,0,True,1,what medications should I stop before a colonoscopy,10,should i stop medications before a colonoscopy?,should i stop medications before a colonoscopy?|UCxj8EqCyh-CMVerG8_0KgaQ,False,"[{""cancer_domain"": ""colon"", ""search_query"": ""what medications should I stop before a colonoscopy"", ""rank"": 10, ""contributor"": ""Yule"", ""source"": ""Mayo Clinic"", ""scope_category"": ""Anxiety Reduction""}]"
batch-yule-colon-001,2026-09-28T00:11:04.741918+00:00,w_iSA1uWduE,https://www.youtube.com/watch?v=w_iSA1uWduE,Intravenous Sedation for Endoscopy Colonoscopy,"Hello, my name is Deanna and I am an anesthesia provider here at The Everett Clinic. I'm here to provide you with a brief overview of the sedation that you may receive for your colonoscopy and/or endoscopy. This video is meant as an introduction. You'll have an opportunity to speak in person with your gastroenterologist and sedation nurse immediately before your procedure to ask questions or discuss concerns that you may have. Most people undergoing colonoscopy and/or endoscopy will receive sedation through their IV. Many people do not remember having their procedure because of the sedation given. 

Some people don't even remember talking with their gastroenterologist but rest assured your doctor will give you written instruction and the results of your exam so that you have that information available once your sedation wears off. If you wish to be more awake or more asleep for your procedure then please let your nurse and physician know so they can adjust the amount of sedation to better match your wishes. Common drugs used are Propofol, Midazolam and occasionally Fentanyl. If you have allergies or concerns about what medicine will be used then please tell your nurse and physician when they meet you prior to your procedure. For most people, the sedation wears off quickly and you'll feel mostly back to normal within an hour or two. While you may feel normal, we instruct people to refrain from driving or making critical decisions for the remainder of the day. following your sedation as some people may still feel slightly impaired without realizing it.",UCSrhbip2EAHBdtmB7DBKGEQ,"The Everett Clinic, part of Optum","The Everett Clinic was founded in 1924. We’re a nationally-recognized physician group known for offering high-quality health care services while lowering the overall cost of care. The Everett Clinic operates 30 care sites throughout King, Pierce, Skagit, and Snohomish counties. Together, we care for more than 330,000 patients.

The Everett Clinic is part of Optum, a care delivery organization that helps make health care work better for everyone.
",2008-01-08T22:06:19Z,US,1343281,2230,False,2021-02-25T18:19:54Z,PT1M51S,111,en,en,true,captions_reported_available,,,,public,False,279725,1124,219,0,True,2,afraid of anesthesia for colonoscopy,1,intravenous sedation for endoscopy colonoscopy,intravenous sedation for endoscopy colonoscopy|UCSrhbip2EAHBdtmB7DBKGEQ,False,"[{""cancer_domain"": ""colon"", ""search_query"": ""afraid of anesthesia for colonoscopy"", ""rank"": 1, ""contributor"": ""Yule"", ""source"": ""Forums"", ""scope_category"": ""Anxiety Reduction""}, {""cancer_domain"": ""colon"", ""search_query"": ""no transportation to get to my colonoscopy appointment"", ""rank"": 6, ""contributor"": ""Yule"", ""source"": ""Forums"", ""scope_category"": ""Pre-screening education""}]"
batch-yule-colon-001,2026-09-28T00:11:04.741918+00:00,tbV_xbqNCmE,https://www.youtube.com/watch?v=tbV_xbqNCmE,Fear of Anesthesia - What you need to know,"In this video Frankie, @AnesthesiaFrankie,  discusses Fear of Anesthesia and What you need to know before surgery. Frankie is the primary Anesthetist for Dr. William and shares some typical concerns people have before anesthesia as well as tips for the day of surgery.

Learn more about Dr. William Miami at: https://www.drwilliammiami.com

Subscribe to our YouTube channel and learn more about anesthesia with @AnesthesiaFrankie.

Follow us on Social Media:

Facebook: https://www.facebook.com/Drwilliammiami/
Twitter: https://twitter.com/drwilliammiami
Instagram: https://www.instagram.com/drwilliammiami/",UCgrwz50ERG6TNcvfet5e6Mg,Dr William Miami,"Dr William is a Duke trained, Board Certified Plastic Surgeon and creator of the Ogee and The Ogee Faja. Dr William practices plastic surgery in Miami and on Youtube his main focus is Education. Making videos to explain plastic surgery, recovery from plastic surgery and follow his mantra ""The more you know the better you look.""",2018-12-27T01:28:44Z,US,48743638,184000,False,2020-08-12T20:58:49Z,PT7M29S,449,en,en-US,true,captions_reported_available,,,,public,False,158868,3483,727,0,True,1,afraid of anesthesia for colonoscopy,2,fear of anesthesia - what you need to know,fear of anesthesia - what you need to know|UCgrwz50ERG6TNcvfet5e6Mg,False,"[{""cancer_domain"": ""colon"", ""search_query"": ""afraid of anesthesia for colonoscopy"", ""rank"": 2, ""contributor"": ""Yule"", ""source"": ""Forums"", ""scope_category"": ""Anxiety Reduction""}]"
batch-yule-colon-001,2026-09-28T00:11:04.741918+00:00,vExc6rXEMMk,https://www.youtube.com/watch?v=vExc6rXEMMk,Alleviating concerns about colonoscopy,"Matt Deppe, M.D., a surgeon at Mayo Clinic Health System, debunks myths about getting a colonoscopy.",UCzmdHYZrM5zGSjLVqACl-Hg,Mayo Clinic Health System,"Mayo Clinic Health System provides health care in communities across Minnesota, Wisconsin and Iowa. We work together with Mayo Clinic to bring collective knowledge to patients, putting the needs of the patient first.

We encourage interaction, discussion, commentary, questions and even criticism but ask that you keep your comments and posts relevant and respectful. We may remove any post or ban anyone who violates these guidelines. In particular personal attacks, inappropriate language, racism, spamming and excessive posting will not be tolerated. We reserve the right to move discussions to the discussion boards on this page and to delete excessive wall postings to improve the overall visitor experience.

For the safety of our patients, staff and visitors, Mayo Clinic has strict masking policies in place. Anyone shown without a mask was either recorded prior to COVID-19 or recorded in a non-patient care area where social distancing and other safety protocols were followed.
",2011-05-16T20:37:14Z,US,9515531,24700,False,2017-11-14T20:28:09Z,PT5M3S,303,en,en,true,captions_reported_available,,,,public,False,6034,51,,0,True,1,afraid of anesthesia for colonoscopy,3,alleviating concerns about colonoscopy,alleviating concerns about colonoscopy|UCzmdHYZrM5zGSjLVqACl-Hg,False,"[{""cancer_domain"": ""colon"", ""search_query"": ""afraid of anesthesia for colonoscopy"", ""rank"": 3, ""contributor"": ""Yule"", ""source"": ""Forums"", ""scope_category"": ""Anxiety Reduction""}]"
batch-yule-colon-001,2026-09-28T00:11:04.741918+00:00,yiXuTSy43gE,https://www.youtube.com/watch?v=yiXuTSy43gE,This is how we put you to sleep for a colonoscopy 💩,,UCUVvhkVjs0TSS3ndiKcpGGA,"David Warren, CRNA, NP","What's up YouTube! I am a CRNA and emergency medicine NP, and this channel is all about anesthesia, CRNA school, and emergency medicine!

Here's how to get in touch with me:
Email: Travelnursepractitioner@gmail.com
IG: @DavidWarrenNP
TikTok: @DavidWarrenNP
",2016-10-22T14:35:40Z,US,1797599,18700,False,2023-09-15T19:56:21Z,PT46S,46,en,en,false,no_captions_reported,,,,public,False,263533,3589,236,0,True,1,afraid of anesthesia for colonoscopy,4,this is how we put you to sleep for a colonoscopy 💩,this is how we put you to sleep for a colonoscopy 💩|UCUVvhkVjs0TSS3ndiKcpGGA,False,"[{""cancer_domain"": ""colon"", ""search_query"": ""afraid of anesthesia for colonoscopy"", ""rank"": 4, ""contributor"": ""Yule"", ""source"": ""Forums"", ""scope_category"": ""Anxiety Reduction""}]"
batch-yule-colon-001,2026-09-28T00:11:04.741918+00:00,zSNxSROlHLY,https://www.youtube.com/watch?v=zSNxSROlHLY,Common Sedatives Used During A Colonoscopy,"The colonoscope is a flexible tube with a small camera and light source attached, which can examine the entire length of the colon. During the procedure, the colonoscope will be inserted through the anus and through the large intestine, and possibly into the small intestine, depending on the cause for concern. But don't worry - you'll be sedated and comfortable the entire time! 
#Colonoscopy #coloncancer #LAColon",UC_EkdxtucXoya8v_PNPip-g,LAColonRectal,"Since the founding of our practice in 1957, our guiding philosophy has been, and will always be to provide our patients with focused diagnostic efforts and compassionate medical and surgical treatment, while adhering to the highest principles in the art and science of medicine.",2011-10-03T15:42:07Z,,1085568,1340,False,2023-08-16T18:00:27Z,PT27S,27,en,,false,no_captions_reported,,,,public,False,19484,105,2,0,True,1,afraid of anesthesia for colonoscopy,7,common sedatives used during a colonoscopy,common sedatives used during a colonoscopy|UC_EkdxtucXoya8v_PNPip-g,False,"[{""cancer_domain"": ""colon"", ""search_query"": ""afraid of anesthesia for colonoscopy"", ""rank"": 7, ""contributor"": ""Yule"", ""source"": ""Forums"", ""scope_category"": ""Anxiety Reduction""}]"
batch-yule-colon-001,2026-09-28T00:11:04.741918+00:00,Hwv4LqE6JRo,https://www.youtube.com/watch?v=Hwv4LqE6JRo,Let's Talk: Sedation for Colonoscopy,,UCb2p-BsI-Ur6CGOk404Y-xw,Centre For Digestive Health,"Leading Digestive Care in The Bahamas

Gastroenterologists Dr Harold Munnings and Dr Flloyd Carter provide  expert consultation, evaluation and treatment in all aspects of  gastrointestinal, pancreatic and liver disease in both adults and  children. We also offer non-surgical weight-loss procedures for the  treatment of obesity.

We perform routine outpatient upper endoscopy and colonoscopy for diagnosis and treatment of digestive disorders and for colon cancer screening.

You can count on our skilled and helpful team in a modern facility  featuring the most advanced diagnostic equipment and offering the  highest level of patient care.",2020-06-10T22:59:41.904756Z,BS,18999,57,False,2020-08-06T15:21:30Z,PT1M42S,102,en,,false,no_captions_reported,,,,public,False,13829,141,33,0,True,1,afraid of anesthesia for colonoscopy,8,let's talk: sedation for colonoscopy,let's talk: sedation for colonoscopy|UCb2p-BsI-Ur6CGOk404Y-xw,False,"[{""cancer_domain"": ""colon"", ""search_query"": ""afraid of anesthesia for colonoscopy"", ""rank"": 8, ""contributor"": ""Yule"", ""source"": ""Forums"", ""scope_category"": ""Anxiety Reduction""}]"
batch-yule-colon-001,2026-09-28T00:11:04.741918+00:00,gSI0vNwaKeI,https://www.youtube.com/watch?v=gSI0vNwaKeI,What types of sedation are needed during a colonoscopy?,"Gastroenterologist Dr. Firdous Siddiqui of DMC Sinai-Grace Hospital explains what sedation is like during a colonoscopy, and what types of medications are typically used for sedation.
www.dmc.org
www.sinaigrace.org
www.facebook.com/sinaigrace",UClFuM4nX-cEx5pvCO6IxkcA,DMC Sinai-Grace Hospital Health Videos,"DMC Sinai-Grace Hospital is a full-service hospital in Detroit, Michigan, caring for more than 214,000 patients annually in the areas of cardiology, emergency medicine, obstetrics and gynecology, urological services, psychiatry, radiation oncology, gerontology, physical medicine and orthopedic surgery.
Sinai-Grace is one of eight hospitals operated by the Detroit Medical Center. The DMC is proud to be the official healthcare provider for the Detroit Tigers, Detroit Red Wings and Detroit Pistons. For more information, visit www.sinaigrace.org, ""like"" us on Facebook at www.facebook.com/sinaigrace or follow us on Twitter at www.twitter.com/DMC_SinaiGrace.",2013-08-20T17:13:47Z,US,667926,1400,False,2015-03-24T20:28:06Z,PT1M13S,73,en,,false,no_captions_reported,,,,public,False,21991,61,7,0,True,1,afraid of anesthesia for colonoscopy,9,what types of sedation are needed during a colonoscopy?,what types of sedation are needed during a colonoscopy?|UClFuM4nX-cEx5pvCO6IxkcA,False,"[{""cancer_domain"": ""colon"", ""search_query"": ""afraid of anesthesia for colonoscopy"", ""rank"": 9, ""contributor"": ""Yule"", ""source"": ""Forums"", ""scope_category"": ""Anxiety Reduction""}]"
batch-yule-colon-001,2026-09-28T00:11:04.741918+00:00,d8_Aaqgz4tg,https://www.youtube.com/watch?v=d8_Aaqgz4tg,Understanding Colonoscopies: Anesthesia | MNGI Digestive Health,"Welcome to MNGI Digestive Health's video, ""Understanding Colonoscopies: Anesthesia"". In this video, we address common concerns and barriers related to anesthesia during a colonoscopy. We explain how anesthesia helps ensure a comfortable and safe experience throughout the procedure, and we discuss what you can expect during the process.

At MNGI Digestive Health, we’re dedicated to supporting your health and comfort every step of the way.",UCFLaesHu_DIkwTWzehfsgPA,MNGI Digestive Health,"MNGI Digestive Health (previously Minnesota Gastroenterology) specializes in the diagnosis and treatment of adults and children with GI disorders. Our board-certified  gastroenterologists have expertise in virtually all types of digestive conditions, such as acid reflux disease, heartburn and swallowing disorders, Crohn's disease and ulcerative colitis, hepatitis and liver disease, biologics and infusion therapy, celiac disease, hemorrhoid banding and more. MNGI Digestive Health has several convenient outpatient endoscopy centers and clinics (all with free parking) in Bloomington, Chanhassen, Coon Rapids, Eagan, Hudson, Lakeville, Maple Grove, Northeast Minneapolis, Plymouth, Vadnais Heights and Woodbury.  ",2012-02-22T01:44:23Z,,1897263,847,False,2025-01-07T19:09:15Z,PT3M31S,211,en,en,false,no_captions_reported,,,,public,False,1293,3,1,0,True,1,afraid of anesthesia for colonoscopy,10,understanding colonoscopies: anesthesia | mngi digestive health,understanding colonoscopies: anesthesia | mngi digestive health|UCFLaesHu_DIkwTWzehfsgPA,False,"[{""cancer_domain"": ""colon"", ""search_query"": ""afraid of anesthesia for colonoscopy"", ""rank"": 10, ""contributor"": ""Yule"", ""source"": ""Forums"", ""scope_category"": ""Anxiety Reduction""}]"
batch-yule-colon-001,2026-09-28T00:11:04.741918+00:00,Ow1ONSRkXUI,https://www.youtube.com/watch?v=Ow1ONSRkXUI,Can someone with claustrophobia get an Advanced Body Scan?,,UC4aG4d64GonX0ShnO_C6-TQ,Advanced Body Scan,"Are you ready to take control of your health and protect your future? Advanced Body Scan is your partner in early detection, providing state-of-the-art technology that can identify life-threatening diseases like heart disease, cancer, and more, often before symptoms appear.
Our channel is dedicated to empowering you with knowledge and inspiring you to take proactive steps towards a healthier life. Here you'll find:
Life-changing testimonials: Hear from real people whose lives were saved by Advanced Body Scan.
Expert insights: Learn from medical professionals about the importance of early detection and preventive care.
Informative videos: Discover the science behind our technology and the benefits of our various scans.
Motivational stories: Be inspired by individuals who have taken control of their health and are living their best lives.
Don't wait for a health crisis to take action. Together, let's fight for a healthier future.
",2016-08-02T16:48:07Z,US,149843,255,False,2023-05-26T15:01:11Z,PT33S,33,en,en-US,false,no_captions_reported,,,,public,False,2077,14,1,0,True,1,colonoscopy claustrophobia,1,can someone with claustrophobia get an advanced body scan?,can someone with claustrophobia get an advanced body scan?|UC4aG4d64GonX0ShnO_C6-TQ,False,"[{""cancer_domain"": ""colon"", ""search_query"": ""colonoscopy claustrophobia"", ""rank"": 1, ""contributor"": ""Yule"", ""source"": ""Forums"", ""scope_category"": ""Anxiety Reduction""}]"
batch-yule-colon-001,2026-09-28T00:11:04.741918+00:00,YDoyfvd69DU,https://www.youtube.com/watch?v=YDoyfvd69DU,Overcoming the fear of a colonoscopy,"Gastroenterologist Holly Clark, Intermountain Medical Center, speaks with ABC 4's Nadia Crow about the basics of screening for colon cancer. The time to screen is before you show symptoms. Symptoms usually mean the cancer is already advanced.",UCAfpKiI2jCag_AmJ5Bgw6WQ,IntermtnMedCtr,"Intermountain Medical Center in Murray, Utah is the premier tertiary medical campus in the Intermountain West.",2010-01-29T19:03:09Z,,2505693,3340,False,2016-03-17T22:12:13Z,PT3M45S,225,en,,false,no_captions_reported,,,,public,False,3168,25,2,0,True,1,colonoscopy claustrophobia,2,overcoming the fear of a colonoscopy,overcoming the fear of a colonoscopy|UCAfpKiI2jCag_AmJ5Bgw6WQ,False,"[{""cancer_domain"": ""colon"", ""search_query"": ""colonoscopy claustrophobia"", ""rank"": 2, ""contributor"": ""Yule"", ""source"": ""Forums"", ""scope_category"": ""Anxiety Reduction""}]"
batch-yule-colon-001,2026-09-28T00:11:04.741918+00:00,paVMeeR9Go8,https://www.youtube.com/watch?v=paVMeeR9Go8,YTP Clip: Amber's Claustrophobic Colonoscopy Catastrophe,"Colonoscopy, or coloscopy, is a medical procedure involving the endoscopic examination of the large bowel (colon) and the distal portion of the small bowel.

New video out now! Check my channel!
#amberlynnreid  
#ytp 
#shorts",UCHqYFb5aIEitLRnG4SOIaCA,Ramen Furry,"I make YTPs on topics that interest me on occasion. 
For those who don't know, YTP stands for YouTube Poop, which is a style of video editing that involves changing the context of a piece of media into a chaotic mashup of comedic edits. This includes sentence mixing, loud audio, non-sequiturs, and crude humor.

Editing Software used to make my vids:
Movie Studio Platinum 13
Clip Studio Paint
FL Studio
Audacity
OBS
",2023-11-01T21:50:01.426916Z,US,4594577,19400,False,2023-11-14T20:04:39Z,PT21S,21,en,,false,no_captions_reported,,,,public,False,199,7,0,0,True,1,colonoscopy claustrophobia,3,ytp clip: amber's claustrophobic colonoscopy catastrophe,ytp clip: amber's claustrophobic colonoscopy catastrophe|UCHqYFb5aIEitLRnG4SOIaCA,False,"[{""cancer_domain"": ""colon"", ""search_query"": ""colonoscopy claustrophobia"", ""rank"": 3, ""contributor"": ""Yule"", ""source"": ""Forums"", ""scope_category"": ""Anxiety Reduction""}]"
batch-yule-colon-001,2026-09-28T00:11:04.741918+00:00,zEGGyChryh8,https://www.youtube.com/watch?v=zEGGyChryh8,MRI Scans & Claustrophobia Help.,"Jennifer Kranjec Hypnosis is a Canadian business specializing in online hypnosis sessions for medical or surgical phobias as well as fears around labour & delivery.  We help people with needle phobias, chemotherapy, radiation, medical scan claustrophobia, & colonoscopy fears, as well as medical scopes & surgery worries.  Helping you maintain your health, confidence & dignity as quickly as possible with long-term relief.  Reach out & let's talk!  Book your FREE online ZOOM Consultation today!

Website:  https://www.jenniferkranjechypnosis.com/

Book A FREE Consultation Call:   https://calendly.com/jenkhypnosis",UCXqdfnPCLusehUCSiQCzabQ,Jennifer Kranjec Hypnosis,"We offer a virtual service for people with medical / surgical fears & phobias, & labour & delivery fears.  

Losing control can feel hopeless, intimidating and in some cases, shameful.  This emotional toll can affect moving forward with necessary healthcare by avoidance surrounding health treatments.  Losing sleep for weeks prior to an appointment.  Appetite problems, headaches, bowel issues, or breakdowns & terror.  Logically, knowing they will be safe going through treatments, yet, emotional responses removes their sense of control.

We help with long-term relief ASAP so that you can move forward with your necessary healthcare needs so that future situations do not propel you back into the old panic that you were suffering prior to your session.  All of our sessions are over ZOOM for convenience, as those who suffer health conditions do not need the burden of leaving their place of comfort to travel to yet another appointment.  Helping you to heal and recover with pride and dignity.
",2025-01-29T00:29:41.912758Z,,25331,26,False,2025-04-23T17:49:45Z,PT2M8S,128,en,en,false,no_captions_reported,,,,public,False,926,17,,0,True,1,colonoscopy claustrophobia,4,mri scans & claustrophobia help.,mri scans & claustrophobia help.|UCXqdfnPCLusehUCSiQCzabQ,False,"[{""cancer_domain"": ""colon"", ""search_query"": ""colonoscopy claustrophobia"", ""rank"": 4, ""contributor"": ""Yule"", ""source"": ""Forums"", ""scope_category"": ""Anxiety Reduction""}]"
batch-yule-colon-001,2026-09-28T00:11:04.741918+00:00,znYE7k2zcDI,https://www.youtube.com/watch?v=znYE7k2zcDI,Claustrophobic and have an MRI coming up? #medicalimaging,,UC401CqvMUlRai4tpJutk-nw,RadiographerRyan,"Hi there! My name is Ryan and I'm an ARRT certified radiographer who wants to share with the world my passion in medical imaging. 

Credentials: 
1) X-Ray
2) Computed Tomography
3) Magnetic Resonance Imaging

#radiographer #radiographerryan #radtechryan #radiology #radiologylife 
",2023-06-03T16:22:38.557036Z,US,1541936,3130,False,2024-05-01T01:06:35Z,PT12S,12,en,,false,no_captions_reported,,,,public,False,62495,377,23,0,True,1,colonoscopy claustrophobia,5,claustrophobic and have an mri coming up? #medicalimaging,claustrophobic and have an mri coming up? #medicalimaging|UC401CqvMUlRai4tpJutk-nw,False,"[{""cancer_domain"": ""colon"", ""search_query"": ""colonoscopy claustrophobia"", ""rank"": 5, ""contributor"": ""Yule"", ""source"": ""Forums"", ""scope_category"": ""Anxiety Reduction""}]"
batch-yule-colon-001,2026-09-28T00:11:04.741918+00:00,FezeEVMszk0,https://www.youtube.com/watch?v=FezeEVMszk0,Claustrophobia:  Is It Hereditary?,"Jennifer Kranjec Hypnosis is a Canadian business specializing in online hypnosis sessions for medical or surgical phobias as well as fears around labour & delivery.  We help people with needle phobias, chemotherapy, radiation, medical scan claustrophobia, & colonoscopy fears, as well as medical scopes & surgery worries.  Helping you maintain your health, confidence & dignity as quickly as possible with long-term relief.  Reach out & let's talk!  Book your FREE online ZOOM Consultation today!

Website:  https://www.jenniferkranjechypnosis.com/

Book A FREE Consultation Call:  https://calendly.com/jenkhypnosis",UCXqdfnPCLusehUCSiQCzabQ,Jennifer Kranjec Hypnosis,"We offer a virtual service for people with medical / surgical fears & phobias, & labour & delivery fears.  

Losing control can feel hopeless, intimidating and in some cases, shameful.  This emotional toll can affect moving forward with necessary healthcare by avoidance surrounding health treatments.  Losing sleep for weeks prior to an appointment.  Appetite problems, headaches, bowel issues, or breakdowns & terror.  Logically, knowing they will be safe going through treatments, yet, emotional responses removes their sense of control.

We help with long-term relief ASAP so that you can move forward with your necessary healthcare needs so that future situations do not propel you back into the old panic that you were suffering prior to your session.  All of our sessions are over ZOOM for convenience, as those who suffer health conditions do not need the burden of leaving their place of comfort to travel to yet another appointment.  Helping you to heal and recover with pride and dignity.
",2025-01-29T00:29:41.912758Z,,25331,26,False,2025-05-02T16:23:22Z,PT2M53S,173,en,,false,no_captions_reported,,,,public,False,590,2,,0,True,1,colonoscopy claustrophobia,6,claustrophobia: is it hereditary?,claustrophobia: is it hereditary?|UCXqdfnPCLusehUCSiQCzabQ,False,"[{""cancer_domain"": ""colon"", ""search_query"": ""colonoscopy claustrophobia"", ""rank"": 6, ""contributor"": ""Yule"", ""source"": ""Forums"", ""scope_category"": ""Anxiety Reduction""}]"
batch-yule-colon-001,2026-09-28T00:11:04.741918+00:00,HRLmKGkU9jE,https://www.youtube.com/watch?v=HRLmKGkU9jE,Virtual Colonoscopy: A Patient's Perspective,Melodie relates her virtual colonoscopy experience at UW Hospital and Clinics. Learn more: http://www.uwhealth.org/radiology/3-d-virtual-colonoscopy/10451,UCttlnDAeIB4kx9jOOd8t5mg,UW Health,"UW Health is the integrated health system affiliated with the University of Wisconsin–Madison and the University of Wisconsin School of Medicine and Public Health. We provide exceptional care through hospitals, clinics and specialty programs across Wisconsin, northern Illinois and beyond.

As Wisconsin's No. 1 hospital, we combine expert patient care, leading-edge research, education and innovation to advance health without compromise. Our physicians, nurses, researchers and care teams are dedicated to improving lives through breakthrough discoveries and compassionate care.

On this channel, you'll find patient stories, health and wellness information, expert insights, medical innovations and a behind-the-scenes look at the people who make remarkable health care possible.

UW Health is proud to be the Official Health Care Partner of the Green Bay Packers.
",2008-01-31T21:05:08Z,US,7441520,26000,False,2015-02-12T17:14:03Z,PT1M15S,75,en,en,false,no_captions_reported,,,,public,False,2735,,0,0,True,1,colonoscopy claustrophobia,7,virtual colonoscopy: a patient's perspective,virtual colonoscopy: a patient's perspective|UCttlnDAeIB4kx9jOOd8t5mg,False,"[{""cancer_domain"": ""colon"", ""search_query"": ""colonoscopy claustrophobia"", ""rank"": 7, ""contributor"": ""Yule"", ""source"": ""Forums"", ""scope_category"": ""Anxiety Reduction""}]"
batch-yule-colon-001,2026-09-28T00:11:04.741918+00:00,dBRs0p67WV0,https://www.youtube.com/watch?v=dBRs0p67WV0,Don’t be nervous about receiving #sedation before a #surgery watch this :60 clip of a #propofol dose,"Don’t be nervous about receiving #sedation 😴💉 before a #surgery! Watch this :60 clip of a patient receiving #propofol before a procedure with @socoendocoloradosprings , Troy was knocked out within 10 seconds ⏰!

Interested in working with me? Click the🔗in bio💌 for more information on myself & my services to make sure you have a comfortable, pain-free experience when facing a medical surgery.

🚙✈️ travel programs available too!

#anesthesialife #anesthesiology #anesthesiologist #doctor #dentist #denverdentist #coloradospringsdentist #surgeryrecovery #surgeon",UCqpbYlv83hSuHuVXldZL4Yw,Comfort Anesthesia,"Welcome to Comfort Anesthesia - Where Your Comfort Matters Most! 

I'm Ryan Bezzant, CRNA and owner of Comfort Anesthesia a mobile anesthesia service provider in Colorado Springs, CO.

At Comfort Anesthesia, we specialize in top-notch anesthesia coverage from medical professionals ensuring your peace of mind from dental offices to hospitals.

Reach out at info@comfort-anesthesia.com or call 719-301-1868.

Commure Scribe Discount - https://commure.info/comfort-anesthesia

Disclaimer:
I’m a Certified Registered Nurse Anesthetist, not a medical doctor (MD or DO). Through my training and experience, I provide anesthesia services independently or in collaboration with healthcare providers. All the content I share is for educational and demonstration purposes only. Always consult your healthcare provider for advice specific to your needs. Your safety and care are my top priorities.
",2024-03-25T15:42:45.833372Z,,2314738,2930,False,2024-05-20T19:28:12Z,PT1M,60,en,,false,no_captions_reported,,,,public,False,94154,904,32,0,True,1,colonoscopy claustrophobia,8,don’t be nervous about receiving #sedation before a #surgery watch this :60 clip of a #propofol dose,don’t be nervous about receiving #sedation before a #surgery watch this :60 clip of a #propofol dose|UCqpbYlv83hSuHuVXldZL4Yw,False,"[{""cancer_domain"": ""colon"", ""search_query"": ""colonoscopy claustrophobia"", ""rank"": 8, ""contributor"": ""Yule"", ""source"": ""Forums"", ""scope_category"": ""Anxiety Reduction""}]"
batch-yule-colon-001,2026-09-28T00:11:04.741918+00:00,pc-tOGs_BLA,https://www.youtube.com/watch?v=pc-tOGs_BLA,"She said ""nobody can fight Propofol like me""","✰ 𝐀𝐁𝐎𝐔𝐓 𝐌𝐄 ✰
I’m Dr. Myro Figura, an Anesthesiologist, medical school educator and physician entrepreneur in Los Angeles. Let's talk about health while keeping things light! 

I work in an academic medical center and teach medical students as well as residents. In addition to my job as a doctor, I am passionate about healthcare innovation. I started a company @healfast which makes products for surgery recovery. 

Follow along for #shorts videos about my life as a #doctor, #entrepreneurship, and in general, living life to the fullest.

𝐋𝐄𝐓'𝐒 𝐂𝐎𝐍𝐍𝐄𝐂𝐓:
Instagram: https://instagram.com/doctormyro
TikTok: https://www.tiktok.com/@doctormyro
LinkedIn: https://www.linkedin.com/in/myrofigura/

𝐃𝐈𝐒𝐂𝐋𝐀𝐈𝐌𝐄𝐑𝐒:
→ Opinions expressed are solely my own and do not express the views or opinions of my employer.
→ The information in this video is not intended nor implied to be a substitute for professional medical advice, diagnosis or treatment. All content, including text, graphics, images, and information, contained in this video is for general information purposes only and does not replace a consultation with your own doctor/health professional.

𝐁𝐔𝐒𝐈𝐍𝐄𝐒𝐒 𝐄𝐌𝐀𝐈𝐋: doctormyro@gmail.com

#doctors #medstudent #medschool #md #premed #doctorlife #hospital #greysanatomy #patient #healthcare #treatment #surgery #medical #meded #learn #anesthesiologist #propofol",UCdc3KAozmMyzONSuDdul1mw,Doctor Myro,"I’m Dr. Myro Figura, an Anesthesiologist, medical school educator and physician entrepreneur in San Diego. Let's talk about health while keeping things light! 

I work in an academic medical center and teach medical students as well as residents. In addition to my job as a doctor, I am passionate about healthcare innovation. I started a company @healfast which makes products for surgery recovery. 

Follow along for #shorts videos about my life as a #doctor, #entrepreneurship, and in general, living life to the fullest.
",2022-05-11T17:41:11.20492Z,US,4057930478,1930000,False,2023-04-19T14:00:36Z,PT47S,47,en,en,false,no_captions_reported,,,,public,False,4026933,162799,3570,0,True,1,colonoscopy claustrophobia,9,"she said ""nobody can fight propofol like me""","she said ""nobody can fight propofol like me""|UCdc3KAozmMyzONSuDdul1mw",False,"[{""cancer_domain"": ""colon"", ""search_query"": ""colonoscopy claustrophobia"", ""rank"": 9, ""contributor"": ""Yule"", ""source"": ""Forums"", ""scope_category"": ""Anxiety Reduction""}]"
batch-yule-colon-001,2026-09-28T00:11:04.741918+00:00,qGGxrogbWf4,https://www.youtube.com/watch?v=qGGxrogbWf4,Untying Claustrophobia Response Knots FAST!,"Jennifer Kranjec Hypnosis is a Canadian business specializing in online hypnosis sessions for general, and medical or surgical phobias as well as fears around labour & delivery.  We help people with needle phobias, chemotherapy, radiation, medical scan claustrophobia, & colonoscopy fears, as well as medical scopes & surgery worries.  Helping you maintain your health, confidence & dignity as quickly as possible with long-term relief.  Reach out & let's talk!  Book your FREE online ZOOM Consultation today!

Website:  https://www.jenniferkranjechypnosis.com/

Book A FREE Consultation Call:  https://calendly.com/jenkhypnosis

#claustrophobia #fearsandphobias #medicalfears #panicattacks
#healthanxiety",UCXqdfnPCLusehUCSiQCzabQ,Jennifer Kranjec Hypnosis,"We offer a virtual service for people with medical / surgical fears & phobias, & labour & delivery fears.  

Losing control can feel hopeless, intimidating and in some cases, shameful.  This emotional toll can affect moving forward with necessary healthcare by avoidance surrounding health treatments.  Losing sleep for weeks prior to an appointment.  Appetite problems, headaches, bowel issues, or breakdowns & terror.  Logically, knowing they will be safe going through treatments, yet, emotional responses removes their sense of control.

We help with long-term relief ASAP so that you can move forward with your necessary healthcare needs so that future situations do not propel you back into the old panic that you were suffering prior to your session.  All of our sessions are over ZOOM for convenience, as those who suffer health conditions do not need the burden of leaving their place of comfort to travel to yet another appointment.  Helping you to heal and recover with pride and dignity.
",2025-01-29T00:29:41.912758Z,,25331,26,False,2025-05-16T16:31:38Z,PT1M31S,91,en,,false,no_captions_reported,,,,public,False,941,2,,0,True,1,colonoscopy claustrophobia,10,untying claustrophobia response knots fast!,untying claustrophobia response knots fast!|UCXqdfnPCLusehUCSiQCzabQ,False,"[{""cancer_domain"": ""colon"", ""search_query"": ""colonoscopy claustrophobia"", ""rank"": 10, ""contributor"": ""Yule"", ""source"": ""Forums"", ""scope_category"": ""Anxiety Reduction""}]"
batch-yule-colon-001,2026-09-28T00:11:04.741918+00:00,8Jz2KuEIZNk,https://www.youtube.com/watch?v=8Jz2KuEIZNk,Is A Colonoscopy An Embarrassing Procedure? - Colon Health Channel,"Is A Colonoscopy An Embarrassing Procedure? Have you ever wondered what a colonoscopy involves and why it’s an important part of maintaining your health? In this informative video, we’ll explain everything you need to know about colonoscopy procedures and their role in preventing serious health issues. We’ll start by describing what a colonoscopy is and how it’s performed by trained healthcare professionals. You’ll learn about the steps involved, including how patient privacy and comfort are prioritized throughout the process. We’ll discuss common concerns such as feelings of embarrassment and how most patients find that their worries decrease after experiencing the procedure. Additionally, we’ll highlight the importance of regular screening to detect early signs of colorectal issues and how open communication with your healthcare team can make the experience easier. Whether you’re considering a colonoscopy for the first time or want to understand the process better, this video provides clear, helpful information to guide you. Remember, taking steps to protect your colon health can save lives, and overcoming initial fears is a vital part of that journey. Join us for this essential health discussion, and subscribe to our channel for more valuable insights on colon health and preventive care.

⬇️ Subscribe to our channel for more valuable insights.

🔗Subscribe: https://www.youtube.com/@ColonHealthChannel/?sub_confirmation=1 

#ColonHealth #Colonoscopy #CancerScreening #PreventiveCare #HealthTips #ColonCancerAwareness #MedicalProcedures #HealthEducation #DigestiveHealth #ScreeningAwareness #PatientCare #HealthTips #EarlyDetection #MedicalTips #HealthSupport 

About Us: Welcome to the Colon Health Channel! Our mission is to provide essential information on colorectal health, focusing on topics like colorectal cancer symptoms, colon cancer screening, rectal cancer signs, and the stages of colorectal cancer. We also cover treatment options, risk factors, surgery for colorectal cancer, and living with the condition. Our friendly tone aims to make complex health issues more approachable for everyone. The content provided is for general informational and educational purposes only. It is not intended to substitute for professional medical advice, diagnosis, or treatment. Never disregard professional medical advice or delay seeking it because of something you have seen in this content. Never rely on this information in place of consulting with qualified healthcare professionals. The creators and distributors of this content are not responsible for any adverse effects or consequences resulting from the use of any suggestions, preparations, or procedures described in this material. Always consult with your healthcare provider before starting any new health-related practice or program.",UC9hvmN4dfcHQIH6NkO_sboQ,Colon Health Channel,"Welcome to the Colon Health Channel! Our mission is to provide essential information on colorectal health, focusing on topics like colorectal cancer symptoms, colon cancer screening, rectal cancer signs, and the stages of colorectal cancer. We also cover treatment options, risk factors, surgery for colorectal cancer, and living with the condition. Our friendly tone aims to make complex health issues more approachable for everyone.

DISCLAIMER: This content is independently created by Colon Health Channel and is presented for informational purposes only. We maintain no affiliation, partnership, or formal relationship with any individuals, organizations, companies, or products featured in this content. All trademarks and brand names mentioned are acknowledged as the property of their respective owners. While we strive for accuracy, we encourage viewers to verify current information through official channels and authorized sources.
",2025-03-31T18:21:13.875811Z,US,196112,448,False,2025-09-17T23:23:52Z,PT3M1S,181,en,,false,no_captions_reported,,,,public,False,23,0,0,0,True,1,how to get over embarrassment of a colonoscopy,1,is a colonoscopy an embarrassing procedure? - colon health channel,is a colonoscopy an embarrassing procedure? - colon health channel|UC9hvmN4dfcHQIH6NkO_sboQ,False,"[{""cancer_domain"": ""colon"", ""search_query"": ""how to get over embarrassment of a colonoscopy"", ""rank"": 1, ""contributor"": ""Yule"", ""source"": ""Forums"", ""scope_category"": ""Anxiety Reduction""}]"
batch-yule-colon-001,2026-09-28T00:11:04.741918+00:00,RGifwVcWq7M,https://www.youtube.com/watch?v=RGifwVcWq7M,"Dr. Marvin E. Lawrence, M.D., FACG - Colonoscopy","It is common for patients to be afraid of or embarrassed by the colonoscopy procedure. At Capital Digestive Care, physicians ensure that patients are comfortable during the procedure, sedation and prep. There is no pain before, during or after the colonoscopy procedure.",UC7MysVzP1x7FK1gErRuLHtw,Capital Digestive Care,"More than 75,000 patients trust Capital Digestive Care each year, and their feedback speaks for itself.
Our physicians are among the most highly rated in their communities, ranking 4.7 out of 5 on more than 10,000 patient satisfaction surveys and 4.3 out of 5 on more than 900 insights posted across social media and other physician rating websites.

With more than 20 office locations and outpatient surgery centers and more than 80 doctors and advanced care practitioners, Capital Digestive Care is the largest gastroenterology group in the Mid-Atlantic states


LOCATIONS: 
http://www.CapitalDigestiveCare.com/Locations-Physicians 


AWARDS: 
Awarded ""Top Doctors"" Washingtonian magazine from 2012
Angie's List 2012 Super Service Award
2012 Outstanding Physicians Group Commitment Award, Montgomery General Hospital Health Foundation",2014-03-17T17:27:09Z,US,94170,540,False,2014-09-25T14:38:42Z,PT1M30S,90,en,,false,no_captions_reported,,,,public,False,4508,7,0,0,True,1,how to get over embarrassment of a colonoscopy,2,"dr. marvin e. lawrence, m.d., facg - colonoscopy","dr. marvin e. lawrence, m.d., facg - colonoscopy|UC7MysVzP1x7FK1gErRuLHtw",False,"[{""cancer_domain"": ""colon"", ""search_query"": ""how to get over embarrassment of a colonoscopy"", ""rank"": 2, ""contributor"": ""Yule"", ""source"": ""Forums"", ""scope_category"": ""Anxiety Reduction""}]"
batch-yule-colon-001,2026-09-28T00:11:04.741918+00:00,0a-wGMMHVsg,https://www.youtube.com/watch?v=0a-wGMMHVsg,Colonoscopy Myths,"Common misconceptions about getting a colonoscopy. For more information, visit BSWHealth.com/Colonoscopy.",UCPCxXI7Nj5PRgk4i55uQFpQ,Baylor Scott & White Health,"We share medical news, health information and fitness tips as we strive to be a resource for the community.

Comment Policy: 
This YouTube account is moderated by Baylor Scott & White Health, but Baylor Scott & White Health shall not be responsible for any actions of, or information posted by, any YouTube user. Information provided by the page administrators should be considered educational only and should not be used during any medical emergency or for the diagnosis or treatment of any medical condition. Please call 911 for any medical emergencies and consult your physician for health care advice relating to your personal health care or condition. Any personal health information you post here will become public, and we do not ensure privacy. The purpose of this page is to serve as an online resource and networking tool. Any defamatory or abusive comments will not be tolerated and will be removed. We will also remove comments deemed to be spam.",2009-06-01T16:44:52Z,US,12629222,28700,False,2021-09-24T19:11:45Z,PT1M59S,119,en,en,false,no_captions_reported,,,,public,False,595,6,4,0,True,1,how to get over embarrassment of a colonoscopy,3,colonoscopy myths,colonoscopy myths|UCPCxXI7Nj5PRgk4i55uQFpQ,False,"[{""cancer_domain"": ""colon"", ""search_query"": ""how to get over embarrassment of a colonoscopy"", ""rank"": 3, ""contributor"": ""Yule"", ""source"": ""Forums"", ""scope_category"": ""Anxiety Reduction""}]"
batch-yule-colon-001,2026-09-28T00:11:04.741918+00:00,6Eo3c1Te8cw,https://www.youtube.com/watch?v=6Eo3c1Te8cw,"Disgusted, Embarrassed, Afraid: Affective predictors of colonoscopy avoidance.","Presentation by Lynne Klasko-Foster, PhD, MS
Brown University, USA

Event organized by WEO's CRC SC Expert Working Group: Coalition to reduce Inequities in Colorectal Cancer Screening on November 20, 2020.",UCMOEoBCupITKQsU7bKnKL5A,World Endoscopy Organization,"This is the official Youtube channel of the World Endoscopy Organization (WEO). 

WEO is a non-profit umbrella organization leading the promotion of high quality and safe endoscopy worldwide, through training, education and research.

WEO has successfully organised global endoscopy meetings first in Hyderabad, India in 2017 and the second meeting in Rio de Janeiro, Brazil earlier in 2020.  Both these meetings had over 3,000 delegates in attendance coming from more than 70 countries. 

The third edition of the World Congress will be organized in conjunction with the 103rd Congress of the Japan Gastroenterological Endoscopy Society and will take place in Kyoto, Japan in May 13-15, 2022

For more information visit the WEO website at http://www.worldendo.org",2011-12-13T01:44:02Z,,216499,3960,False,2021-01-18T11:57:10Z,PT20M21S,1221,en,,false,no_captions_reported,,,,public,False,250,4,2,0,True,1,how to get over embarrassment of a colonoscopy,4,"disgusted, embarrassed, afraid: affective predictors of colonoscopy avoidance.","disgusted, embarrassed, afraid: affective predictors of colonoscopy avoidance.|UCMOEoBCupITKQsU7bKnKL5A",False,"[{""cancer_domain"": ""colon"", ""search_query"": ""how to get over embarrassment of a colonoscopy"", ""rank"": 4, ""contributor"": ""Yule"", ""source"": ""Forums"", ""scope_category"": ""Anxiety Reduction""}]"
batch-yule-colon-001,2026-09-28T00:11:04.741918+00:00,1n1oSQ1sUYY,https://www.youtube.com/watch?v=1n1oSQ1sUYY,"5 Embarrassing things you do, but don't remember, after surgery - LIVE","#bts #mentalhealthmatters #embarrassing

Did you flirt... or fight after surgery? You may have, and you may never know- here's why


💛 Visit Dr. Kaveh's longevity clinic for ketamine therapy, bioidentical hormone replacement therapy, and more: https://www.clarus-health.com
🫀 Exclusive access to Dr. Kaveh's live streams + more: https://www.youtube.com/channel/UCl31nh9FGrKKGjKn8uaOasw/join

This video/speech/channel DOES NOT CONSTITUTE MEDICAL ADVICE. Patients with medical concerns should contact their physician. If your concern is an emergency, immediately call 911. This information is not a recommendation for ANY THERAPY. Some substances referenced in this content may be illegal, and this content is not a recommendation for, or endorsement of, their use in any way.",UCl31nh9FGrKKGjKn8uaOasw,Medical Secrets,"You have more power over your health than you've probably ever been told.

💛 Visit Dr. Kaveh's longevity clinic for bioidentical hormone replacement therapy, IV Ketamine therapy, and SGB: https://www.clarus-health.com
🫀 Exclusive access to Dr. Kaveh's live streams + more: https://www.youtube.com/channel/UCl31nh9FGrKKGjKn8uaOasw/join

Learn your body's secrets with the Stanford/Harvard trained anesthesiologist and integrative medicine specialist, Dr. Anthony Kaveh, MD.

This video/speech/channel DOES NOT CONSTITUTE MEDICAL ADVICE. Patients with medical concerns should contact their physician. If your concern is an emergency, immediately call 911. This information is not a recommendation for ANY THERAPY. Some substances referenced in this content may be illegal, and this content is not a recommendation for, or endorsement of, their use in any way.
",2020-03-27T20:15:12.076507Z,US,154237521,607000,False,2023-07-07T01:12:23Z,PT16M16S,976,en,en-US,false,no_captions_reported,,,,public,False,4992852,100294,10247,0,True,1,how to get over embarrassment of a colonoscopy,5,"5 embarrassing things you do, but don't remember, after surgery - live","5 embarrassing things you do, but don't remember, after surgery - live|UCl31nh9FGrKKGjKn8uaOasw",False,"[{""cancer_domain"": ""colon"", ""search_query"": ""how to get over embarrassment of a colonoscopy"", ""rank"": 5, ""contributor"": ""Yule"", ""source"": ""Forums"", ""scope_category"": ""Anxiety Reduction""}]"
batch-yule-colon-001,2026-09-28T00:11:04.741918+00:00,NxlPXWoZ_1k,https://www.youtube.com/watch?v=NxlPXWoZ_1k,"You Should Not Die From Embarrassment | Dr. Murrell, Cedars-Sinai","Dr. Zuri Murrell, colorectal surgeon at the Samuel Oschin Comprehensive Cancer Institute at Cedars-Sinai, is on a mission to prevent colorectal cancer — the second leading cause of cancer death in the United States. When he's not in the operating room, Dr. Murrell visits churches, health fairs, and community centers throughout the Los Angeles area to provide free health education on nutrition and advocate for regular colonoscopies.

Cedars-Sinai is one of the largest nonprofit academic medical centers in the U.S. with 886 licensed beds, 2,100 physicians, 3,000 nurses and thousands of other healthcare professionals and staff. Clinical programs range from primary care for preventing, diagnosing and treating common conditions to specialized treatments for rare, complex and advanced illnesses.
 
You can find out more about the Samuel Oschin Comprehensive Cancer Institute by visiting: http://www.cedars-sinai.edu/Patients/Programs-and-Services/Cancer-Institute/
 
More on Cedars-Sinai, at: https://www.cedars-sinai.edu/",UCnwP4ncVOidDK7jK56Acg0Q,Cedars-Sinai,"#CedarsSinai is a leader in providing high-quality healthcare encompassing primary care, specialized medicine and research. Since 1902, Cedars-Sinai has evolved to meet the needs of one of the most diverse regions in the nation, setting standards in quality and innovative patient care, research, teaching and community service. Today, Cedars-Sinai is known for its national leadership in transforming healthcare for the benefit of patients. Cedars-Sinai impacts the future of healthcare by developing new approaches to treatment and educating tomorrow’s health professionals. Additionally, Cedars-Sinai demonstrates a commitment to the community through programs that improve the health of its most vulnerable residents.",2007-06-19T01:26:14Z,US,21914824,32800,False,2017-01-30T17:59:55Z,PT1M46S,106,en,en,true,captions_reported_available,,,,public,False,20362,103,,0,True,1,how to get over embarrassment of a colonoscopy,6,"you should not die from embarrassment | dr. murrell, cedars-sinai","you should not die from embarrassment | dr. murrell, cedars-sinai|UCnwP4ncVOidDK7jK56Acg0Q",False,"[{""cancer_domain"": ""colon"", ""search_query"": ""how to get over embarrassment of a colonoscopy"", ""rank"": 6, ""contributor"": ""Yule"", ""source"": ""Forums"", ""scope_category"": ""Anxiety Reduction""}]"
batch-yule-colon-001,2026-09-28T00:11:04.741918+00:00,C39X0O7Id_A,https://www.youtube.com/watch?v=C39X0O7Id_A,What happens when bowel prep fails before a colonoscopy? #nurse #nhs #colonoscopy #preparation,,UCm0MYE3xYuE9RbYiYbkle1g,The Bowel Chronicles ,"A channel that discusses clear, simple guidance on gut health and endoscopy care through the lens of a Nurse. 

https://linktr.ee/alajembachdera",2019-11-04T02:03:53.927206Z,,327918,1800,False,2025-08-03T17:20:44Z,PT1M45S,105,en,,false,no_captions_reported,,,,public,False,6408,94,9,0,True,1,how to get over embarrassment of a colonoscopy,7,what happens when bowel prep fails before a colonoscopy? #nurse #nhs #colonoscopy #preparation,what happens when bowel prep fails before a colonoscopy? #nurse #nhs #colonoscopy #preparation|UCm0MYE3xYuE9RbYiYbkle1g,False,"[{""cancer_domain"": ""colon"", ""search_query"": ""how to get over embarrassment of a colonoscopy"", ""rank"": 7, ""contributor"": ""Yule"", ""source"": ""Forums"", ""scope_category"": ""Anxiety Reduction""}]"
batch-yule-colon-001,2026-09-28T00:11:04.741918+00:00,l1QF5_dxggk,https://www.youtube.com/watch?v=l1QF5_dxggk,Doc Has Colonoscpy. Things I Wish I Knew Before My Colonoscopy,"📩Contact us talkingwithdocs@gmail.com

In this episode, we’re breaking down everything you need to know about colonoscopies. From fear and embarrassment to confusion about when you actually need one, this is one of the most misunderstood medical tests out there.

Colonoscopy is one of the most powerful tools we have to prevent colon cancer. But many people delay screening because they are nervous about the prep, the procedure, or what might be found. Today, we explain exactly what happens, why it matters, and how it can literally save your life.

We cover:
- What a colonoscopy actually is and how it works
- The recommended age to start screening
- What the prep process really involves
- How doctors remove polyps before they turn into cancer
- The real risks versus the life-saving benefits
- Who needs screening earlier based on family history

If you’ve been putting it off or wondering whether it’s necessary, this episode gives you clear, doctor-approved guidance so you can make an informed decision about your health.

🎧 Listen on Your Favourite Platforms:
Spotify: https://open.spotify.com/show/3OFxEjictC41CCS1z2AVKe
Apple Podcast: https://podcasts.apple.com/ca/podcast/talking-with-docs/id1799242189

👕 Shop Our MERCH:
https://www.spreadshirt.ca/shop/designs/talkingwithdocs
❤️ Support Oakville Hospital:
https://donate.oakvillehospitalfoundation.com

📱 Follow Us:
TikTok: https://www.tiktok.com/@talkingwithdocs
Instagram: https://www.instagram.com/talkingwithdocs/?hl=en
Facebook: https://www.facebook.com/p/Talking-with-Docs-100066771782727/

🛑 DISCLAIMER:
This content is for educational purposes only and is not a substitute for professional medical advice. Always consult your physician before making changes to your diet or lifestyle. Full disclaimer at talkingwithdocs.com.

#colonoscopy #coloncancer #cancerscreening #preventivehealth #healthscreening #gastrohealth #medicaleducation #doctorapproved #earlydetection #healthawareness #colorectalcancer #talkingwithdocs",UCqYI3lmZgTsRs202mY15QfA,Talking With Docs,"Dr. Paul Zalzal and Dr. Brad Weening are orthopedic surgeons and members of the Royal College of Physicians and Surgeons of Canada. Together, they help make medicine accessible by serving up practical insights on orthopedic treatments, various tips on surgeries, gut health, as well as other health topics.

Through short, topic-specific videos that blend insight and humour, Dr. Zalzal and Dr. Weening connect with patients at every stage of their journey to inform, educate, and empower. Learn how to properly prepare for surgery, surgery risks, what to expect after surgery, cardiology, anesthesia and much more. 

The Talking with Docs Vision:  To support people’s healing journeys–from clinical diagnosis to surgery to recovery–through memorable chats that include digestible clinical information and heartfelt guidance. 

To learn more about how to take charge of your own health, visit www.talkingwithdocs.com.
",2016-05-26T18:18:40Z,CA,229336677,1290000,False,2026-02-18T22:00:07Z,PT10M15S,615,en,en,false,no_captions_reported,,,,public,False,453462,13771,2719,0,True,1,how to get over embarrassment of a colonoscopy,8,doc has colonoscpy. things i wish i knew before my colonoscopy,doc has colonoscpy. things i wish i knew before my colonoscopy|UCqYI3lmZgTsRs202mY15QfA,False,"[{""cancer_domain"": ""colon"", ""search_query"": ""how to get over embarrassment of a colonoscopy"", ""rank"": 8, ""contributor"": ""Yule"", ""source"": ""Forums"", ""scope_category"": ""Anxiety Reduction""}]"
batch-yule-colon-001,2026-09-28T00:11:04.741918+00:00,VaCLM8nF3fY,https://www.youtube.com/watch?v=VaCLM8nF3fY,Too Embarrassed for a Colonoscopy? Here’s Why That Could Be Deadly 💔”,"🎯 
“You’re afraid it’s awkward? Colon cancer isn’t shy—it kills silently.”

Too many people delay a colonoscopy because of one word: embarrassment.
But here’s what you really need to know:

✅ You’ll be asleep the whole time — no pain, no memory
✅ The procedure is private, respectful, and done by professionals
✅ It takes 30 minutes and could save your life
✅ Polyps can be removed before they turn into cancer

💡 Embarrassment is temporary. Regret can last a lifetime.

If you're 45 or older—or have a family history—don't let shame be the reason you skip a life-saving test.

📅 Book your colonoscopy today at https://wellnesshealthservices.co.ke
📤 Share this with someone who needs to hear it.
💬 Tell us in the comments: What’s stopping you?

#ColonCancerAwareness #Colonoscopy #EndTheStigma #EmbarrassedButAlive #BookYourColonoscopy #WellnessHealthServices #PreventiveCare #GutHealth #HealthScreening #YouTubeShorts #ScreeningSavesLives",UCew01LtcgIfLmJ0qNIC2pMQ,The overall Health .,"What if the next 90 days could rewrite the next 30 years? I’m Dr. Joshua Nderitu, a family physician (25+ years) turning complex science into simple daily wins—so you can steady blood sugar, lower blood pressure, manage weight, reduce cancer risk, sleep better, and feel real energy again (without gimmicks).

What you’ll get here:

Doctor-led, evidence-based tips on food, movement, sleep, and stress
Quick routines for real life (metabolic health, diabetes, hypertension, weight)
Myth-busting explainers, weekly Q&A, and step-by-step challenges
Start here:

Subscribe and turn on notifications
Watch this week’s featured video and take one small step today
Keywords: lower blood sugar, reduce blood pressure, reverse insulin resistance, metabolic health, weight loss, cancer prevention, sleep, stress, doctor tips

Note: Educational content only—not a substitute for personal medical care.



",2014-10-29T11:19:36Z,,195371,3900,False,2025-07-25T07:25:55Z,PT42S,42,en,en,false,no_captions_reported,,,,public,False,31,3,0,0,True,1,how to get over embarrassment of a colonoscopy,9,too embarrassed for a colonoscopy? here’s why that could be deadly 💔”,too embarrassed for a colonoscopy? here’s why that could be deadly 💔”|UCew01LtcgIfLmJ0qNIC2pMQ,False,"[{""cancer_domain"": ""colon"", ""search_query"": ""how to get over embarrassment of a colonoscopy"", ""rank"": 9, ""contributor"": ""Yule"", ""source"": ""Forums"", ""scope_category"": ""Anxiety Reduction""}]"
batch-yule-colon-001,2026-09-28T00:11:04.741918+00:00,mtCvn9NwQN8,https://www.youtube.com/watch?v=mtCvn9NwQN8,How To Cope With Colonoscopy Cancer Fears? - Colon Health Channel,"How To Cope With Colonoscopy Cancer Fears? Are you feeling anxious about undergoing a colonoscopy or worried about the possibility of colon cancer? In this video, we’ll guide you through what to expect and how to manage your fears. We’ll explain how a colonoscopy is a routine, safe procedure that plays a key role in preventing colorectal cancer by detecting and removing polyps early. We’ll discuss common concerns such as pain, embarrassment, and emotional stress, offering practical tips like mindfulness, deep breathing, and listening to calming music to help you stay relaxed. 

You’ll learn the importance of proper preparation, including dietary and laxative instructions, to ensure a successful and accurate exam. We’ll also cover how talking openly with your healthcare provider about your worries and seeking support from loved ones can make the process easier. Understanding the benefits of early detection can transform fear into confidence, emphasizing that most procedures are very safe with minimal risks. 

Join us to discover how knowledge, relaxation techniques, and support can make your colon health journey less intimidating. Remember, taking proactive steps can save lives by catching issues early when they are most treatable. For more helpful health tips, subscribe to our channel and stay informed about colon health and cancer prevention.

⬇️ Subscribe to our channel for more valuable insights.

🔗Subscribe: https://www.youtube.com/@ColonHealthChannel/?sub_confirmation=1 

#ColonHealth #Colonoscopy #ColonCancerPrevention #HealthTips #CancerAwareness #EarlyDetection #MedicalProcedures #HealthEducation #PreventiveCare #CancerScreening #DigestiveHealth #HealthyColon #MedicalSupport #PatientCare #Wellness 

About Us: Welcome to the Colon Health Channel! Our mission is to provide essential information on colorectal health, focusing on topics like colorectal cancer symptoms, colon cancer screening, rectal cancer signs, and the stages of colorectal cancer. We also cover treatment options, risk factors, surgery for colorectal cancer, and living with the condition. Our friendly tone aims to make complex health issues more approachable for everyone. The content provided is for general informational and educational purposes only. It is not intended to substitute for professional medical advice, diagnosis, or treatment. Never disregard professional medical advice or delay seeking it because of something you have seen in this content. Never rely on this information in place of consulting with qualified healthcare professionals. The creators and distributors of this content are not responsible for any adverse effects or consequences resulting from the use of any suggestions, preparations, or procedures described in this material. Always consult with your healthcare provider before starting any new health-related practice or program.",UC9hvmN4dfcHQIH6NkO_sboQ,Colon Health Channel,"Welcome to the Colon Health Channel! Our mission is to provide essential information on colorectal health, focusing on topics like colorectal cancer symptoms, colon cancer screening, rectal cancer signs, and the stages of colorectal cancer. We also cover treatment options, risk factors, surgery for colorectal cancer, and living with the condition. Our friendly tone aims to make complex health issues more approachable for everyone.

DISCLAIMER: This content is independently created by Colon Health Channel and is presented for informational purposes only. We maintain no affiliation, partnership, or formal relationship with any individuals, organizations, companies, or products featured in this content. All trademarks and brand names mentioned are acknowledged as the property of their respective owners. While we strive for accuracy, we encourage viewers to verify current information through official channels and authorized sources.
",2025-03-31T18:21:13.875811Z,US,196112,448,False,2025-09-17T07:51:35Z,PT2M45S,165,en,,false,no_captions_reported,,,,public,False,7,0,0,0,True,1,how to get over embarrassment of a colonoscopy,10,how to cope with colonoscopy cancer fears? - colon health channel,how to cope with colonoscopy cancer fears? - colon health channel|UC9hvmN4dfcHQIH6NkO_sboQ,False,"[{""cancer_domain"": ""colon"", ""search_query"": ""how to get over embarrassment of a colonoscopy"", ""rank"": 10, ""contributor"": ""Yule"", ""source"": ""Forums"", ""scope_category"": ""Anxiety Reduction""}]"
batch-yule-colon-001,2026-09-28T00:11:04.741918+00:00,KOFiVGgzWsQ,https://www.youtube.com/watch?v=KOFiVGgzWsQ,Does Medicare Cover Routine Colon Cancer Screening?,"Navigating healthcare can be complex, especially when it comes to preventive care like colon cancer screenings. This video dives into whether Medicare provides coverage for these crucial, routine procedures.

Discover key information about Medicare and colon cancer screening coverage, including:
 ► Understanding what constitutes 'routine' colon cancer screening under Medicare.
 ► Details on different types of screenings and their specific coverage rules.
 ► How often Medicare generally covers these life-saving procedures.
 ► Important factors that could affect your out-of-pocket costs.
 ► Tips for ensuring you receive appropriate preventive care without financial surprises.


#MedicareScreening, #ColonCancer, #HealthCoverage, #PreventiveCare",UC9hvmN4dfcHQIH6NkO_sboQ,Colon Health Channel,"Welcome to the Colon Health Channel! Our mission is to provide essential information on colorectal health, focusing on topics like colorectal cancer symptoms, colon cancer screening, rectal cancer signs, and the stages of colorectal cancer. We also cover treatment options, risk factors, surgery for colorectal cancer, and living with the condition. Our friendly tone aims to make complex health issues more approachable for everyone.

DISCLAIMER: This content is independently created by Colon Health Channel and is presented for informational purposes only. We maintain no affiliation, partnership, or formal relationship with any individuals, organizations, companies, or products featured in this content. All trademarks and brand names mentioned are acknowledged as the property of their respective owners. While we strive for accuracy, we encourage viewers to verify current information through official channels and authorized sources.
",2025-03-31T18:21:13.875811Z,US,196112,448,False,2025-12-25T03:44:40Z,PT3M27S,207,en,,false,no_captions_reported,,,,public,False,35,0,1,0,True,1,does Medicare cover colon cancer screening,1,does medicare cover routine colon cancer screening?,does medicare cover routine colon cancer screening?|UC9hvmN4dfcHQIH6NkO_sboQ,False,"[{""cancer_domain"": ""colon"", ""search_query"": ""does Medicare cover colon cancer screening"", ""rank"": 1, ""contributor"": ""Yule"", ""source"": ""American Cancer Society"", ""scope_category"": ""Pre-screening education""}]"
batch-yule-colon-001,2026-09-28T00:11:04.741918+00:00,XV8gO8SkV5M,https://www.youtube.com/watch?v=XV8gO8SkV5M,Medicare Cost Sharing Webinar | Fight Colorectal Cancer,"FightCRC policy team explores the medicate cost sharing for screening colonoscopy in preparation of the advocates attending Call on Congress hill visits.

Fight Colorectal Cancer envisions victory over colon and rectal cancers. To learn more, visit http://fightcolorectalcancer.org/",UCeNy8LO21qQ0ANPJHVK_p5Q,Fight Colorectal Cancer,"Fight Colorectal Cancer (Fight CRC) is a leading patient-empowerment and advocacy organization in the United States, providing balanced and objective information on colon and rectal cancer research, treatment, and policy. We are relentless champions of hope, focused on funding promising, high-impact research endeavors while equipping advocates to influence legislation and policy for the collective good. Learn more at fightcrc.org.",2009-03-31T16:29:55Z,,2344088,1990,False,2014-09-11T21:14:56Z,PT8M11S,491,en,en,false,no_captions_reported,,,,public,False,58,0,0,0,True,1,does Medicare cover colon cancer screening,2,medicare cost sharing webinar | fight colorectal cancer,medicare cost sharing webinar | fight colorectal cancer|UCeNy8LO21qQ0ANPJHVK_p5Q,False,"[{""cancer_domain"": ""colon"", ""search_query"": ""does Medicare cover colon cancer screening"", ""rank"": 2, ""contributor"": ""Yule"", ""source"": ""American Cancer Society"", ""scope_category"": ""Pre-screening education""}]"
batch-yule-colon-001,2026-09-28T00:11:04.741918+00:00,BM4ZZtCVPhM,https://www.youtube.com/watch?v=BM4ZZtCVPhM,Does Medicare Cover a Colonoscopy? #medicare #colonoscopy,Medicare Part B covers the full cost of screening colonoscopies every two years for high-risk individuals.,UCzBsPFi0J8XE8fzZ_SS_75w,The Senior List,"Older adults and caregivers turn to our experts for objective guidance — from senior housing alternatives to the best products for older adults. We believe people have the right to live safer, better lives in their own homes. 

At TheSeniorList.com, we’re so much more than a website. Our team of experts connect seniors and caregivers to the right products, services, and other resources that make aging just a little bit easier.

Check out our informative videos featuring senior care experts. We discuss important topics surrounding senior care, answer your questions, and provide transparent, insider knowledge to help you and your loved ones navigate the journey of aging.",2014-12-08T02:23:12Z,US,2114109,14300,False,2023-03-31T18:12:48Z,PT1M,60,en,en,false,no_captions_reported,,,,public,False,1343,22,1,0,True,2,does Medicare cover colon cancer screening,3,does medicare cover a colonoscopy? #medicare #colonoscopy,does medicare cover a colonoscopy? #medicare #colonoscopy|UCzBsPFi0J8XE8fzZ_SS_75w,False,"[{""cancer_domain"": ""colon"", ""search_query"": ""does Medicare cover colon cancer screening"", ""rank"": 3, ""contributor"": ""Yule"", ""source"": ""American Cancer Society"", ""scope_category"": ""Pre-screening education""}, {""cancer_domain"": ""colon"", ""search_query"": ""does Medicaid cover a colonoscopy"", ""rank"": 2, ""contributor"": ""Yule"", ""source"": ""American Cancer Society"", ""scope_category"": ""Pre-screening education""}]"
batch-yule-colon-001,2026-09-28T00:11:04.741918+00:00,VM2WFtrguhA,https://www.youtube.com/watch?v=VM2WFtrguhA,Colon Cancer Screening: Medicare Covers Costs Free! #shorts,Understand Medicare coverage for essential colorectal cancer screenings and annual depression checks. Learn which tests are covered and how to access them without out-of-pocket costs. #MedicareCoverage #HealthScreenings #ColonCancer #MentalHealthAwareness #PreventiveCare,UC_CQX54cDyeKTebUvyj8QDw,M&A Wealth,"Let us be your Financial Resource! 

M&A Wealth is a registered investment advisory firm focused on providing financial planning and wealth management services to our clients. We use our planning expertise to enable investors to achieve their specific life and retirement goals. We work directly with our clients and choose to be held to a fiduciary standard. Educating our clients is the sole purpose of our firm. Our Clients is the only interests we serve.

Contact us with any questions:

M&A Wealth
Mandawealth.com
713-540-7247
info@mandawealth.com
",2020-02-07T20:24:41.125717Z,,56301,24,False,2026-05-29T14:01:44Z,PT1M37S,97,en,,false,no_captions_reported,,,,public,False,14,0,0,0,True,1,does Medicare cover colon cancer screening,4,colon cancer screening: medicare covers costs free! #shorts,colon cancer screening: medicare covers costs free! #shorts|UC_CQX54cDyeKTebUvyj8QDw,False,"[{""cancer_domain"": ""colon"", ""search_query"": ""does Medicare cover colon cancer screening"", ""rank"": 4, ""contributor"": ""Yule"", ""source"": ""American Cancer Society"", ""scope_category"": ""Pre-screening education""}]"
batch-yule-colon-001,2026-09-28T00:11:04.741918+00:00,vuf3hNaCg_0,https://www.youtube.com/watch?v=vuf3hNaCg_0,Colorectal Cancer Screening (Clinical),"This is a recording of a live event hosted on 3/5/26.

March is Colorectal Cancer Awareness Month. Colorectal cancer screenings are covered as part of the Medicare Part B Preventive Services benefit. Early detection through regular screenings can save lives. 

During this event, we:
- Provided background information about colorectal cancer
- Reviewed the symptoms of colorectal cancer
- Discussed treatment options and preventive strategies for colorectal cancer
- Explained tests used to detect colorectal cancer
- Reviewed the Medicare Part B coverage criteria for the Colorectal Cancer Screening Tests 

Resources:
MLN006559 Medicare Preventive Services – Colorectal Cancer Screening Tests
https://www.cms.gov/medicare/prevention/prevntiongeninfo/medicare-preventive-services/mps-quickreferencechart-1.html#COLO_CAN

National Coverage Determination (NCD) 210.3 Colorectal Cancer Screening Tests
https://www.cms.gov/medicare-coverage-database/view/ncd.aspx?NCDId=281

Medicare Claims Processing Manual, Chapter 18 - Preventive and Screening, Services, § 60
https://www.cms.gov/regulations-and-guidance/guidance/manuals/downloads/clm104c18pdf.pdf

Chapters: 
00:00 Introduction
00:16 Objective and Agenda
1:42 Background on Colorectal Cancer
29:36 Findings
30:45 Eligibility and Coverage
38:25 Screening Vs. Diagnostic
41:28 Documentation
43:02 Resources
46:12 Closing Remarks",UCscLmgYJDEJ8Zh2_r_SivUw,WPS Government Services – Medicare,"WPS Health Solutions currently serves as the Medicare Administrative Contractor (MAC) for the Jurisdiction 5 (J5) states of Iowa, Kansas, Missouri, Nebraska, and providers in many other states. We also serve Jurisdiction 8 (J8), Indiana and Michigan. 

WPS, as a MAC, processes Part A and B Medicare claims for the Centers for Medicare & Medicaid Services (CMS).",2018-06-28T17:04:56Z,US,270921,5150,False,2026-03-05T18:34:22Z,PT47M58S,2878,en-US,en-US,false,no_captions_reported,,,,public,False,94,0,0,0,True,1,does Medicare cover colon cancer screening,5,colorectal cancer screening (clinical),colorectal cancer screening (clinical)|UCscLmgYJDEJ8Zh2_r_SivUw,False,"[{""cancer_domain"": ""colon"", ""search_query"": ""does Medicare cover colon cancer screening"", ""rank"": 5, ""contributor"": ""Yule"", ""source"": ""American Cancer Society"", ""scope_category"": ""Pre-screening education""}]"
batch-yule-colon-001,2026-09-28T00:11:04.741918+00:00,RbosEbs2Uiw,https://www.youtube.com/watch?v=RbosEbs2Uiw,Positive Cologuard Test? Will Medicare Cover a Colonoscopy?,"Got a positive Cologuard Test result? Here’s what to know. Medicare Part B does cover a follow-up colonoscopy—but it’s considered diagnostic, not screening.

That means you may need to pay the Part B deductible and around 20% coinsurance. Costs can vary depending on your plan and facility, especially with Medicare Advantage.

Understanding this difference can help you avoid unexpected medical bills.

📞 Call 833-349-5594 or visit NewMedicare.com to check your exact coverage today.

Medicare colonoscopy after Cologuard • diagnostic colonoscopy cost Medicare • Medicare Part B colonoscopy coverage • Cologuard positive next steps • Medicare Advantage colonoscopy cost • colon cancer screening Medicare

#Medicare #Colonoscopy #Cologuard #HealthcareCosts #PreventiveCare #MedicareBenefits #HealthScreening #NewMedicare",UCRfKN_6Dv3OyA8-xrTlndOQ,New Medicare,"Looking for the best Medicare plans for 2025? Whether it’s Medicare Advantage, Part D, or Medigap, NewMedicare helps seniors 65+ compare plans, find affordable coverage, and make smart healthcare decisions.

With Open Enrollment in October, now’s the time to choose the right plan for your needs—subscribe for step-by-step guidance, plan updates, and cost-saving tips!

🌐 NewMedicare.com | 📞 833-349-5594

#Medicare #MedicarePlans #MedicareEnrollment #MedicareAdvantage #MedigapPlans #SeniorHealth #AffordableHealthcare
",2023-10-25T19:38:05.328197Z,US,59314,116,False,2026-03-20T23:18:55Z,PT36S,36,en,en,false,no_captions_reported,,,,public,False,266,5,0,0,True,2,does Medicare cover colon cancer screening,6,positive cologuard test? will medicare cover a colonoscopy?,positive cologuard test? will medicare cover a colonoscopy?|UCRfKN_6Dv3OyA8-xrTlndOQ,True,"[{""cancer_domain"": ""colon"", ""search_query"": ""does Medicare cover colon cancer screening"", ""rank"": 6, ""contributor"": ""Yule"", ""source"": ""American Cancer Society"", ""scope_category"": ""Pre-screening education""}, {""cancer_domain"": ""colon"", ""search_query"": ""does Medicaid cover a colonoscopy"", ""rank"": 9, ""contributor"": ""Yule"", ""source"": ""American Cancer Society"", ""scope_category"": ""Pre-screening education""}]"
batch-yule-colon-001,2026-09-28T00:11:04.741918+00:00,pvLdSNyTUJs,https://www.youtube.com/watch?v=pvLdSNyTUJs,Colon Cancer and Medicare,"Read the full article here: https://www.medicareformen.com/health-conditions/colon-cancer-and-medicare

Colon cancer and Medicare can feel complicated, especially when screening, diagnosis, treatment, and drug coverage all follow different rules. In this video, we walk through the big picture in plain language so it feels easier to follow.

You’ll learn how Medicare may cover colon cancer screening, including colonoscopy and other approved screening tests, when care shifts from preventive screening to diagnostic testing, and how treatment coverage can change depending on whether care is inpatient or outpatient. We also explain the difference between Part B and Part D for colon cancer medications, along with a few common coverage surprises people may not expect.

This video also covers important watch-outs, including follow-up colonoscopy rules after a positive covered screening test, observation versus inpatient hospital status, skilled nursing facility eligibility, and how Medicare Advantage plan rules can affect access, timing, and costs.

Topics covered:

Colon cancer screening and prevention
Medicare-covered colon cancer screening
Colon cancer diagnosis under Medicare
Surgery, chemotherapy, and radiation coverage
Colon cancer medications
Part B vs. Part D drug coverage
Recovery support and post-acute care
What Medicare may not fully cover

This video is for educational purposes only. Medicare coverage can vary based on medical need, care setting, and plan rules. Always confirm coverage details with Medicare, your doctor, your hospital, and your Medicare plan.",UCJucaX9GWhkTuJF117SwF3g,Medicare for Men,Educational Medicare resources to help you understand coverage basics and Men's Health Conditions. Plus practical tips on what questions to ask providers and what to confirm with your plan.,2026-03-10T21:34:54.498176Z,US,854,3,False,2026-04-29T16:01:30Z,PT4M36S,276,en-US,en-US,false,no_captions_reported,,,,public,False,18,0,0,0,True,1,does Medicare cover colon cancer screening,7,colon cancer and medicare,colon cancer and medicare|UCJucaX9GWhkTuJF117SwF3g,False,"[{""cancer_domain"": ""colon"", ""search_query"": ""does Medicare cover colon cancer screening"", ""rank"": 7, ""contributor"": ""Yule"", ""source"": ""American Cancer Society"", ""scope_category"": ""Pre-screening education""}]"
batch-yule-colon-001,2026-09-28T00:11:04.741918+00:00,gy2P4yIfojg,https://www.youtube.com/watch?v=gy2P4yIfojg,Is Colon Cancer Screening Covered by Insurance?,"Many people delay colon cancer screening because they’re unsure about insurance coverage. In this video, gastroenterologist Dr. Stephen Amann explains that colon cancer screening is a widely recognized preventive service — and most insurance plans, including Medicare, now cover it.

If you don’t get a clear answer, don’t hesitate to ask questions and talk with your health care provider.

Learn more about colon cancer screening and next steps:

👉 https://bit.ly/4uELVuw

#ColonCancerAwarenessMonth #GetScreened #PreventiveCare #HealthInsurance #GIHealth",UCoefI8b288OP60maJE4tr3Q,North Mississippi Health Services,"We don’t just see patients. We see you.
With the largest network of health services in north Mississippi and north Alabama, we treat our friends and neighbors in the communities we call home. We never lose sight of what matters most: you. Our goal is to provide convenient access to care that makes you feel recognized, respected and valued. NMHS has delivered clinical excellence and personalized, compassionate care for more than 100 years. From everyday care to highly specialized services, we are driving toward a healthier tomorrow for our patients and our community.
",2008-03-08T16:36:09Z,US,928989,1550,False,2026-03-26T17:12:43Z,PT47S,47,en,en,true,captions_reported_available,,,,public,False,65,0,0,0,True,1,does Medicare cover colon cancer screening,8,is colon cancer screening covered by insurance?,is colon cancer screening covered by insurance?|UCoefI8b288OP60maJE4tr3Q,False,"[{""cancer_domain"": ""colon"", ""search_query"": ""does Medicare cover colon cancer screening"", ""rank"": 8, ""contributor"": ""Yule"", ""source"": ""American Cancer Society"", ""scope_category"": ""Pre-screening education""}]"
batch-yule-colon-001,2026-09-28T00:11:04.741918+00:00,cAybIJKCNDg,https://www.youtube.com/watch?v=cAybIJKCNDg,Does Medicare Cover Colon Cancer Screening? What Seniors Need to Know,"Colon cancer screening covered by Medicare? Here’s what to know. 🏥

Medicare may cover preventive colonoscopies and screenings when guidelines are met, helping detect early warning signs like bowel changes, bleeding, fatigue, or unexplained weight loss. Early detection protects your health and can reduce long-term medical costs.

If symptoms persist or you’re due for screening, reviewing your Medicare coverage options now can make a big difference. Don’t wait until problems grow.

📲 Visit NewMedicare.com or call (833) 349-5594 for help reviewing your coverage today.

#ColonCancerScreening #MedicareCoverage #PreventiveCare #MedicareBenefits #SeniorHealth #CancerScreening #NewMedicare #MedicareHelp #HealthAwareness

SEO keywords:
Medicare colonoscopy coverage, colon cancer screening Medicare, preventive colonoscopy Medicare rules, Medicare preventive services, colon cancer early detection seniors, NewMedicare coverage help",UCRfKN_6Dv3OyA8-xrTlndOQ,New Medicare,"Looking for the best Medicare plans for 2025? Whether it’s Medicare Advantage, Part D, or Medigap, NewMedicare helps seniors 65+ compare plans, find affordable coverage, and make smart healthcare decisions.

With Open Enrollment in October, now’s the time to choose the right plan for your needs—subscribe for step-by-step guidance, plan updates, and cost-saving tips!

🌐 NewMedicare.com | 📞 833-349-5594

#Medicare #MedicarePlans #MedicareEnrollment #MedicareAdvantage #MedigapPlans #SeniorHealth #AffordableHealthcare
",2023-10-25T19:38:05.328197Z,US,59314,116,False,2026-02-11T22:49:46Z,PT31S,31,en,,false,no_captions_reported,,,,public,False,18,0,0,0,True,1,does Medicare cover colon cancer screening,9,does medicare cover colon cancer screening? what seniors need to know,does medicare cover colon cancer screening? what seniors need to know|UCRfKN_6Dv3OyA8-xrTlndOQ,False,"[{""cancer_domain"": ""colon"", ""search_query"": ""does Medicare cover colon cancer screening"", ""rank"": 9, ""contributor"": ""Yule"", ""source"": ""American Cancer Society"", ""scope_category"": ""Pre-screening education""}]"
batch-yule-colon-001,2026-09-28T00:11:04.741918+00:00,uZYQ1r57OuU,https://www.youtube.com/watch?v=uZYQ1r57OuU,Positive Cologuard Test? Will Medicare Cover a Colonoscopy?,"Got a positive Cologuard Test result? Here’s what to know. Medicare Part B does cover a follow-up colonoscopy—but it’s considered diagnostic, not screening.

That means you may need to pay the Part B deductible and around 20% coinsurance. Costs can vary depending on your plan and facility, especially with Medicare Advantage.

Understanding this difference can help you avoid unexpected medical bills.

📞 Call 833-349-5594 or visit NewMedicare.com to check your exact coverage today.

Medicare colonoscopy after Cologuard • diagnostic colonoscopy cost Medicare • Medicare Part B colonoscopy coverage • Cologuard positive next steps • Medicare Advantage colonoscopy cost • colon cancer screening Medicare

#Medicare #Colonoscopy #Cologuard #HealthcareCosts #PreventiveCare #MedicareBenefits #HealthScreening #NewMedicare",UCRfKN_6Dv3OyA8-xrTlndOQ,New Medicare,"Looking for the best Medicare plans for 2025? Whether it’s Medicare Advantage, Part D, or Medigap, NewMedicare helps seniors 65+ compare plans, find affordable coverage, and make smart healthcare decisions.

With Open Enrollment in October, now’s the time to choose the right plan for your needs—subscribe for step-by-step guidance, plan updates, and cost-saving tips!

🌐 NewMedicare.com | 📞 833-349-5594

#Medicare #MedicarePlans #MedicareEnrollment #MedicareAdvantage #MedigapPlans #SeniorHealth #AffordableHealthcare
",2023-10-25T19:38:05.328197Z,US,59314,116,False,2026-03-20T23:15:25Z,PT36S,36,en,,false,no_captions_reported,,,,public,False,85,0,0,0,True,2,does Medicare cover colon cancer screening,10,positive cologuard test? will medicare cover a colonoscopy?,positive cologuard test? will medicare cover a colonoscopy?|UCRfKN_6Dv3OyA8-xrTlndOQ,True,"[{""cancer_domain"": ""colon"", ""search_query"": ""does Medicare cover colon cancer screening"", ""rank"": 10, ""contributor"": ""Yule"", ""source"": ""American Cancer Society"", ""scope_category"": ""Pre-screening education""}, {""cancer_domain"": ""colon"", ""search_query"": ""does Medicaid cover a colonoscopy"", ""rank"": 10, ""contributor"": ""Yule"", ""source"": ""American Cancer Society"", ""scope_category"": ""Pre-screening education""}]"
batch-yule-colon-001,2026-09-28T00:11:04.741918+00:00,CntB8GSFY6c,https://www.youtube.com/watch?v=CntB8GSFY6c,Medicare covers a free preventative colonoscopy every 10 years if you are not at high risk for those,Medicare covers a free preventative colonoscopy every 10 years if you are not at high risk for those people that are at high risk because they’ve had polyps in the past or they have a family risk. Medicare will pay for a colonoscopy every two years this video is not about the colonoscopy. It’s about the potential lab cost on a preventative colonoscopy that you might have to pay out of pocket,UCQ6ofuFkAtV9Uf5rV_16Qiw,The Medicare Family,"Medicare doesn't have to be so confusing...or boring! At The Medicare Family we cover Medicare, Social Security, and Breaking News affecting your retirement so you can make the BEST decisions for your future. 

Our family helps you find the best Medicare plans. As an independent insurance agency, we represent 30+ of the top companies in the nation. This allows us to shop hundreds of different Medicare plans for you, so that you get the right coverage for your unique situation. 

Our service is 100% free and you never pay extra to work with us.

We are licensed in all 50 states.

✅ To learn more about Medicare & schedule an appointment with us, visit us here: https://themedicarefamily.com

✅ To join our Q&A group on Facebook, visit us here: https://www.facebook.com/groups/themedicarefamily

✅ To view our shorter videos on TikTok, visit us here: https://www.tiktok.com/@themedicarefamily

Be sure to subscribe to our YouTube channel for updates on our NEW videos posted each week!
",2019-05-04T21:03:27Z,US,60753486,200000,False,2025-05-31T00:24:52Z,PT58S,58,en,en,false,no_captions_reported,,,,public,False,48583,1334,47,0,True,1,does Medicaid cover a colonoscopy,1,medicare covers a free preventative colonoscopy every 10 years if you are not at high risk for those,medicare covers a free preventative colonoscopy every 10 years if you are not at high risk for those|UCQ6ofuFkAtV9Uf5rV_16Qiw,False,"[{""cancer_domain"": ""colon"", ""search_query"": ""does Medicaid cover a colonoscopy"", ""rank"": 1, ""contributor"": ""Yule"", ""source"": ""American Cancer Society"", ""scope_category"": ""Pre-screening education""}]"
batch-yule-colon-001,2026-09-28T00:11:04.741918+00:00,CORgTddMJiE,https://www.youtube.com/watch?v=CORgTddMJiE,Does Medicare Pay For A Colonoscopy?,"Colorectal cancer is the third leading cause of cancer-related deaths in the United States.

Colonoscopies are important screenings that help in the early detection and prevention of colorectal cancer, especially as we get older.

Original Medicare, which consists of Part A (Hospital Insurance) and Part B (Medical Insurance), will pay for your colonoscopy.

If you’re identified as high-risk for colorectal cancer, Medicare covers colonoscopy screenings every 2 years. This allows for frequent monitoring and early detection of potential issues.

If you’re not considered high-risk, Medicare offers coverage for a colonoscopy once every 10 years, or once every 2 years if you've previously undergone a flexible sigmoidoscopy.

For more information about Medicare, please speak with a Senior Healthcare Solutions Medicare expert today at 866-633-4427.

Blog post: https://seniorhealthcaresolutions.com/blog/does-medicare-pay-for-a-colonoscopy/",UCZiZjgwOcp37i_iXBd6lb1g,Medicare with Ken,"Our company was founded in 2014. . There are a lot of agencies that will sell you a policy, but at Senior HealthCare Solutions, we want to do more than just sell you a policy, we want to service your Medicare insurance needs for life. Become part of our family and a client for life.

We are a national award-winning insurance agency that focuses on providing you with the best possible Medicare plans that meet your needs and budget. Our services are 100% free to you. We are compensated by the insurance companies. We offer over 25+ top rated insurance carriers bringing a wide range of policies and pricing to you.",2014-08-05T16:20:24Z,US,660575,2510,False,2023-07-18T19:01:21Z,PT1M1S,61,en,en-US,false,no_captions_reported,,,,public,False,1491,14,0,0,True,1,does Medicaid cover a colonoscopy,3,does medicare pay for a colonoscopy?,does medicare pay for a colonoscopy?|UCZiZjgwOcp37i_iXBd6lb1g,False,"[{""cancer_domain"": ""colon"", ""search_query"": ""does Medicaid cover a colonoscopy"", ""rank"": 3, ""contributor"": ""Yule"", ""source"": ""American Cancer Society"", ""scope_category"": ""Pre-screening education""}]"
batch-yule-colon-001,2026-09-28T00:11:04.741918+00:00,j3v8Hb-7vR0,https://www.youtube.com/watch?v=j3v8Hb-7vR0,Medicaid Expansion Boosts Cancer Screenings,Medicaid Expansion Boosts Cancer Screenings,UCeu1N74PUB5qo5qbx3aSgdw,LEX News,"LEX 18 News is the leading news and information provider in Central Kentucky. LEX 18 News offers the most compelling and comprehensive coverage on-air, online and through mobile technologies.",2009-02-13T16:00:21Z,US,34305625,49900,False,2019-04-05T11:13:48Z,PT42S,42,en,en,true,captions_reported_available,,,,public,False,102,2,0,0,True,1,does Medicaid cover a colonoscopy,4,medicaid expansion boosts cancer screenings,medicaid expansion boosts cancer screenings|UCeu1N74PUB5qo5qbx3aSgdw,False,"[{""cancer_domain"": ""colon"", ""search_query"": ""does Medicaid cover a colonoscopy"", ""rank"": 4, ""contributor"": ""Yule"", ""source"": ""American Cancer Society"", ""scope_category"": ""Pre-screening education""}]"
batch-yule-colon-001,2026-09-28T00:11:04.741918+00:00,EFsL5bJInAY,https://www.youtube.com/watch?v=EFsL5bJInAY,"Insurance, including Medicare typically considers all follow up colonoscopies after you’ve had","Insurance, including Medicare typically considers all follow up colonoscopies after you’ve had something discovered during a colonoscopy as a surveillance or a diagnostic colonoscopy, and not a screening a purely preventative service, which is typically free under most types of insurance, including Medicare.",UCQ6ofuFkAtV9Uf5rV_16Qiw,The Medicare Family,"Medicare doesn't have to be so confusing...or boring! At The Medicare Family we cover Medicare, Social Security, and Breaking News affecting your retirement so you can make the BEST decisions for your future. 

Our family helps you find the best Medicare plans. As an independent insurance agency, we represent 30+ of the top companies in the nation. This allows us to shop hundreds of different Medicare plans for you, so that you get the right coverage for your unique situation. 

Our service is 100% free and you never pay extra to work with us.

We are licensed in all 50 states.

✅ To learn more about Medicare & schedule an appointment with us, visit us here: https://themedicarefamily.com

✅ To join our Q&A group on Facebook, visit us here: https://www.facebook.com/groups/themedicarefamily

✅ To view our shorter videos on TikTok, visit us here: https://www.tiktok.com/@themedicarefamily

Be sure to subscribe to our YouTube channel for updates on our NEW videos posted each week!
",2019-05-04T21:03:27Z,US,60753486,200000,False,2025-06-14T22:29:02Z,PT59S,59,en,en,false,no_captions_reported,,,,public,False,6057,290,18,0,True,1,does Medicaid cover a colonoscopy,5,"insurance, including medicare typically considers all follow up colonoscopies after you’ve had","insurance, including medicare typically considers all follow up colonoscopies after you’ve had|UCQ6ofuFkAtV9Uf5rV_16Qiw",False,"[{""cancer_domain"": ""colon"", ""search_query"": ""does Medicaid cover a colonoscopy"", ""rank"": 5, ""contributor"": ""Yule"", ""source"": ""American Cancer Society"", ""scope_category"": ""Pre-screening education""}]"
batch-yule-colon-001,2026-09-28T00:11:04.741918+00:00,VR0CcXIj-_8,https://www.youtube.com/watch?v=VR0CcXIj-_8,How To Get A Colonoscopy Covered By Insurance? - Doctor Specialties Explained,"How To Get A Colonoscopy Covered By Insurance? Are you wondering how health insurance covers a colonoscopy and what steps you need to take to avoid unexpected costs? In this informative video, we’ll explain everything you need to know about insurance coverage for colonoscopies. We’ll start by differentiating between screening and diagnostic colonoscopies and explain how each type is classified under different insurance policies. 

You’ll learn about the rules set by the Affordable Care Act and Medicare regarding coverage, including at what age screenings are typically covered and what costs might be involved if polyps are found and removed. We’ll discuss how insurance companies may reclassify procedures from screening to diagnostic, and what that means for your potential out-of-pocket expenses. 

Additionally, we’ll share tips on how to confirm your coverage before scheduling your procedure, including the importance of communicating with your healthcare provider and insurance company. We’ll also cover special considerations for those under forty-five or with higher risk factors, and how Medicaid and other plans handle coverage. 

By understanding these key points and working closely with your medical team, you can help ensure your colonoscopy is fully covered, allowing you to focus on your health without financial worries. Join us for this essential guide and subscribe for more helpful health insurance tips. 

🔗H

⬇️ Subscribe to our channel for more valuable insights.

🔗Subscribe: https://www.youtube.com/@DoctorSpecialtiesExplained/?sub_confirmation=1 

#HealthInsurance #ColonCancerPrevention #MedicalCoverage #InsuranceTips #PreventiveCare #Medicare #Medicaid #HealthScreenings #MedicalBills #HealthCoverage #InsuranceClaims #PreventiveHealth #HealthcareTips #MedicalProcedures #InsuranceGuide 

About Us: Welcome to Doctor Specialties Explained! Our channel is dedicated to providing clear and informative content about various medical specialties. Whether you're curious about the roles of a Primary Care Physician, Pediatrician, Cardiologist, Dermatologist, Neurologist, Oncologist, Orthopedic Surgeon, Psychiatrist, Endocrinologist, Gastroenterologist, OB-GYN, Urologist, Rheumatologist, Pulmonologist, or Infectious Disease Specialist, we cover the essentials and answer common questions related to each field.",UC5ydZoYS_qgBOLarhJ5iuoQ,Doctor Specialties Explained,"Welcome to Doctor Specialties Explained! Our channel is dedicated to providing clear and informative content about various medical specialties. Whether you're curious about the roles of a Primary Care Physician, Pediatrician, Cardiologist, Dermatologist, Neurologist, Oncologist, Orthopedic Surgeon, Psychiatrist, Endocrinologist, Gastroenterologist, OB-GYN, Urologist, Rheumatologist, Pulmonologist, or Infectious Disease Specialist, we cover the essentials and answer common questions related to each field.

Our aim is to make medical information accessible and easy to understand, ensuring you have the knowledge you need.

DISCLAIMER: This content is independently created by us and is not affiliated with any brands, products, or organizations mentioned. All trademarks belong to their respective owners. For current information, please refer to official sources. The information presented is for educational purposes only and should not be considered professional advice.
",2025-04-11T14:15:29.279076Z,US,28965,109,False,2025-09-01T09:57:54Z,PT3M26S,206,en,,false,no_captions_reported,,,,public,False,41,1,0,0,True,1,does Medicaid cover a colonoscopy,6,how to get a colonoscopy covered by insurance? - doctor specialties explained,how to get a colonoscopy covered by insurance? - doctor specialties explained|UC5ydZoYS_qgBOLarhJ5iuoQ,False,"[{""cancer_domain"": ""colon"", ""search_query"": ""does Medicaid cover a colonoscopy"", ""rank"": 6, ""contributor"": ""Yule"", ""source"": ""American Cancer Society"", ""scope_category"": ""Pre-screening education""}]"
batch-yule-colon-001,2026-09-28T00:11:04.741918+00:00,2NUJqchVLyc,https://www.youtube.com/watch?v=2NUJqchVLyc,Will My Insurance Cover My Colonoscopy? - Colon Health Channel,"Will My Insurance Cover My Colonoscopy? Are you curious about how health insurance may cover your colonoscopy and what factors can influence costs? In this informative video, we'll explain everything you need to know about insurance coverage for colonoscopy procedures. We’ll start by discussing the difference between screening and diagnostic colonoscopies and how each type is covered by most health plans, including those under the Affordable Care Act. You'll learn about the age recommendations for screening and how your personal risk factors, such as family history, can impact your screening schedule and potential costs. We’ll also cover how Medicare and private insurance plans handle coverage, especially when polyps are removed or biopsies are taken during the procedure. Additionally, we’ll explain what to expect if your stool-based tests indicate the need for a follow-up colonoscopy and how coverage rules may vary with different insurance types, such as Medicaid or Medicare Advantage plans. To help you navigate your options, we recommend always verifying your coverage details directly with your insurance provider before scheduling your appointment. Understanding your insurance benefits and discussing your personal health risks with your healthcare provider can ensure you receive the appropriate screening at the right time. Stay informed and proactive about your colon health—your future self will thank you.

⬇️ Subscribe to our channel for more valuable insights.

🔗Subscribe: https://www.youtube.com/@ColonHealthChannel/?sub_confirmation=1 

#ColonCancerAwareness #ColonHealth #Colonoscopy #HealthInsurance #MedicalCoverage #PreventiveCare #ScreeningGuidelines #ColorectalCancer #Medicare #PrivateInsurance #HealthTips #CancerPrevention #HealthEducation #MedicalInsurance #StayHealthy 

About Us: Welcome to the Colon Health Channel! Our mission is to provide essential information on colorectal health, focusing on topics like colorectal cancer symptoms, colon cancer screening, rectal cancer signs, and the stages of colorectal cancer. We also cover treatment options, risk factors, surgery for colorectal cancer, and living with the condition. Our friendly tone aims to make complex health issues more approachable for everyone. The content provided is for general informational and educational purposes only. It is not intended to substitute for professional medical advice, diagnosis, or treatment. Never disregard professional medical advice or delay seeking it because of something you have seen in this content. Never rely on this information in place of consulting with qualified healthcare professionals. The creators and distributors of this content are not responsible for any adverse effects or consequences resulting from the use of any suggestions, preparations, or procedures described in this material. Always consult with your healthcare provider before starting any new health-related practice or program.",UC9hvmN4dfcHQIH6NkO_sboQ,Colon Health Channel,"Welcome to the Colon Health Channel! Our mission is to provide essential information on colorectal health, focusing on topics like colorectal cancer symptoms, colon cancer screening, rectal cancer signs, and the stages of colorectal cancer. We also cover treatment options, risk factors, surgery for colorectal cancer, and living with the condition. Our friendly tone aims to make complex health issues more approachable for everyone.

DISCLAIMER: This content is independently created by Colon Health Channel and is presented for informational purposes only. We maintain no affiliation, partnership, or formal relationship with any individuals, organizations, companies, or products featured in this content. All trademarks and brand names mentioned are acknowledged as the property of their respective owners. While we strive for accuracy, we encourage viewers to verify current information through official channels and authorized sources.
",2025-03-31T18:21:13.875811Z,US,196112,448,False,2025-11-15T16:13:03Z,PT2M50S,170,en,,false,no_captions_reported,,,,public,False,24,0,0,0,True,1,does Medicaid cover a colonoscopy,7,will my insurance cover my colonoscopy? - colon health channel,will my insurance cover my colonoscopy? - colon health channel|UC9hvmN4dfcHQIH6NkO_sboQ,False,"[{""cancer_domain"": ""colon"", ""search_query"": ""does Medicaid cover a colonoscopy"", ""rank"": 7, ""contributor"": ""Yule"", ""source"": ""American Cancer Society"", ""scope_category"": ""Pre-screening education""}]"
batch-yule-colon-001,2026-09-28T00:11:04.741918+00:00,AYJdYk-tK9I,https://www.youtube.com/watch?v=AYJdYk-tK9I,UCSF Radiology: Why Virtual Colonoscopy Coverage is Denied by Medicare,UCSF Radiologist Dr. Judy Yee explains the reasons why Medicare and Medicaid deny coverage for virtual colonoscopy (CT colonography).,UC7VzuH1Y_llQhHZk5JAR9gQ,UCSF Imaging,"Welcome to UCSF Department of Radiology & Biomedical Imaging's channel. UCSF has leading, world-renowned radiologists who have the most in-depth experience in both complex and everyday diseases, research-based protocols and the latest technology to ""see,"" detect and diagnose abnormalities.

We hope that the UCSF Radiology channel will help you to better participate with your health care providers in making informed decisions about your care. It is not a substitute for appropriate professional medical treatment or diagnosis. Always seek the advice of your physician with any questions you may have regarding a medical condition. Never disregard professional medical advice or delay in seeking it because of something you have read on this site.

Neither the Board of Regents nor its officers, agents or employees assume any legal liability or responsibility for the accuracy, completeness or usefulness of any information, apparatus, product or medical procedure described.",2010-06-16T20:49:43Z,,1797138,4650,False,2012-08-03T23:05:04Z,PT5M34S,334,en,en,false,no_captions_reported,,,,public,False,1546,7,,0,True,1,does Medicaid cover a colonoscopy,8,ucsf radiology: why virtual colonoscopy coverage is denied by medicare,ucsf radiology: why virtual colonoscopy coverage is denied by medicare|UC7VzuH1Y_llQhHZk5JAR9gQ,False,"[{""cancer_domain"": ""colon"", ""search_query"": ""does Medicaid cover a colonoscopy"", ""rank"": 8, ""contributor"": ""Yule"", ""source"": ""American Cancer Society"", ""scope_category"": ""Pre-screening education""}]"
batch-yule-colon-001,2026-09-28T00:11:04.741918+00:00,VkIZ-Vr-NDc,https://www.youtube.com/watch?v=VkIZ-Vr-NDc,Most common colon cancer symptom,"The most common symptom of colon cancer is none at all. If you’re 45 or older, or have a family history of colorectal cancer, get screened!

Take our free screening quiz and learn your screening options 👉 quiz.getscreened.org",UChk_2XJ0-AcqeSfvyBrAANA,Colorectal Cancer Alliance,"We are the Colorectal Cancer Alliance. A non-profit organization, working with our nation of passionate allies. We exist to screen, care, and cure colorectal (colon and rectal) cancer within our lifetime. Newly diagnosed or need support? Call our free Helpline at (877) 422-2030 or visit colorectalcancer.org.

",2009-01-14T21:33:27Z,US,22626665,19900,False,2024-06-12T22:30:15Z,PT16S,16,en,,false,no_captions_reported,,,,public,False,873025,6316,677,0,True,2,free colon cancer screening near me,1,most common colon cancer symptom,most common colon cancer symptom|UChk_2XJ0-AcqeSfvyBrAANA,False,"[{""cancer_domain"": ""colon"", ""search_query"": ""free colon cancer screening near me"", ""rank"": 1, ""contributor"": ""Yule"", ""source"": ""CDC"", ""scope_category"": ""Pre-screening education""}, {""cancer_domain"": ""colon"", ""search_query"": ""colon cancer screening for non-English speakers"", ""rank"": 1, ""contributor"": ""Yule"", ""source"": ""CDC"", ""scope_category"": ""Pre-screening education""}]"
batch-yule-colon-001,2026-09-28T00:11:04.741918+00:00,1mC3kALoniQ,https://www.youtube.com/watch?v=1mC3kALoniQ,How to do the free test – National Bowel Cancer Screening Program,"Eligible Australians aged 45 to 74 can do the free National Bowel Cancer Screening Program test. Bowel cancer screening can save your life, so do your test when you receive it in the mail. When found early, nine out of ten cases can be treated successfully.
 
For more information on bowel screening, visit www.health.gov.au/nbcsp.",UCf3BkFTwI4G1vMc6W-NpQNw,"Australian Dept of Health, Disability and Ageing","The official YouTube channel for the Australian Government Department of Health, Disability and Ageing - http://www.health.gov.au/",2014-11-17T21:54:11Z,AU,10324463,23500,False,2024-07-17T07:01:24Z,PT3M54S,234,en,en-GB,false,no_captions_reported,,,,public,False,251010,,,0,True,1,free colon cancer screening near me,3,how to do the free test – national bowel cancer screening program,how to do the free test – national bowel cancer screening program|UCf3BkFTwI4G1vMc6W-NpQNw,False,"[{""cancer_domain"": ""colon"", ""search_query"": ""free colon cancer screening near me"", ""rank"": 3, ""contributor"": ""Yule"", ""source"": ""CDC"", ""scope_category"": ""Pre-screening education""}]"
batch-yule-colon-001,2026-09-28T00:11:04.741918+00:00,89X9zFrVA_8,https://www.youtube.com/watch?v=89X9zFrVA_8,Colorectal cancer screening,Learn about the 2 types of screening tests for colorectal cancer – Fecal Immunochemical Test (FIT) and colonoscopy. You may be referred for a colonoscopy if you have an abnormal FIT result.,UCYSNDNB934__U_dJG9WDhVQ,MyHealth.Alberta.ca,"MyHealth.Alberta.ca is a Government of Alberta initiative in partnership with Alberta Health Services. Videos on the MyHealth.Alberta.ca channel were developed in consultation with Alberta health professionals.  

The MyHealth.Alberta.ca website provides a single source of trusted health information for Albertans.",2013-07-26T19:11:06Z,CA,2824423,12200,False,2023-11-21T00:16:18Z,PT4M21S,261,en,en,true,captions_reported_available,,,,public,False,25401,93,,0,True,2,free colon cancer screening near me,4,colorectal cancer screening,colorectal cancer screening|UCYSNDNB934__U_dJG9WDhVQ,False,"[{""cancer_domain"": ""colon"", ""search_query"": ""free colon cancer screening near me"", ""rank"": 4, ""contributor"": ""Yule"", ""source"": ""CDC"", ""scope_category"": ""Pre-screening education""}, {""cancer_domain"": ""colon"", ""search_query"": ""colon cancer screening for non-English speakers"", ""rank"": 4, ""contributor"": ""Yule"", ""source"": ""CDC"", ""scope_category"": ""Pre-screening education""}]"
batch-yule-colon-001,2026-09-28T00:11:04.741918+00:00,10BbrbBItGs,https://www.youtube.com/watch?v=10BbrbBItGs,Mailing Free Tests to Patients' Homes Boosts Colon Cancer Screening Rates | Kaiser Permanente,"Colon cancer is the second leading cause of cancer death in the US, but it doesn't have to be. With early screening most cancers of the colon and rectum are preventable, yet one out of every three Americans isn't adequately screened for colon cancer. Among uninsured, low-income and ethnic minorities, screening rates are even lower.  A new Kaiser Permanente study has found an innovative way to increase screening rates among these populations by almost 40 percent.  Find out more about the study published recently in the journal BMC Cancer.",UCqZdtT_o6xZbMkRbLZJ7Zvg,Kaiser Permanente,"Informative videos on wellness and healthy living from Kaiser Permanente, as well as inspirational true stories of life-changing care.

Founded in 1945, Kaiser Permanente is recognized as one of America’s leading health care providers and nonprofit health plans. We provide high-quality, affordable health care services to improve the health of our members and the communities we serve. 

Care for members and patients is focused on their total health and guided by their physicians, specialists, and caregivers. Our expert and caring medical teams are empowered and supported by industry-leading technology and tools for health promotion, disease prevention, state-of-the-art care delivery, and world-class chronic disease management. We’re committed to improving the future of health care – and caring for all that is you. 

Find out more at kaiserpermanente.org. 
",2008-08-14T19:31:49Z,US,132115108,65700,False,2014-02-25T23:12:48Z,PT3M14S,194,en,en,false,no_captions_reported,,,,public,False,2311,4,0,0,True,1,free colon cancer screening near me,6,mailing free tests to patients' homes boosts colon cancer screening rates | kaiser permanente,mailing free tests to patients' homes boosts colon cancer screening rates | kaiser permanente|UCqZdtT_o6xZbMkRbLZJ7Zvg,False,"[{""cancer_domain"": ""colon"", ""search_query"": ""free colon cancer screening near me"", ""rank"": 6, ""contributor"": ""Yule"", ""source"": ""CDC"", ""scope_category"": ""Pre-screening education""}]"
batch-yule-colon-001,2026-09-28T00:11:04.741918+00:00,hqKKTIpoTn8,https://www.youtube.com/watch?v=hqKKTIpoTn8,Colonoscopy | Dr. Paulien Moyaert,"Having a colonoscopy scheduled? Or just curious what actually happens during the procedure? In this video, I break it all down; what a colonoscopy is, why it’s done, how it helps prevent colon cancer, and what you can expect every step of the way.

We’ll talk about how polyps form, how they’re removed, and why catching them early matters. I also go over the prep process (yes, the laxatives), what to eat beforehand, and how to make it all a bit easier. Plus, I’ll explain what happens after the procedure and how your results guide follow-up care.

And if you’re interested, check out my other videos on colon cancer warning signs or how the digestive system works:
🔆 Colon cancer: https://youtu.be/F9w9WKNkJMQ
🔆 Digestive system: https://youtu.be/_T_vmcLyTzI

💥 LinkedIn: https://www.linkedin.com/in/paulien-moyaert-978911201/
💥 Instagram: https://www.instagram.com/dr.paulienmoyaert/
💥 Tiktok: https://www.tiktok.com/@drpaulienmoyaert",UCAFloV5cA8Pcrq454yVHqjA,Dr. Paulien Moyaert,"Are you also here because it seems that YouTube can explain things better than your teacher? You're not alone - welcome to the club!

I'm Dr. Paulien Moyaert, a former medical student, current PhD candidate, and nuclear medicine resident. Throughout my nine years of study, I’ve been educated by many renowned teachers. What I noticed year after year was that the more they knew about their field, the more difficult it seemed for them to explain things in a simple and understandable way.

This is why I made it my mission to make concise, simple videos about a variety of medical topics using 3D models, fancy powerpoint slides and even real video shots during surgeries. Hope you like it! Feel free to reach out, I’m always happy to hear from you. 
",2021-11-24T21:37:29.230003Z,BE,124961273,374000,False,2025-08-09T19:27:05Z,PT19S,19,en-CA,en,false,no_captions_reported,,,,public,False,1581059,6380,190,0,True,1,free colon cancer screening near me,7,colonoscopy | dr. paulien moyaert,colonoscopy | dr. paulien moyaert|UCAFloV5cA8Pcrq454yVHqjA,False,"[{""cancer_domain"": ""colon"", ""search_query"": ""free colon cancer screening near me"", ""rank"": 7, ""contributor"": ""Yule"", ""source"": ""CDC"", ""scope_category"": ""Pre-screening education""}]"
batch-yule-colon-001,2026-09-28T00:11:04.741918+00:00,zXE7rexUCeI,https://www.youtube.com/watch?v=zXE7rexUCeI,Colorectal Cancer Screening: What to Expect,"Everyone over the age of 50 should be screened for colorectal cancer. Learn about the three screening methods that work to reduce the chance of death from colorectal cancer: colonoscopy, sigmoidoscopy, and home stool test. Also hear personal stories from people who have gone through colorectal cancer screening.

Audio described version: https://youtu.be/9pnREEtPWVY 

https://www.cancer.gov/research/progress/discovery/gutcheck-intro-video",UCRVdFy0DLWhIApG8LWDzV1w,National Cancer Institute,"Welcome! The National Cancer Institute (NCI) is the U.S. government's lead agency for cancer research and is part of the National Institutes of Health (NIH). Videos on this channel introduce you to research that NCI supports and connects you to our research-based information resources.  

We welcome comments; however, we will post them after review to make sure they conform to our comment policy.  Also, we encourage you to read our privacy policy.

Reuse Restrictions: You may embed our videos on your website as long as you credit the National Cancer Institute. Unless otherwise indicated, you may not modify our videos in any way – copyright remains with the National Cancer Institute. 

One exception: our b-roll videos are in the public domain and may be downloaded, reused, and modified without restriction – please credit the National Cancer Institute. You may download b-roll files from NCI Visuals Online (visualsonline.cancer.gov).",2009-08-18T17:03:03Z,US,5007099,35100,False,2019-03-20T13:59:38Z,PT2M40S,160,en,en,false,no_captions_reported,,,,public,False,13693,42,0,0,True,2,free colon cancer screening near me,8,colorectal cancer screening: what to expect,colorectal cancer screening: what to expect|UCRVdFy0DLWhIApG8LWDzV1w,False,"[{""cancer_domain"": ""colon"", ""search_query"": ""free colon cancer screening near me"", ""rank"": 8, ""contributor"": ""Yule"", ""source"": ""CDC"", ""scope_category"": ""Pre-screening education""}, {""cancer_domain"": ""colon"", ""search_query"": ""colon cancer screening for non-English speakers"", ""rank"": 5, ""contributor"": ""Yule"", ""source"": ""CDC"", ""scope_category"": ""Pre-screening education""}]"
batch-yule-colon-001,2026-09-28T00:11:04.741918+00:00,3vX5PnnbNSw,https://www.youtube.com/watch?v=3vX5PnnbNSw,Dr. Robert Hollis: UAB offering free colonoscopy screenings,"Dr. Robert Hollis: UAB offering free colonoscopy screenings

SUBSCRIBE AND TURN ON NOTIFICATIONS
https://www.youtube.com/c/WBRCFOX6NewsOnYourSide

CONNECT WITH US ON SOCIAL MEDIA!
Like WBRC FOX6 News on Facebook: https://bit.ly/3s1fN64
Follow WBRC FOX6 News on Instagram: https://bit.ly/3sUha5s
Follow WBRC FOX6 News on Twitter: https://bit.ly/3I1LwJZ
Follow WBRC FOX6 News on LinkedIn: https://bit.ly/3h2ogzi
Follow WBRC FOX6 News on TikTok: https://bit.ly/42flTi6",UCBzcofRMvb-Dao4OM-NnxdQ,WBRC 6 News,"WBRC 6 News is a Gray Media television station in Birmingham, Alabama. We're On Your Side with timely reporting on local and breaking news including crime, public safety, and community events. We are your source for First Alert Weather and traffic. ",2021-04-29T15:49:26.743469Z,US,51391976,83300,False,2024-06-06T19:17:04Z,PT3M48S,228,en,en,true,captions_reported_available,,,,public,False,56,1,1,0,True,1,free colon cancer screening near me,9,dr. robert hollis: uab offering free colonoscopy screenings,dr. robert hollis: uab offering free colonoscopy screenings|UCBzcofRMvb-Dao4OM-NnxdQ,False,"[{""cancer_domain"": ""colon"", ""search_query"": ""free colon cancer screening near me"", ""rank"": 9, ""contributor"": ""Yule"", ""source"": ""CDC"", ""scope_category"": ""Pre-screening education""}]"
batch-yule-colon-001,2026-09-28T00:11:04.741918+00:00,JlcNgY6qNUU,https://www.youtube.com/watch?v=JlcNgY6qNUU,Screening for Colorectal Cancer,"MEDICAL ANIMATION TRANSCRIPT:  Screening for colorectal cancer means looking for signs of cancer in your large intestine before you have symptoms. Screening can help find cancer at an early stage. This can make treating it easier because the cancer might not have spread. Screening for colorectal cancer is recommended for everyone, beginning at age 45. You may need screening earlier and more often if you or your family has a history of colorectal cancer or diseases that inflame your bowel. Some tests screen for colorectal cancer by looking inside your large intestine. These tests include sigmoidoscopy, colonoscopy, and colonography. A sigmoidoscopy views the lower third of your large intestine using a camera on the end of a flexible tube. The tube is inserted through your anus into your large intestine to look for polyps and other signs of cancer. A colonoscopy also views your large intestine using a similar camera, but it looks along the entire length of your large intestine for polyps or other signs of cancer. A colonography, also known as virtual colonoscopy, uses CT scans of your large intestine. A computer uses the scans to make a three-dimensional view inside your large intestine to look for signs of cancer. Other tests screen for colorectal cancer by looking at your stools or feces. Fecal blood tests look for traces of blood in stool samples. These tests are often done in combination with the sigmoidoscopy. Blood in your stool may be a sign of polyps in your colon or cancer. However, stool blood may have other causes that aren't cancer. Talk to your healthcare provider about what your test results mean. In a stool DNA test, a stool sample is checked for abnormal DNA from polyps or cancer. If you have questions about these tests or your test results, talk to your doctor.

#ColorectalCancer  #ColonCancer  #CancerScreening

ANH17198",UC85VW73bQLEjs_taFKP7TwQ,Nucleus Medical Media,"Watching Nucleus Medical Media's animations is a faster way for you to learn health and science. Faster than reading, lectures, or even talking to your doctor. Please subscribe to join over one billion viewers who have made smarter and healthier decisions by watching Nucleus animations.  

If you work for a business and want to license any of the animations on this channel, please contact us at http://bit.ly/NucleusHealth 

If you are a librarian, educator or corporations who would like to use all the animations on this channel (and 22,000+ images) for non-public, educational purposes, please check out subscription plans for the Nucleus Medical Art Library at https://nmal.nucleusmedicalmedia.com.

Nucleus Medical Media is headquartered in Kennesaw, Georgia in metro Atlanta.



",2007-02-02T14:18:01Z,US,2179233643,6900000,False,2023-06-13T14:00:09Z,PT2M27S,147,en,en,false,no_captions_reported,,,,public,False,49236,672,14,0,True,2,free colon cancer screening near me,10,screening for colorectal cancer,screening for colorectal cancer|UC85VW73bQLEjs_taFKP7TwQ,False,"[{""cancer_domain"": ""colon"", ""search_query"": ""free colon cancer screening near me"", ""rank"": 10, ""contributor"": ""Yule"", ""source"": ""CDC"", ""scope_category"": ""Pre-screening education""}, {""cancer_domain"": ""colon"", ""search_query"": ""colon cancer screening for non-English speakers"", ""rank"": 7, ""contributor"": ""Yule"", ""source"": ""CDC"", ""scope_category"": ""Pre-screening education""}]"
batch-yule-colon-001,2026-09-28T00:11:04.741918+00:00,mWmn8NVtYSk,https://www.youtube.com/watch?v=mWmn8NVtYSk,Ballad Health: Why you should ask your doctor about colon cancer screenings,"One of the biggest steps in preventing and fighting colon cancer? Talking to your physician! 

David deRoos, DO, with Ballad Health Medical Associates Family Medicine and Internal Medicine, shares this important reminder during Colon Cancer Awareness Month. 

If you’re 45 years old or older, or if you have high risk factors or symptoms at any age, talk with your physician about getting tested. Your clinician is here to answer your questions and guide you to better help, so don’t hesitate!

Call your Ballad Health primary care physician to schedule an appointment. If you don’t have a primary care physician, call 833.8.BALLAD (225523) to connect with a doctor today, or visit balladhealth.org.",UCHnhL-yGkT7ABIj75hQ7lBg,Ballad Health,,2016-09-14T17:29:36Z,,468781,648,False,2023-03-24T16:57:57Z,PT46S,46,en,,false,no_captions_reported,,,,public,False,484,7,0,0,True,1,I don't have a primary care doctor — how do I get a colon cancer screening?,2,ballad health: why you should ask your doctor about colon cancer screenings,ballad health: why you should ask your doctor about colon cancer screenings|UCHnhL-yGkT7ABIj75hQ7lBg,False,"[{""cancer_domain"": ""colon"", ""search_query"": ""I don't have a primary care doctor — how do I get a colon cancer screening?"", ""rank"": 2, ""contributor"": ""Yule"", ""source"": ""American Cancer Society"", ""scope_category"": ""Pre-screening education""}]"
batch-yule-colon-001,2026-09-28T00:11:04.741918+00:00,_YC-jTNggmQ,https://www.youtube.com/watch?v=_YC-jTNggmQ,How is colon cancer diagnosed? | Norton Cancer Institute,"Michael F. Driscoll, M.D., medical oncologist with Norton Cancer Institute, answers the question, how is colon cancer diagnosed?

Colon cancer typically is diagnosed from some kind of clinical presentation. Most often times people will present with some kind of gastrointestinal bleeding usually either rectal bleeding or potentially dark tarry stools which we call melena. Sometimes people will have abdominal pain as well. Oftentimes if people present with these types of symptoms they'll either be referred to a gastroenterologist or maybe their primary care physician will set them up for a CAT scan of the abdomen. Let’s say if they get a CAT scan first they may find that there is a mass in the colon somewhere but that's not diagnostic of the cancer because you still need a pathologic specimen, which is a biopsy of the tissue. Invariably most people get referred to either a surgeon or a gastroenterologist where they get a colonoscopy. They get a colonoscopy and then typically they would find some abnormality - be either a mass or some abnormality - which is indicative of a cancer and they take a biopsy. That biopsy then gets to a pathologist and the pathologists will look at the tissue specimen underneath a microscope and they'll tell us if it's cancer and that so what kind. Typically it's adenocarcinoma. Staging is the next step. Staging typically involves CAT scans. We would get CAT scans usually at the abdomen and pelvis and oftentimes chest to make sure that the cancer hasn't spread anywhere else. Staging really kinda depends on what mode of treatment we'd undergo next. For most people we’re gonna check blood levels as well, tumor markers and then, once we stage it up, that tends to tell us what the patient then needs as far as treatment.

Learn more about colon cancer https://www.nortonhealthcare.com/colonhealth

Same-day appointments available
Should you be diagnosed with colon cancer, we know you will have many questions and want answers right away. We offer same-day appointments with a cancer specialist. Call (502) 629-HOPE for a same-day appointment.

https://nortonhealthcare.com/provider/michael-f-driscoll-md-hematologyoncology

https://nortonhealthcare.com/Pages/cancer.aspx",UCDDlENhQJEyOQS3ZVH65kzg,Norton Healthcare,"Welcome to the official YouTube channel for Norton Healthcare, a leading not-for-profit health care system serving Louisville, Southern Indiana and the surrounding communities.

Here, you’ll find inspiring patient stories, expert health advice, wellness tips, medical innovations, behind-the-scenes moments and the people who make compassionate care possible every day.

From heart and vascular care, neuroscience and cancer treatment to women’s health, orthopedics, pediatrics and primary care, Norton Healthcare is committed to helping our community live healthier lives.

Subscribe for:
• Patient stories and real recovery journeys
• Health and wellness education
• Expert insights from Norton Healthcare providers
• Medical breakthroughs and innovative treatments
• Community events and hospital updates
• Tips for living healthier at every age

Learn more about our services, providers and locations at NortonHealthcare.com.
",2007-10-11T18:05:14Z,US,58415296,119000,False,2013-11-14T19:11:19Z,PT2M11S,131,en,en,true,captions_reported_available,,,,public,False,14529,83,11,0,True,1,I don't have a primary care doctor — how do I get a colon cancer screening?,3,how is colon cancer diagnosed? | norton cancer institute,how is colon cancer diagnosed? | norton cancer institute|UCDDlENhQJEyOQS3ZVH65kzg,False,"[{""cancer_domain"": ""colon"", ""search_query"": ""I don't have a primary care doctor — how do I get a colon cancer screening?"", ""rank"": 3, ""contributor"": ""Yule"", ""source"": ""American Cancer Society"", ""scope_category"": ""Pre-screening education""}]"
batch-yule-colon-001,2026-09-28T00:11:04.741918+00:00,OCuGi8oVqwQ,https://www.youtube.com/watch?v=OCuGi8oVqwQ,"Colonoscopy Myths Busted: When, Why & How to Get Screened (Colorectal Cancer Facts)","Concerned about when to get a colonoscopy?  
Worried the prep is scary or you don’t need one because you feel fine?  

You’re not alone — and this video answers those exact questions.

In this video Gastroenterologist Pranav Periyalwar, MD, from National Jewish Health debunks some of the biggest myths about colonoscopies and explain what really happens before, during, and after the test. 

We cover:  

• The most common myths around colonoscopies (and the truth behind them)  
• What the cancer-risk factors really are for colorectal cancer  
• When average-risk adults should be screened (and when earlier screening makes sense)  
• What to expect before, during, and after the procedure  
• How to prepare & how to ask your doctor the right questions  

👉 Whether you’re approaching the recommended age for screening or just want to be informed, you’ll walk away knowing *why* a colonoscopy matters — and *when* it should happen.

Our goal is to help you feel informed, prepared, and confident about your health. Colonoscopies save lives — and understanding the truth can make taking that next step a lot easier.

Chapters: 
00:00 Intro & why screening matters 
00:35 Who’s most at risk 
02:20 Screening options (FIT, stool DNA, colonoscopy) 
04:10 How colonoscopy works & safety 
06:05 Symptoms you should not ignore 
07:10 Prevention habits that help 

🔔 Subscribe to the National Jewish Health channel for more trusted information from our experts.

Learn more on our website or talk to your primary care provider. Subscribe for more trusted, patient-friendly education and share this with someone who needs a nudge to screen.

https://www.nationaljewish.org/specialties/gastroenterology


#NationalJewishHealth #ColonHealth #ColonoscopyMyths #PreventiveCare #ColonCancerAwareness #PatientEducation",UChWLRXRic72g_lJ9YSrITMA,National Jewish Health,"National Jewish Health is the leading respiratory hospital in the nation. Founded 125 years ago as a nonprofit hospital, National Jewish Health today is the only facility in the world dedicated exclusively to groundbreaking medical research and treatment of patients with respiratory, cardiac, immune and related disorders. Patients and families come to National Jewish Health from around the world to receive cutting-edge, comprehensive, coordinated care. To learn more, visit http://www.njhealth.org.",2008-06-27T23:38:48Z,US,7782908,22400,False,2025-04-29T14:54:37Z,PT2M4S,124,en,en-US,true,captions_reported_available,,,,public,False,264,4,2,0,True,1,I don't have a primary care doctor — how do I get a colon cancer screening?,4,"colonoscopy myths busted: when, why & how to get screened (colorectal cancer facts)","colonoscopy myths busted: when, why & how to get screened (colorectal cancer facts)|UChWLRXRic72g_lJ9YSrITMA",False,"[{""cancer_domain"": ""colon"", ""search_query"": ""I don't have a primary care doctor — how do I get a colon cancer screening?"", ""rank"": 4, ""contributor"": ""Yule"", ""source"": ""American Cancer Society"", ""scope_category"": ""Pre-screening education""}]"
batch-yule-colon-001,2026-09-28T00:11:04.741918+00:00,mXifedSPAco,https://www.youtube.com/watch?v=mXifedSPAco,Colorectal Cancer Screening Awareness,Get Screened for Colon Cancer,UCmNK4_SS2GYthxlbubjGj0g,AdventHealth,"This is your community. Your health and wellness hub. Your support group of an entire network — all working together to help heal what hurts, ease your mind, and encourage your spirit.

At AdventHealth, your whole health matters. That’s why we’ve built a network of care that supports every aspect of you — at every age and stage. World-class expertise. Compassionate care. A support system and step-by-step guidance. It’s all here to help you take control of your health and feel whole throughout life’s journey.",2018-05-28T20:35:02Z,US,55684604,12600,False,2020-10-05T12:36:08Z,PT5M31S,331,en,en,false,no_captions_reported,,,,public,False,303,4,2,0,True,1,I don't have a primary care doctor — how do I get a colon cancer screening?,5,colorectal cancer screening awareness,colorectal cancer screening awareness|UCmNK4_SS2GYthxlbubjGj0g,False,"[{""cancer_domain"": ""colon"", ""search_query"": ""I don't have a primary care doctor — how do I get a colon cancer screening?"", ""rank"": 5, ""contributor"": ""Yule"", ""source"": ""American Cancer Society"", ""scope_category"": ""Pre-screening education""}]"
batch-yule-colon-001,2026-09-28T00:11:04.741918+00:00,Kcp9jbAzdEI,https://www.youtube.com/watch?v=Kcp9jbAzdEI,When should I get a colonoscopy?,"Dr. Minia Hellan gives insight on when colonoscopies are traditionally recommended, and why that recommendation may be changing.

Have a conversation with your care team to determine your needs. 

Don't have a primary care provider? Schedule an appointment at https://ketteringhealth.org/services/primary-care/",UClDxm4w4PB0_KmTGAqN0hwg,Kettering Health,"Kettering Health is a system of medical centers and outpatient facilities elevating health, healing, and hope in our community. Built from many people, places, backgrounds, and perspectives, we work as one to help you be your best.",2009-07-17T19:50:52Z,US,3370413,7480,False,2024-03-12T17:00:12Z,PT44S,44,en,en,false,no_captions_reported,,,,public,False,3083,36,1,0,True,1,I don't have a primary care doctor — how do I get a colon cancer screening?,6,when should i get a colonoscopy?,when should i get a colonoscopy?|UClDxm4w4PB0_KmTGAqN0hwg,False,"[{""cancer_domain"": ""colon"", ""search_query"": ""I don't have a primary care doctor — how do I get a colon cancer screening?"", ""rank"": 6, ""contributor"": ""Yule"", ""source"": ""American Cancer Society"", ""scope_category"": ""Pre-screening education""}]"
batch-yule-colon-001,2026-09-28T00:11:04.741918+00:00,N8iUQo4kILY,https://www.youtube.com/watch?v=N8iUQo4kILY,How Do You Know It's Not Colon Cancer? A Gastroenterologist Explains,"IBS affects 45 million Americans. 
Colon cancer kills 53,000 every year. 
And the symptoms? They look almost identical. Abdominal pain. Bloating. Changes in bowel habits. 
So how do you actually tell the difference — and when do you need to stop waiting and get checked?

I'm Dr. Matthew Glover, a board-certified gastroenterologist in Las Vegas, Nevada. I've performed thousands of colonoscopies and see thousands of GI patients a year. 

In this video I break down exactly what separates IBS from colon cancer, the 6 red flags I look for in every single patient, and the dangerous trap people with IBS fall into that delays diagnosis.

🔴 If you have red flag symptoms — don't wait. Call your GI doctor this week.


🔍 WHAT YOU'LL LEARN:
→ What IBS actually is (and what's happening in your gut)
→ How colon cancer develops — and why symptoms appear so late
→ The key symptom differences between IBS and colon cancer
→ 6 red flags that mean you need a colonoscopy now
→ The IBS attribution trap — and why it's so dangerous
→ Colonoscopy screening guidelines and who needs one today

TIMESTAMPS
00:00 IBS vs colon cancer — the overlap problem
2:18 What is IBS? A gastroenterologist explains
6:12 What is colon cancer and how does it develop?
8:41 Where IBS and colon cancer symptoms look the same
9:36 RED FLAG symptoms IBS vs Colon cancer
10:46 Red flag #1 — symptoms that don't go away
11:49 Red flag #2 — blood in your stool
13:55 Red flag #3 — unexplained weight loss
14:38 Red flag #4 — fatigue and iron deficiency anemia
16:23 Red flag #5 — symptoms waking you from sleep
17:00 Red flag #6 — new symptoms after 45 or family history
18:15 The IBS TRAP - attribution trap (this one is dangerous)
20:11 Who needs a colonoscopy right now
22:12 Final takeaway from your GI doctor

DISCLAIMER: This video is for general information and educational purposes only and does NOT constitute the practice of medicine or other professional health services, including giving of a medical advice. NO doctor-patient relationship is formed. The use of this information and the materials provided in the video is at user’s own risk. The contents of the video are NOT intended to be a substitute for professional medical advice and are NOT intended to treat, diagnose, cure or prevent disease. You should NOT delay or disregard obtaining medical advice for any medical condition you have and you should first seek the assistance of your healthcare professional(s) for any such condition(s). You should NOT make any changes in your health regime, diet, medications, or supplements, before first consulting your physician or healthcare provider and before first obtaining a medical exam, diagnosis, and prescription/recommendation from your physician or healthcare provider. Matthew Glover MD will not assume any liability for any direct or indirect losses or damages that may result from use of the information contained in this video, including but not limited to, economic loss, injury, illness, or death. Furthermore, all content in the video is subject to change without notice, so the content creator assumes no responsibility for the accuracy of information contained. Please review all information regarding any medical condition or use of medications and/or supplements with your physician or healthcare provider.",UCQyJVWrSejGzlrT60PiftRw,Doctor Glover,"I'm Dr. Matt Glover, a GI doctor in Las Vegas Nevada sharing what I have learned.

Straightforward and honest videos to improve your health

Note: These videos (1) are for educational and entertainment purposes only; (2) consist of Dr. Glover's personal medical opinion; and (3) are not intended to replace the direct care of a qualified physician. Use of these videos does not constitute a physician-patient relationship with Dr. Glover.




",2006-03-31T05:12:11Z,US,209936,1600,False,2026-04-26T17:15:01Z,PT24M29S,1469,en,,false,no_captions_reported,,,,public,False,12890,155,19,0,True,1,I don't have a primary care doctor — how do I get a colon cancer screening?,7,how do you know it's not colon cancer? a gastroenterologist explains,how do you know it's not colon cancer? a gastroenterologist explains|UCQyJVWrSejGzlrT60PiftRw,False,"[{""cancer_domain"": ""colon"", ""search_query"": ""I don't have a primary care doctor — how do I get a colon cancer screening?"", ""rank"": 7, ""contributor"": ""Yule"", ""source"": ""American Cancer Society"", ""scope_category"": ""Pre-screening education""}]"
batch-yule-colon-001,2026-09-28T00:11:04.741918+00:00,_EP6s5XpFzA,https://www.youtube.com/watch?v=_EP6s5XpFzA,Explain the different types of colon cancer screening tests.,"Some of the most common colon cancer screening options are a colonoscopy, fecal immunochemical test, and fecal occult test. Premier Physician Network’s Dr. Kenneth Reed talks more about different types of screening tests for colon cancer. Find more answers to frequently asked questions about cancer at www.PremierPhysicianNet.com/FamilyHealth.",UCTjsxQR5ieeylig6yYdEkPA,Premier Health,"At Premier Health, our physicians, staff members and volunteers have focused on our mission to provide quality, accessible and compassionate health care for more than a century.  This is our commitment to you now and in the future.

As the largest health system in Southwest Ohio, Premier Health offers services at over 70 sites including Miami Valley Hospital, Miami Valley Hospital South, Atrium Medical Center, and Upper Valley Medical Center, providing care throughout a large geographical region.  Recognized by many independent health care rating agencies, Premier Health has earned numerous distinctions through the years.

Our 2,300 physicians and 14,000 employees are here to serve you and your family.  Our values of respect, integrity, compassion and excellence are the very foundation of our service.  We strive to continuously improve and enhance this service to meet the needs of each individual and their family members and consider it a privilege to do so.",2011-12-14T18:13:42Z,US,9154713,19400,False,2018-06-28T18:24:04Z,PT1M31S,91,en,,false,no_captions_reported,,,,public,False,2201,6,1,0,True,1,I don't have a primary care doctor — how do I get a colon cancer screening?,8,explain the different types of colon cancer screening tests.,explain the different types of colon cancer screening tests.|UCTjsxQR5ieeylig6yYdEkPA,False,"[{""cancer_domain"": ""colon"", ""search_query"": ""I don't have a primary care doctor — how do I get a colon cancer screening?"", ""rank"": 8, ""contributor"": ""Yule"", ""source"": ""American Cancer Society"", ""scope_category"": ""Pre-screening education""}]"
batch-yule-colon-001,2026-09-28T00:11:04.741918+00:00,1Kjsn093ueo,https://www.youtube.com/watch?v=1Kjsn093ueo,"Colorectal Cancer Screening – Folasade P. May, MD, PhD | UCLA Digestive Diseases","Colorectal Cancer Screening: Achieving 80% by ’18 - How Close Are We?
Folasade P. May, MD, PhD, MPhil, UCLA
6th Annual UCLA-Mellinkoff Gastroenterology and Hepatology Symposium  |  March 9-10, 2018    
Learn more about the UCLA Vatche and Tamar Manoukian Division of Digestive Diseases: https://www.uclahealth.org/gastro",UCb_JYhqnSdEejiznUm3XNqQ,UCLA Health,"For more than half a century, UCLA Health System has provided the best in healthcare and the latest in medical technology to the people of Los Angeles and throughout the world. 

Comprised of Ronald Reagan UCLA Medical Center, UCLA Medical Center, Santa Monica, Resnick Neuropsychiatric Hospital at UCLA, UCLA Mattel Children's Hospital, and the UCLA Medical Group with its wide-reaching system of primary-care and specialty-care offices throughout the region, UCLA Health System is among the most comprehensive and advanced healthcare systems in the world. Visit us at www.uclahealth.org",2007-09-26T23:51:13Z,US,136107649,582000,False,2018-09-13T20:00:01Z,PT24M57S,1497,en,en,false,no_captions_reported,,,,public,False,442,2,0,0,True,1,I don't have a primary care doctor — how do I get a colon cancer screening?,9,"colorectal cancer screening – folasade p. may, md, phd | ucla digestive diseases","colorectal cancer screening – folasade p. may, md, phd | ucla digestive diseases|UCb_JYhqnSdEejiznUm3XNqQ",False,"[{""cancer_domain"": ""colon"", ""search_query"": ""I don't have a primary care doctor — how do I get a colon cancer screening?"", ""rank"": 9, ""contributor"": ""Yule"", ""source"": ""American Cancer Society"", ""scope_category"": ""Pre-screening education""}]"
batch-yule-colon-001,2026-09-28T00:11:04.741918+00:00,XIO_podDAUI,https://www.youtube.com/watch?v=XIO_podDAUI,What to do after a colonoscopy,"You probably know what happens before and during a colonoscopy, but do you know what happens after? Dr. Khokhar explains what you can expect after your colonoscopy.

Learn more about your screening options and take a short quiz by visiting getscreened.org.",UChk_2XJ0-AcqeSfvyBrAANA,Colorectal Cancer Alliance,"We are the Colorectal Cancer Alliance. A non-profit organization, working with our nation of passionate allies. We exist to screen, care, and cure colorectal (colon and rectal) cancer within our lifetime. Newly diagnosed or need support? Call our free Helpline at (877) 422-2030 or visit colorectalcancer.org.

",2009-01-14T21:33:27Z,US,22626665,19900,False,2025-02-24T22:18:22Z,PT34S,34,en,,false,no_captions_reported,,,,public,False,561710,5428,220,0,True,2,I don't have a primary care doctor — how do I get a colon cancer screening?,10,what to do after a colonoscopy,what to do after a colonoscopy|UChk_2XJ0-AcqeSfvyBrAANA,False,"[{""cancer_domain"": ""colon"", ""search_query"": ""I don't have a primary care doctor — how do I get a colon cancer screening?"", ""rank"": 10, ""contributor"": ""Yule"", ""source"": ""American Cancer Society"", ""scope_category"": ""Pre-screening education""}, {""cancer_domain"": ""colon"", ""search_query"": ""no transportation to get to my colonoscopy appointment"", ""rank"": 2, ""contributor"": ""Yule"", ""source"": ""Forums"", ""scope_category"": ""Pre-screening education""}]"
batch-yule-colon-001,2026-09-28T00:11:04.741918+00:00,Z9rdSk7n8-w,https://www.youtube.com/watch?v=Z9rdSk7n8-w,What If I Have No Ride Home After a Colonoscopy?,"Facing a colonoscopy can be daunting, but what happens if you don't have a ride home afterward? This video addresses the crucial topic of transportation post-procedure, ensuring you're prepared and safe.

In this important guide, you'll discover:
 ► Why a designated driver is mandatory after sedation for a colonoscopy.
 ► The potential risks and dangers of driving or using public transport post-procedure.
 ► Practical strategies for arranging reliable transportation ahead of your appointment.
 ► What to do if your planned ride falls through or you find yourself without options on the day.


#ColonoscopyRide, #MedicalProcedure, #PatientSafety, #HealthTips, #ColonHealth",UC9hvmN4dfcHQIH6NkO_sboQ,Colon Health Channel,"Welcome to the Colon Health Channel! Our mission is to provide essential information on colorectal health, focusing on topics like colorectal cancer symptoms, colon cancer screening, rectal cancer signs, and the stages of colorectal cancer. We also cover treatment options, risk factors, surgery for colorectal cancer, and living with the condition. Our friendly tone aims to make complex health issues more approachable for everyone.

DISCLAIMER: This content is independently created by Colon Health Channel and is presented for informational purposes only. We maintain no affiliation, partnership, or formal relationship with any individuals, organizations, companies, or products featured in this content. All trademarks and brand names mentioned are acknowledged as the property of their respective owners. While we strive for accuracy, we encourage viewers to verify current information through official channels and authorized sources.
",2025-03-31T18:21:13.875811Z,US,196112,448,False,2025-11-28T16:42:09Z,PT2M39S,159,en,,false,no_captions_reported,,,,public,False,79,0,0,0,True,1,no transportation to get to my colonoscopy appointment,1,what if i have no ride home after a colonoscopy?,what if i have no ride home after a colonoscopy?|UC9hvmN4dfcHQIH6NkO_sboQ,False,"[{""cancer_domain"": ""colon"", ""search_query"": ""no transportation to get to my colonoscopy appointment"", ""rank"": 1, ""contributor"": ""Yule"", ""source"": ""Forums"", ""scope_category"": ""Pre-screening education""}]"
batch-yule-colon-001,2026-09-28T00:11:04.741918+00:00,6rnn3-VxTSk,https://www.youtube.com/watch?v=6rnn3-VxTSk,Colonoscopy Preparation | What (not) to eat,"Getting ready for a colonoscopy? Wondering what the prep is really like? In this video, I explain what you can eat and drink at each stage, how the laxatives work, and why proper prep is so important for accurate results.

✅ Step 1: Low-residue diet – start 5 days before your procedure
✅ Step 2: Clear liquid diet – switch 24 hours before
✅ Step 3: Laxative solution – taken the evening before + morning of the procedure

And if you’re interested, check out my other videos on colon cancer warning signs or how the digestive system works:
🔆 Colon cancer: https://youtu.be/F9w9WKNkJMQ
🔆 Digestive system: https://youtu.be/_T_vmcLyTzI

💥 LinkedIn: https://www.linkedin.com/in/paulien-moyaert-978911201/
💥 Instagram: https://www.instagram.com/dr.paulienmoyaert/
💥 Tiktok: https://www.tiktok.com/@drpaulienmoyaert

#Colonoscopy #Colonoscopyprep #Preparation #Diet",UCAFloV5cA8Pcrq454yVHqjA,Dr. Paulien Moyaert,"Are you also here because it seems that YouTube can explain things better than your teacher? You're not alone - welcome to the club!

I'm Dr. Paulien Moyaert, a former medical student, current PhD candidate, and nuclear medicine resident. Throughout my nine years of study, I’ve been educated by many renowned teachers. What I noticed year after year was that the more they knew about their field, the more difficult it seemed for them to explain things in a simple and understandable way.

This is why I made it my mission to make concise, simple videos about a variety of medical topics using 3D models, fancy powerpoint slides and even real video shots during surgeries. Hope you like it! Feel free to reach out, I’m always happy to hear from you. 
",2021-11-24T21:37:29.230003Z,BE,124961273,374000,False,2025-08-25T11:26:38Z,PT1M,60,en,en,false,no_captions_reported,,,,public,False,297371,2741,29,0,True,1,no transportation to get to my colonoscopy appointment,3,colonoscopy preparation | what (not) to eat,colonoscopy preparation | what (not) to eat|UCAFloV5cA8Pcrq454yVHqjA,False,"[{""cancer_domain"": ""colon"", ""search_query"": ""no transportation to get to my colonoscopy appointment"", ""rank"": 3, ""contributor"": ""Yule"", ""source"": ""Forums"", ""scope_category"": ""Pre-screening education""}]"
batch-yule-colon-001,2026-09-28T00:11:04.741918+00:00,CBzj5vqmAy8,https://www.youtube.com/watch?v=CBzj5vqmAy8,ASL: Getting Ready for Your Colonoscopy,"Getting Ready for Your Colonoscopy

This video will guide you through the preparation for a colonoscopy procedure at
the University of Vermont Medical Center.

A colonoscopy is a procedure that is used to screen for colon cancer or other conditions of the large intestine.

Because there are many things you have to do starting 7 days before the procedure, please watch all the way to the end of this  video.  If you are unable to do all that is required, you may be turned away from your appointment. 

If you need assistance please call 802 847 8899 for an interpreter, and tell the receptionist the language that you need. 

Ask them to connect you to 802-847-8865 extension 2.  You will then be connected with the office and someone who can help you.  

Seven days before your colonoscopy, you will need to call your pharmacy to make sure there is a prescription for your preparation. 

You will need to get this prescription at least seven days before your scheduled procedure. Please contact the office if you are having difficulty with your prescription.

You will also need to arrange a ride home from the hospital. You must have a responsible adult drive you home or be responsible for you on public transportation. This person does not have to stay at the hospital while you have your procedure,

but must be within 15 minutes of the hospital. 

Your estimated time of stay is two hours from registration to discharge. 

You will need:  
Four Dulcolax laxative or generic bisacodyl laxative tablets
One 238 gram bottle of Miralax or generic polyethylene glycol
Sixty Four ounces of Gatorade that are not red or purple

Stop eating foods with seeds and nuts for the seven days before your procedure. This includes foods that have seeds or nuts on them: bagels, cucumbers, tomatoes, bread, popcorn. 

If you take blood thinning medication, diabetes medication, or medication for weight loss, please call your primary care provider to ask how you should take these medications before and after your colonoscopy.  

Stop taking iron and herbal supplements 7 days before your procedure.

One day before your colonoscopy, there are guidelines that must be followed to complete your preparation. 

You cannot eat food of any kind today except for popsicles that are not red or purple. 

You may have any of these liquids: water, apple juice, white grape juice, ginger ale, sports drinks like PowerAde or Gatorade that are not red or purple, Crystal Light, black coffee, black tea, Kool Aid that is not red or purple. 

You may not have any liquid that is red or purple, Jello, broth, juices with pulp, ice cream, alcohol, gum, any food, or anything that is not one of the liquids we just mentioned. 

Please take your approved medications today as prescribed by your doctor. Follow your instructions for diabetes medication, weight loss medication and blood thinners. 

NO herbal medications or Iron tablets.

Miralax Preparation Instructions:

At 5PM: Take four Dulcolax or generic bisacodyl pills with a full glass of water

At 6PM: Mix one 238-gram bottle of Miralax or generic polyethylene glycol and 64 ounces of Gatorade that is not red or purple into a big container. 

Drink one 8-ounce glass of the mixture every 15 minutes until you finish HALF of the container. 

Refrigerate the rest of the mixture in the container. 

You must finish half of it even if you have diarrhea. 

If you become nauseous, stop for 30 minutes and then start drinking again

until you are finished with the first half of the preparation.

 It may also help to drink through a straw. 

You may drink as much of the acceptable liquids along with the Miralax solution as you like including water. The more fluids you drink, the cleaner your colon will be. 

Use Desitin on your bottom if it is sore. 

On the day of your colonoscopy:

5 hours before your procedure, drink 8 ounces of the remaining mixture, every 15 minutes, until it is finished. You must finish all the preparation within two hours. 

You are not permitted to drink anything within the three hours before your procedure time. Drinking anything within the three hours may delay or cancel your procedure.

Your stool output should be clear yellow, like urine. If you are concerned that your stool is not clear in color 

please contact the office at 802-847-8865 extension 2.

3 hours before your procedure: Take your approved morning medications with small sips of water. Then completely stop eating and drinking as you cannot have anything by mouth 3 hours prior to the procedure. 

Before your procedure: Remove all jewelry. Leave your valuables at home or plan on giving them to someone during the procedure.

You will not be able to drive, work, operate equipment or anything else that requires judgement or reflexes. 

Park in the garage if your driver is staying with you, the first hour is free. 

If your driver is not staying and needs to contact us, our number is 802-847-9255. 

(Cont...)",UC3zjPpeFnXqvESr1y3d4DvQ,Vermont Language Justice Project ,"The Vermont Language Justice Project enables people who do not speak or read English to make informed decisions about their health and those of their families.  We do this by providing public service videos and audio files in up to 19 languages spoken here in Vermont.  This media is co-produced with trusted community members from Vermont’s refugee, migrant and immigrant communities.  These messages are shared widely through YouTube, What’s App and local school district robo call systems.  Check us out.  Put them up on your websites.  The script is in the description of each video.  We will be adding to them frequently.  Thank you.  If you have any questions or just want to be in touch, please email us at vtlanguagejustice@gmail.com. Our website is vtlanguagejustice.org

",2020-03-18T19:14:02.89659Z,US,438502,3000,False,2026-05-07T14:38:04Z,PT7M14S,434,en,en-US,false,no_captions_reported,,,,public,False,90,0,1,0,True,1,no transportation to get to my colonoscopy appointment,5,asl: getting ready for your colonoscopy,asl: getting ready for your colonoscopy|UC3zjPpeFnXqvESr1y3d4DvQ,False,"[{""cancer_domain"": ""colon"", ""search_query"": ""no transportation to get to my colonoscopy appointment"", ""rank"": 5, ""contributor"": ""Yule"", ""source"": ""Forums"", ""scope_category"": ""Pre-screening education""}]"
batch-yule-colon-001,2026-09-28T00:11:04.741918+00:00,ALnLVcwvHbE,https://www.youtube.com/watch?v=ALnLVcwvHbE,Colonoscopy Testimonial- Without IV Sedation,Testimonial for use of Nitrous Oxide Gas for a colonoscopy at Blake GI Med Spa Services; instead of IV Sedation. Everyone is able to drive themselves home. CALL US TODAY TO SCHEDULE YOUR APPOINTMENT 215-849-4902,UCMESSq3omY0McKrG5UPLzcQ,Blake Med Spa Services,,2021-02-08T18:12:01.604545Z,,5763,32,False,2021-06-08T13:33:19Z,PT39S,39,en,,false,no_captions_reported,,,,public,False,714,6,0,0,True,1,no transportation to get to my colonoscopy appointment,8,colonoscopy testimonial- without iv sedation,colonoscopy testimonial- without iv sedation|UCMESSq3omY0McKrG5UPLzcQ,False,"[{""cancer_domain"": ""colon"", ""search_query"": ""no transportation to get to my colonoscopy appointment"", ""rank"": 8, ""contributor"": ""Yule"", ""source"": ""Forums"", ""scope_category"": ""Pre-screening education""}]"
batch-yule-colon-001,2026-09-28T00:11:04.741918+00:00,l37MeTMsAIw,https://www.youtube.com/watch?v=l37MeTMsAIw,English: Getting Ready for Your Colonoscopy,"This video will guide you through the preparation for a colonoscopy procedure at the University of Vermont Medical Center. A colonoscopy is a procedure that isused to screen for colon cancer or other conditions of the large intestine.”
Because there are many things you have to do starting 7 days before the procedure, please watch all the way to the end of this  video.  If you are unable to do all that is required, you may be turned away from your appointment. 
If you need assistance please call 802 847 8899 for an interpreter, and tell the receptionist the language that you need. 
Ask them to connect you to 802-847-8865 #2.  You will then be connected with the office and someone who can help you.  
Seven days before your colonoscopy, you will need to call your pharmacy to make sure there is a prescription for your preparation. You will need to get this prescription at least seven days before your scheduled procedure. 
Please contact the office if you are having difficulty with your prescription
You will also need to arrange a ride home from the hospital. You must have a responsible adult drive you home or be responsible for you on public transportation. This person does not have to stay at the hospital while you have your procedure, but must be within 15 minutes of the hospital. Your estimated time of stay is two hours from registration to discharge. 
You will need:  
4 Dulcolax laxative or generic bisacodyl laxative tablets One 238 gram bottle of Miralax or generic polyethylene glycol
64 ounces of Gatorade that are not red or purple
Stop eating foods with seeds and nuts for the seven days before your procedure. This includes foods that have seeds or nuts on them: bagels, cucumbers, tomatoes, bread, popcorn. If you take blood thinning medication, diabetes medication, or medication for weight loss, please call your primary care provider to ask how you should take these medications before and after your colonoscopy.  Stop taking iron and herbal supplements 7 days before your procedure.
One day before your colonoscopy, there are guidelines that must be followed to complete your preparation. You cannot eat food of any kind today except for popsicles that are not red or purple. You may have any of these liquids: water, apple juice, white grape juice, ginger ale, sports drinks like Powerade or Gatorade that are not red or purple, Crystal Light, black coffee, black tea, Kool Aid that is not red or purple. 
You may not have any liquid that is red or purple, Jello, broth, juices with pulp, ice cream, alcohol, gum, any food, or anything that is not one of the liquids we just mentioned. Take your approved medications today as prescribed by your doctor. Follow your instructions for diabetes medication, weight loss medication and blood thinners. NO herbal medications or Iron tablets.
Miralax Preparation Instructions: At 5PM: Take four Dulcolax or generic bisacodyl pills with a full glass of water. At 6PM: Mix one 238-gram bottle of Miralax or generic polyethylene glycol and 64 ounces of Gatorade that is not red or purple into a big pitcher/container. Drink one 8-ounce glass of the mixture every 15 minutes until you finish HALF of the container. Refrigerate the rest of the mixture in the container. 
You must finish half of it even if you have diarrhea. If you become nauseous, stop for 30 minutes and then start drinking again until you are finished with the first half of the prep. It may also help to drink through a straw. You may drink as much of the acceptable liquids along with the Miralax solution as you like including water. The more fluids you drink, the cleaner your colon will be. Use Desitin on your bottom if it is sore. On the day of your colonoscopy: 
5 hours before your procedure, drink 8 ounces of the remaining mixture, every 15 minutes, until it is finished. You must finish all the preparation within two hours. You are not permitted to drink anything within the three hours before your procedure time. Drinking anything within the three hours may delay or cancel your procedure. Your stool output should be clear yellow, like urine. If you are concerned that your stool is not clear in color please contact the office at 802-847-8865 #2. 3 hours before your procedure take your approved morning medications with small sips of water. Then completely stop eating and drinking as you cannot have anything by mouth 3 hours prior to the procedure.
Before your procedure: Remove all jewelry. Leave your valuables at home or plan on giving them to someone during the procedure.
You will not be able to drive, work, operate equipment or anything else that requires judgement or reflexes. 
Park in the garage if your driver is staying with you, the first hour is free. 
If your driver is not staying and needs to contact us, our number is 802-847-9255. Please arrive at the reception desk on the 3rd floor one hour before your scheduled colonoscopy. If you need an interpreter please arrive 90 minutes before your scheduled appointment.",UC3zjPpeFnXqvESr1y3d4DvQ,Vermont Language Justice Project ,"The Vermont Language Justice Project enables people who do not speak or read English to make informed decisions about their health and those of their families.  We do this by providing public service videos and audio files in up to 19 languages spoken here in Vermont.  This media is co-produced with trusted community members from Vermont’s refugee, migrant and immigrant communities.  These messages are shared widely through YouTube, What’s App and local school district robo call systems.  Check us out.  Put them up on your websites.  The script is in the description of each video.  We will be adding to them frequently.  Thank you.  If you have any questions or just want to be in touch, please email us at vtlanguagejustice@gmail.com. Our website is vtlanguagejustice.org

",2020-03-18T19:14:02.89659Z,US,438502,3000,False,2026-05-12T17:44:40Z,PT7M14S,434,en,en-US,false,no_captions_reported,,,,public,False,95,0,,0,True,1,no transportation to get to my colonoscopy appointment,9,english: getting ready for your colonoscopy,english: getting ready for your colonoscopy|UC3zjPpeFnXqvESr1y3d4DvQ,False,"[{""cancer_domain"": ""colon"", ""search_query"": ""no transportation to get to my colonoscopy appointment"", ""rank"": 9, ""contributor"": ""Yule"", ""source"": ""Forums"", ""scope_category"": ""Pre-screening education""}]"
batch-yule-colon-001,2026-09-28T00:11:04.741918+00:00,vWghUMeqxFM,https://www.youtube.com/watch?v=vWghUMeqxFM,What is Sutab: Easy to understand colonoscopy prep instructions with Dr. Farmer,"To ensure a successful exam, please follow all instructions carefully. You MUST arrange a ride for the day of your exam. If you fail to arrange acceptable transportation, your procedure will need to be rescheduled. If you have diabetes, ask your physician for diet and medication instructions. If you are or may be pregnant, please discuss the risks and benefits of this procedure with your doctor.

Please bring a list of all of your current medications, including any over-the-counter medications with you. If you must cancel or reschedule your appointment, please call your doctor’s office as soon as possible.

—
Hattiesburg GI Associates PLLC, with two convenient locations in Hattiesburg, Mississippi, strives to provide outstanding care for all gastrointestinal needs. The team of board-certified physicians and nurse practitioners deliver high-quality and compassionate patient-centered care focused on prevention and education.
The gastroenterology practice specializes in the diagnosis and treatment of digestive diseases in adults involving the esophagus, stomach, small and large intestine, rectum, liver, pancreas, and biliary system.

Visit HGIA.net",UCWnVAwkBO8HTIKcLAa6ajOQ,HGIA - Hattiesburg GI Associates,"Hattiesburg GI Associates PLLC, with two convenient locations in Hattiesburg, Mississippi, strives to provide outstanding care for all gastrointestinal needs. The team of board-certified physicians and nurse practitioners deliver high-quality and compassionate patient-centered care focused on prevention and education.

",2021-01-28T19:37:55.419203Z,,162986,283,False,2021-03-03T17:27:50Z,PT3M15S,195,en,,false,no_captions_reported,,,,public,False,37427,326,21,0,True,1,no transportation to get to my colonoscopy appointment,10,what is sutab: easy to understand colonoscopy prep instructions with dr. farmer,what is sutab: easy to understand colonoscopy prep instructions with dr. farmer|UCWnVAwkBO8HTIKcLAa6ajOQ,False,"[{""cancer_domain"": ""colon"", ""search_query"": ""no transportation to get to my colonoscopy appointment"", ""rank"": 10, ""contributor"": ""Yule"", ""source"": ""Forums"", ""scope_category"": ""Pre-screening education""}]"
batch-yule-colon-001,2026-09-28T00:11:04.741918+00:00,eVSF_UDjinY,https://www.youtube.com/watch?v=eVSF_UDjinY,Webinar: Inside the New ACS Colorectal Cancer Screening Guidelines,"In this timely webinar session, Robert Smith, PhD, Senior Vice President of Cancer Screening, ACS, provided an in-depth overview of the newly updated American Cancer Society (ACS) colorectal cancer screening guidelines and the evidence supporting them, offering clarity on what these changes mean for screening and early detection. The session also featured a moderated Q&A with ACS NCCRT Vice Chair, Gloria Coronado, PhD, providing attendees the opportunity to engage directly on key questions.",UCCskzwOvNJ-bTbtqAAK2iEQ,ACS National Colorectal Cancer Roundtable,The ultimate goal of the ACS NCCRT is to increase the use of proven colorectal cancer screening tests among the entire population for whom screening is appropriate.,2014-09-16T20:41:17Z,US,70107,167,False,2026-06-11T14:52:01Z,PT58M28S,3508,en,,false,no_captions_reported,,,,public,False,292,0,0,0,True,1,colon cancer screening for non-English speakers,2,webinar: inside the new acs colorectal cancer screening guidelines,webinar: inside the new acs colorectal cancer screening guidelines|UCCskzwOvNJ-bTbtqAAK2iEQ,False,"[{""cancer_domain"": ""colon"", ""search_query"": ""colon cancer screening for non-English speakers"", ""rank"": 2, ""contributor"": ""Yule"", ""source"": ""CDC"", ""scope_category"": ""Pre-screening education""}]"
batch-yule-colon-001,2026-09-28T00:11:04.741918+00:00,jNOF1FPmGOo,https://www.youtube.com/watch?v=jNOF1FPmGOo,"Colorectal cancer screening options – Pick a test, get it done! I UCLA Health","One in three people is overdue for colorectal cancer screening according to the American Cancer Society (2020). You have many screening test options including colonoscopy and at-home tests. If you are between the ages of 45 and 75, don’t delay. Colorectal cancer screening is effective towards colorectal cancer prevention and early detection.  Pick the test that is best for you, and get it done!

Learn more about screening options, when to screen and facts about colorectal cancer at https://www.uclahealth.org/colon-cancer-screening/

Presented by Folasade P. May, MD, PhD",UCb_JYhqnSdEejiznUm3XNqQ,UCLA Health,"For more than half a century, UCLA Health System has provided the best in healthcare and the latest in medical technology to the people of Los Angeles and throughout the world. 

Comprised of Ronald Reagan UCLA Medical Center, UCLA Medical Center, Santa Monica, Resnick Neuropsychiatric Hospital at UCLA, UCLA Mattel Children's Hospital, and the UCLA Medical Group with its wide-reaching system of primary-care and specialty-care offices throughout the region, UCLA Health System is among the most comprehensive and advanced healthcare systems in the world. Visit us at www.uclahealth.org",2007-09-26T23:51:13Z,US,136107649,582000,False,2022-02-18T20:14:17Z,PT2M59S,179,en,en-US,false,no_captions_reported,,,,public,False,13561,83,2,0,True,1,colon cancer screening for non-English speakers,6,"colorectal cancer screening options – pick a test, get it done! i ucla health","colorectal cancer screening options – pick a test, get it done! i ucla health|UCb_JYhqnSdEejiznUm3XNqQ",False,"[{""cancer_domain"": ""colon"", ""search_query"": ""colon cancer screening for non-English speakers"", ""rank"": 6, ""contributor"": ""Yule"", ""source"": ""CDC"", ""scope_category"": ""Pre-screening education""}]"
batch-yule-colon-001,2026-09-28T00:11:04.741918+00:00,eSi9JpeUUUE,https://www.youtube.com/watch?v=eSi9JpeUUUE,"New Colorectal Cancer Screening Guidelines | Carl Nordstrom, MD | UCLA Digestive Diseases","9th Annual UCLA-Mellinkoff Gastroenterology and Hepatology Symposium, March 6-7, 2021

More about Carl Nordstrom, MD uclahealth.org/carl-nordstrom
More about the UCLA Vatche & Tamar Manoukian Division of Digestive Diseases uclahealth.org/gastro",UCb_JYhqnSdEejiznUm3XNqQ,UCLA Health,"For more than half a century, UCLA Health System has provided the best in healthcare and the latest in medical technology to the people of Los Angeles and throughout the world. 

Comprised of Ronald Reagan UCLA Medical Center, UCLA Medical Center, Santa Monica, Resnick Neuropsychiatric Hospital at UCLA, UCLA Mattel Children's Hospital, and the UCLA Medical Group with its wide-reaching system of primary-care and specialty-care offices throughout the region, UCLA Health System is among the most comprehensive and advanced healthcare systems in the world. Visit us at www.uclahealth.org",2007-09-26T23:51:13Z,US,136107649,582000,False,2021-06-29T23:43:29Z,PT9M59S,599,en,en-US,false,no_captions_reported,,,,public,False,6253,49,4,0,True,1,colon cancer screening for non-English speakers,9,"new colorectal cancer screening guidelines | carl nordstrom, md | ucla digestive diseases","new colorectal cancer screening guidelines | carl nordstrom, md | ucla digestive diseases|UCb_JYhqnSdEejiznUm3XNqQ",False,"[{""cancer_domain"": ""colon"", ""search_query"": ""colon cancer screening for non-English speakers"", ""rank"": 9, ""contributor"": ""Yule"", ""source"": ""CDC"", ""scope_category"": ""Pre-screening education""}]"
