run_id,collected_at,video_id,url,title,description,channel_id,channel_title,channel_description,channel_published_at,channel_country,channel_view_count,channel_subscriber_count,channel_hidden_subscriber_count,video_published_at,duration_iso8601,duration_seconds,default_language,default_audio_language,caption_available,transcript_status,transcript_text,transcript_source,transcript_retrieval_error,privacy_status,made_for_kids,view_count,like_count,comment_count,favorite_count,metadata_available,search_query_count,first_seen_query,first_seen_rank,normalized_title,near_duplicate_key,near_duplicate_candidate,search_queries
batch-yiran-colon-002,2026-09-26T22:12:18.316051+00:00,i3Ag03UV8hc,https://www.youtube.com/watch?v=i3Ag03UV8hc,Module 2 - Average Risk of Colorectal Cancer & High Risk Screening Recommendations,"In this short educational video, Hans Elzinga, MD and H. Davis Blanton, MD explain the latest updates to colorectal cancer screening recommendations and why these changes matter.

Module Objectives
Understand the recommended screening intervals for colorectal cancer for average and high risk patients
Assess average risk and high risk factors associated with colorectal cancer incidence.",UC2xU1-mFO7nq-_nA5oDqbfg,Colorado Cancer Coalition,,2019-08-29T20:14:36Z,US,157684,142,False,2025-10-27T17:38:04Z,PT2M53S,173,en,en,true,captions_reported_available,,,,public,False,37,0,0,0,True,1,What is average risk vs high risk for colon cancer screening?,1,module 2 - average risk of colorectal cancer & high risk screening recommendations,module 2 - average risk of colorectal cancer & high risk screening recommendations|UC2xU1-mFO7nq-_nA5oDqbfg,False,"[{""cancer_domain"": ""colon"", ""search_query"": ""What is average risk vs high risk for colon cancer screening?"", ""rank"": 1, ""contributor"": ""Yiran"", ""source"": ""USPSTF"", ""scope_category"": ""Pre-screening education""}]"
batch-yiran-colon-002,2026-09-26T22:12:18.316051+00:00,Ykyoc231akE,https://www.youtube.com/watch?v=Ykyoc231akE,When is it TIME to STOP Colon Cancer Screening?,"Have you been told its time to stop colon cancer screening? Or do you wonder if you really need another colonoscopy, and think its time to stop having a colonoscopy?

In this video, I discuss how we decide when it is time to stop colon cancer screening. First, its important to understand the goal of a colonoscopy - to prevent colon cancer. And that is done by removing polyps that may turn into colon cancer in the future. Second, I talk about when polyps may become cancer. Third, I explain why only having one colonoscopy isnt enough and if stool based colon cancer screening is ok. Fourth, I discuss how GI doctors determine how frequent your colonoscopies should be based on how many polyps or what type of polyps you have. Fifth, I eplain why someone would want to stop having colon cancer screening and what the guidlines state as a reasonable timeframe. Additionally, i talk about where the guidlines are not clear and how you and your doctor can explore when is the best time for you to stop screening. While a colonoscopy has many benefits, there are risks for people who have severe conditions and may not be the right choice for people with other comorbidities. So discuss these factors with your doctor!

SUBSCRIBE to the Channel for More Content: ?sub_confirmation=1

Be Sure to Check Out Other Relevant Content:
- How to Decide Your Colon Cancr Screening Method?: https://youtu.be/gMtMtJsRmw4
- DONT Follow These TikTok Colonoscopy Prep Tips:  https://youtu.be/uV3hEH4BvC8
- How to Endure a Clear Liquid Diet: https://youtu.be/PwXeh0RvRuM
- Time for A Colonoscopy: https://youtu.be/vco6Wo4vWXY
- When & Why Have a Colonoscopy: https://youtu.be/c8p2m8W9PXw
- How to Plan for A Colonoscopy: https://youtu.be/zn6vZX2Sh-4
- Cant Handle Colonoscopy Prep - Watch This: https://youtu.be/uJX44uYqMws
- Never Would I Ever Colonoscopy Edition: https://youtu.be/t_aaM1zhsl4
- Do Colonoscopies Actually Prevent Colon Cancer: https://youtu.be/K-VThlZEzMU

DISCLAIMER: While I am a Gastroenterologist, I am not acting as your Gastroenterologist. The information provided on this channel is intended to be general educational content and not directed towards any one individual. If you believe you have a medical condition that deserves attention please seek care from your healthcare provider. If you are experiencing a life threatening emergency, call 911.",UCQSH8alK6dL11aj2YT1I8Vg,"Mark Cooper, MD","I'm Mark Cooper - a board ceritified gastroenterologist - these videos are a fun and easy way to learn about all things GI!

Understanding your gut and how to keep it healthy is complicated! I provide clarity on common, and not so common,  GI topics in a fun and relatable way!

Ask questions in the comment sections and we will try to make a video on the topics you find most interesting!

We upload a new video every Monday morning. Please SUBSCRIBE so you are altered when new content is released!

Lets have some fun!

ABIM Certification: https://www.abim.org/verify-physician?type=id&id=366080
",2020-08-18T14:41:16.174265Z,US,5509336,31200,False,2023-05-29T22:00:16Z,PT5M12S,312,en,en,false,no_captions_reported,,,,public,False,1469531,16739,2142,0,True,4,What is average risk vs high risk for colon cancer screening?,2,when is it time to stop colon cancer screening?,when is it time to stop colon cancer screening?|UCQSH8alK6dL11aj2YT1I8Vg,False,"[{""cancer_domain"": ""colon"", ""search_query"": ""What is average risk vs high risk for colon cancer screening?"", ""rank"": 2, ""contributor"": ""Yiran"", ""source"": ""USPSTF"", ""scope_category"": ""Pre-screening education""}, {""cancer_domain"": ""colon"", ""search_query"": ""My mom had colon cancer at 50 — when should I start getting screened?"", ""rank"": 1, ""contributor"": ""Yiran"", ""source"": ""American Cancer Society"", ""scope_category"": ""Pre-screening education""}, {""cancer_domain"": ""colon"", ""search_query"": ""Can a colonoscopy miss cancer?"", ""rank"": 3, ""contributor"": ""Yiran"", ""source"": ""American Cancer Society"", ""scope_category"": ""Anxiety Reduction""}, {""cancer_domain"": ""colon"", ""search_query"": ""What are the risks of a colonoscopy?"", ""rank"": 7, ""contributor"": ""Yiran"", ""source"": ""American Cancer Society"", ""scope_category"": ""Anxiety Reduction""}]"
batch-yiran-colon-002,2026-09-26T22:12:18.316051+00:00,DgysHEeXMpE,https://www.youtube.com/watch?v=DgysHEeXMpE,Do I Need to Be Screened for Colorectal Cancer?,"Fight CRC Director of Health Promotion Andrea (Andi) Dwyer covers who needs screened for colorectal cancer. She explains the difference between screening for prevention and diagnostic purposes. She also explains average risk and high risk. Andi covers the many options people have when it comes to colorectal cancer screening.

For more information, visit FightCRC.org/Screening.

Thank you to our sponsor EpiProColon.",UCeNy8LO21qQ0ANPJHVK_p5Q,Fight Colorectal Cancer,"Fight Colorectal Cancer (Fight CRC) is a leading patient-empowerment and advocacy organization in the United States, providing balanced and objective information on colon and rectal cancer research, treatment, and policy. We are relentless champions of hope, focused on funding promising, high-impact research endeavors while equipping advocates to influence legislation and policy for the collective good. Learn more at fightcrc.org.",2009-03-31T16:29:55Z,,2343999,1990,False,2018-03-18T11:00:03Z,PT3M53S,233,en,,false,no_captions_reported,,,,public,False,517,4,0,0,True,1,What is average risk vs high risk for colon cancer screening?,3,do i need to be screened for colorectal cancer?,do i need to be screened for colorectal cancer?|UCeNy8LO21qQ0ANPJHVK_p5Q,False,"[{""cancer_domain"": ""colon"", ""search_query"": ""What is average risk vs high risk for colon cancer screening?"", ""rank"": 3, ""contributor"": ""Yiran"", ""source"": ""USPSTF"", ""scope_category"": ""Pre-screening education""}]"
batch-yiran-colon-002,2026-09-26T22:12:18.316051+00:00,A1RfvZYIRA8,https://www.youtube.com/watch?v=A1RfvZYIRA8,Health Beat—Colon Cancer Prevention with Dr. Steele,"With regular screening the National Polyps study would suggest that you can cut your risk from dying of colon or rectal cancer by over 90%. What we do is we split people up into either an average risk group or a high-risk group. The high-risk group are people who’ve had previous polyps or cancer or people who have a family history of colon cancer or polyps. Going from polyps through the process to developing cancers is thought to take about 7-8 years. So if you’re in the high risk group, you’ve got a family history or you’ve had previous polyps it’s recommended that you have scopes every 3-5. If you’re in the average risk group we usually start screening at 50.",UCRuaxkNhP0qLzCqGJAR435w,perrycountyhospital,Perry County Memorial Hospital was founded in 1951.  PCMH has grown into a 25 bed facility serving the Perry County area with state of the art technology and over 20 specialty clinics to care for you.,2011-07-29T19:38:41Z,US,61998,26,False,2016-09-21T13:28:24Z,PT51S,51,en,,false,no_captions_reported,,,,public,False,30,0,0,0,True,1,What is average risk vs high risk for colon cancer screening?,4,health beat—colon cancer prevention with dr. steele,health beat—colon cancer prevention with dr. steele|UCRuaxkNhP0qLzCqGJAR435w,False,"[{""cancer_domain"": ""colon"", ""search_query"": ""What is average risk vs high risk for colon cancer screening?"", ""rank"": 4, ""contributor"": ""Yiran"", ""source"": ""USPSTF"", ""scope_category"": ""Pre-screening education""}]"
batch-yiran-colon-002,2026-09-26T22:12:18.316051+00:00,49NyIpVV_9g,https://www.youtube.com/watch?v=49NyIpVV_9g,What's YOUR RISK for COLORECTAL CANCER? What AGE TO START SCREENING Your Colon and Rectum in 2021,"Who needs to get screened for colorectal cancer? What age to start screening for colorectal cancer? Why do you need to get screened for colorectal cancer? This video will answer these three questions and more. 

Colorectal cancer, when found early, is one of the most easily preventable cancer types. Knowing when to start your screenings is key to keep this cancer away! 

In this video you will learn who needs to get screened for colorectal cancer, the reasons why, the risk factors for low, average and high risk, and the most appropriate age to start screening your colon and rectum for cancer. 

I will provide you with clear interpretation of the expert guidelines of professional societies on the right age to start screening for colorectal cancer depending on your particular risk factors. With the knowledge in this video, you can effectively advocate for timely screenings to your doctor, insurance company or loved ones.

The sources for the scientific information in this video are articles in peer-reviewed journals and the official websites of professional gastroenterology and cancer associations. The American Cancer Society and the US Preventive Services Taskforce recommend to people at low-to-average risk of developing colorectal cancer to start screening at the age of 45 years old.

TIMESTAMPS:

0:00 - Topic introduction
0:38 - Channel introduction
1:11 - Colorectal cancer overview
2:26 - WHO needs to get screened?
2:53 - WHY get screened?
4:13 - WHEN to get screened?
4:35 - Risk categories
5:22 - Breakdown by risk level
5:32 - Low-to-average risk
5:59 - Average-to-high risk
6:34 - High risk
7:16 - Age to start, by risk level
8:53 - Summary
9:20 - Closing remarks

To learn which test is best for your colorectal cancer screening, watch this video: https://youtu.be/jqOgrirZyQw

To get motivated to start a healthy lifestyle, watch this video:
https://youtu.be/SMzMNPO0Tp8

To learn about a new 50-cancer blood test coming in 2021, watch this video:
https://youtu.be/rNtFCz2QaVw

Thank you for stopping by!

Like and share this video, comment below and subscribe to this channel for weekly updates!
-------------------
On this channel, CANCER WORRY FREE, I post videos about:
- best practices in cancer screening
- advances in cancer prevention
- health and lifestyle hacks 
to help you lower your cancer risk so you can WORRY LESS and LIVE MORE!

If you have insights or recommendations, reach me at hello@cancerworryfree.com.



TAGS: Who should be screened for colorectal cancer?,what age should you get screened for colorectal cancer?,colon cancer screening recommendations,colorectal cancer screening,what is my risk for colon cancer,cancer prevention,healthy living,reduce your cancer risk,colorectal cancer,colon cancer symptoms,guidelines for colorectal cancer screening,colorectal cancer in young adults,young-onset colorectal cancer,risk factors for colorectal cancer,lower my risk of colon cancer",UCXiomT6r4SWIYyk3Nhx7u4g,Cancer Worry Free,"Does the word Cancer bring shivers down your spine? 
If yes, I need you to know that it does not have to be this way!

To learn how to lower your cancer risk, SUBSCRIBE to my channel. Here you will stay up-to-date on:
-	Best practices in early cancer screening
-	Advances in cancer prevention
-	Lifestyle and health hacks to lower cancer risk

I will share science-based information without the science language, in bite-size format.

I am a passionate cancer prevention educator and a mother of three. Keeping my family cancer-free is important to me. It gives me the peace of mind to enjoy what matters most - quality times with our loved ones! 

My career in marketing anti-cancer medicines opened my eyes about resources and opportunities that the public knows little about. I am eager to help people reduce their chance of getting a cancer diagnosis in the first place. It can be done! 90% of cancer diagnoses are caused by circumstances we can control. 

WORRY LESS and LIVE MORE!
",2020-03-29T22:08:30.912078Z,US,58020,86,False,2021-02-26T16:00:03Z,PT9M56S,596,en-US,en-US,true,captions_reported_available,,,,public,False,6322,15,31,0,True,1,What is average risk vs high risk for colon cancer screening?,5,what's your risk for colorectal cancer? what age to start screening your colon and rectum in 2021,what's your risk for colorectal cancer? what age to start screening your colon and rectum in 2021|UCXiomT6r4SWIYyk3Nhx7u4g,False,"[{""cancer_domain"": ""colon"", ""search_query"": ""What is average risk vs high risk for colon cancer screening?"", ""rank"": 5, ""contributor"": ""Yiran"", ""source"": ""USPSTF"", ""scope_category"": ""Pre-screening education""}]"
batch-yiran-colon-002,2026-09-26T22:12:18.316051+00:00,sVmanW1tcZc,https://www.youtube.com/watch?v=sVmanW1tcZc,Colorectal Cancer Screening 2025: When and How Often Should You Get Tested?,"When should you start colorectal cancer screening—and how often? In this video, Dr. Christina Ng from Onco Life Centre in Malaysia explains the importance of early screening, the recommended age to begin testing, and the best screening options available in 2025, including colonoscopy, stool-based tests (FIT, FOBT), and genetic screening.

🎯 What you’ll learn:

Why screening starting at age 45 can save lives

Differences between colonoscopy and stool-based tests

Screening frequency for average vs. high-risk individuals

How early detection helps prevent colon cancer

Who should consider genetic testing

📍 Located in Kuala Lumpur, Onco Life Centre offers personalized care and screening recommendations tailored to your risk factors and health needs.

Subscribe for more cancer awareness and prevention content.
#ColorectalCancer #CancerScreening #OncoLifeCentre #Colonoscopy #FITTest #CancerPrevention #DrChristinaNg #HealthMalaysia #ColonCancerAwareness",UClsOy5YK90z9I-4XDh8T_VQ,Onco Life Centre- Oncology & Cancer Treatment,"Welcome to the official YouTube channel of Onco Life Centre, a leading cancer treatment centre in Malaysia dedicated to providing advanced oncology care, cancer screening, chemotherapy, and targeted therapy for patients. Our team of expert oncologists specializes in treating breast cancer, lung cancer, colorectal cancer, prostate cancer, and more, using the latest medical advancements.

At Onco Life Centre, we believe in personalized cancer treatment tailored to each patient's unique needs. Our state-of-the-art facility in Kuala Lumpur offers comprehensive cancer care, including genetic testing, radiation therapy, immunotherapy, and cutting-edge oncology treatments.

Subscribe to our channel to learn more about cancer prevention, early detection, innovative treatments, and patient success stories. Whether you're seeking information on the best cancer hospital in Malaysia or looking for expert guidance on advanced cancer treatment options, we are here to help.





",2020-10-22T14:34:21.450818Z,MY,27558,7,False,2025-05-07T00:39:50Z,PT1M18S,78,en,,false,no_captions_reported,,,,public,False,35,0,0,0,True,1,What is average risk vs high risk for colon cancer screening?,6,colorectal cancer screening 2025: when and how often should you get tested?,colorectal cancer screening 2025: when and how often should you get tested?|UClsOy5YK90z9I-4XDh8T_VQ,False,"[{""cancer_domain"": ""colon"", ""search_query"": ""What is average risk vs high risk for colon cancer screening?"", ""rank"": 6, ""contributor"": ""Yiran"", ""source"": ""USPSTF"", ""scope_category"": ""Pre-screening education""}]"
batch-yiran-colon-002,2026-09-26T22:12:18.316051+00:00,j3pFL47qgm4,https://www.youtube.com/watch?v=j3pFL47qgm4,Myth vs. Fact: Do Women Need Colon Cancer Screening?,"Do women need colon cancer screening?  There’s a common myth that colon cancer is mostly a men’s disease but the facts tell a different story. Colon cancer affects both women and men, and screening plays an important role in helping to stay proactive about your health.  Many do not realize that colorectal cancer does not discriminate by gender.

Fact: Colon cancer is not just a men’s disease. Women are significantly impacted by colorectal cancer, and awareness matters. Colorectal cancer is currently the second leading cause of cancer death in women under age 50¹, highlighting the importance of understanding risk and starting screening at the appropriate time.

For women at average risk, current guidelines recommend beginning colorectal cancer screening at age 45². Women who have a family history of colorectal cancer, certain medical conditions, or other risk factors should talk with a healthcare provider about when to start screening and which option may be appropriate for them.

This video explains:
• Colon cancer affects women, not just men
• When women should start colon cancer screening
• Why screening matters even if you feel healthy and have no symptoms

Screening is a personal decision, but understanding the facts can help you take the next step with confidence.

To learn more about colon cancer screening for women, visit: https://www.cologuard.com/blog/colon-cancer-screening-for-women
Learn more about the Cologuard test and screening options at: https://www.cologuard.com

#Cologuard #ColonCancerScreening #WomenAndHealth #CRCawareness #ScreenAt45 #ExactSciences

Important Note: Cologuard is not for everyone. If you’re experiencing symptoms or are at high risk for colon cancer, talk to your doctor about other screening options. 
 
Indication for Use: The Cologuard test is intended to screen adults 45 and older at average risk for colorectal cancer. Do not use if you have had adenomas, have inflammatory bowel disease, certain hereditary syndromes, or a personal or family history of colorectal cancer. Cologuard® is not a replacement for colonoscopy in high-risk patients. Cologuard performance in adults ages 45-49 is estimated based on a large clinical study of patients 50 and older. False positives and false negatives can occur. Rx only. Results may vary.

References: 
1SEER Cancer Stat Facts: Colorectal Cancer. National Cancer Institute. Bethesda, MD, https://seer.cancer.gov/statfacts/html/colorect.html
2ACS. Guideline for Colorectal Cancer Screening. Updated January 29, 2024. Accessed November 15, 2025. https://www.cancer.org/cancer/types/colon-rectal-cancer/detection-diagnosis-staging/acs-recommendations.html",UCnFQBx65LmJiUr7fuD7h4Cw,Cologuard,"Cologuard® products are intended to screen adults 45 and older at average risk for colorectal cancer. Do not use if you have had a personal history of colorectal cancer or polyps, have inflammatory bowel disease, a family history of colorectal cancer, or certain hereditary syndromes, or a positive result from another colon cancer screening method within that test's recommended screening interval. Cologuard results should be interpreted with caution as false positive and false negatives do occur. Rx only.

Content reflects information available and is accurate at the time of publication.

For more information:
Homepage: https://www.cologuard.com/
Important Risk Information: https://www.cologuard.com/risk-information

Facebook: https://www.facebook.com/Cologuard/
Instagram: https://www.instagram.com/cologuard/
",2014-07-07T18:48:03Z,,293058237,9450,False,2026-02-25T15:54:36Z,PT46S,46,en,en,false,no_captions_reported,,,,public,False,635,1,,0,True,1,What is average risk vs high risk for colon cancer screening?,7,myth vs. fact: do women need colon cancer screening?,myth vs. fact: do women need colon cancer screening?|UCnFQBx65LmJiUr7fuD7h4Cw,False,"[{""cancer_domain"": ""colon"", ""search_query"": ""What is average risk vs high risk for colon cancer screening?"", ""rank"": 7, ""contributor"": ""Yiran"", ""source"": ""USPSTF"", ""scope_category"": ""Pre-screening education""}]"
batch-yiran-colon-002,2026-09-26T22:12:18.316051+00:00,EVsThGepdcg,https://www.youtube.com/watch?v=EVsThGepdcg,Why colon cancer screening should start at age 45,"With colorectal cancer rates rising among younger patients, doctors at The Ohio State University Comprehensive Cancer Center – James Cancer Hospital and Solove Research Institute (OSUCCC – James) are joining colleagues across the country in recommending screening at age 45.

For many years, doctors recommended that people at average risk for colorectal cancer begin undergoing regular screening at 50. For more than a decade, though, diagnoses have been rising among people 49 and under. While researchers are working to identify the reason for the increase, physicians are advising people to be screened earlier to increase the chances of prevention and life-saving early detection.

Read on as OSUCCC – James gastroenterologist Peter Stanich, MD, explains the reason for the new guidelines, and the ways that colorectal cancer screening can save lives.

Why change the guidelines?

“In 40-year-olds, and particularly 45-to-49-year-olds, the risk for colon cancer has been going up—currently the risk for them is very similar to where it used to be for 50-year-olds,” Stanich says. “We know colon cancer screening is effective. Now, we just need to shift it earlier to age 45 to start to see that benefit in more people. Even though there are unfortunately 20-and-30-year-olds who are diagnosed with colon cancer, thankfully that is still very rare.” 

Risk matters

“When we think about colon cancer screening, the first thought is to break it down into average-risk people and high-risk people,” Stanich says. “Average risk is when you have no family history of colon cancer or high-risk colon polyps. High risk is considered to be having a first degree relative—a sibling, parent or child who's had colon cancer—or high-risk colon polyps. 

“If you're high risk, it's a little bit different. We recommend starting either at age 40 or 10 years before your relative was diagnosed. Let's say you had a parent who developed colon cancer at 55; we would recommend starting your screening at age 40. But if your parent developed it at age 45, I would recommend that you start at age 35.”

So do symptoms

“One important note is that if you have symptoms that could be consistent with colon cancer—including new abdominal pain, blood in the stool and/or dark black stool—all of that takes you out of those risk categories,” Stanich says. “That is something you need to discuss with your doctor, and you’ll likely need a colonoscopy sooner than the recommended ages.”

Testing methods

“The tried-and-true method is colonoscopy,” Stanich says. “That's where we take a long flexible camera, and we go through the large intestine to look for any polyps that can potentially turn into cancer. We know when we remove those polyps, we reduce your risk for colon cancer. We also know that we can find colon cancer early with colonoscopies, and then you can have surgery and potentially other treatments that save lives.

“The stool-based testing method is approved and also very good (though I don’t recommend it for those at high risk), but it's a two-step process where you have a test, and then you need a colonoscopy to follow up on the results if the results are abnormal. And there’s a radiologic test called a CT colonography—or virtual colonoscopy—that's also approved. This also would need to be followed by a colonoscopy if polyps or cancer are noted.”

Testing tech

“We're very excited about some new techniques that are available at the OSUCCC – James, including computer-aided detection, which is basically a computer that helps doctors find polyps in real time by scanning the screen during colonoscopies,” Stanich says. “We're currently trialing this, and we're having a lot of success. We’re excited to be able to provide this to our patients at Ohio State.”

Why it matters

“We know colon cancer screening is effective, and we know that the colon cancer rate in people over age 50 has been dropping because of this,” Stanich says. “We're excited to be able to bring that to a younger tier of patients.”",UCXGasnfbCpWYVW2RLTDPn4Q,Ohio State University Comprehensive Cancer Center-James Cancer Hospital & Solove Research Institute,"The Ohio State University Comprehensive Cancer Center — James Cancer Hospital and Solove Research Institute is a cancer center dedicated to translating research into high quality patient care and educational programs for residents of central Ohio and beyond. We are working toward our mission of a cancer-free world.

We're proud to have Team Buckeye, Ohio State's official peloton in central Ohio's grassroots bicycle tour, Pelotonia, as a partner as they raise money for cancer research at the OSUCCC – James. We are also supported by the Stefanie Spielman Fund for Breast Cancer Research, which has raised tens of millions of dollars toward breast cancer research and treatment.",2009-07-07T16:19:48Z,US,19474214,7420,False,2021-07-30T18:14:04Z,PT10M17S,617,en,en,false,no_captions_reported,,,,public,False,2331,10,0,0,True,1,What is average risk vs high risk for colon cancer screening?,8,why colon cancer screening should start at age 45,why colon cancer screening should start at age 45|UCXGasnfbCpWYVW2RLTDPn4Q,False,"[{""cancer_domain"": ""colon"", ""search_query"": ""What is average risk vs high risk for colon cancer screening?"", ""rank"": 8, ""contributor"": ""Yiran"", ""source"": ""USPSTF"", ""scope_category"": ""Pre-screening education""}]"
batch-yiran-colon-002,2026-09-26T22:12:18.316051+00:00,FY4uAeuWTag,https://www.youtube.com/watch?v=FY4uAeuWTag,Myth vs. Fact: Colon Cancer Is Anyone Really “Low Risk”?,"Colon cancer risk doesn’t disappear just because you feel healthy. One of the most common myths about colon cancer is the idea that being “low risk” means screening is not necessary. In this video, we break down Myth vs. Fact to explain why there is no such thing as low risk for colon cancer once you reach screening age.

Fact: Once you reach age 451, colon cancer screening becomes important, even if you feel healthy and don’t have a family history. Many people who are diagnosed had no family history, no symptoms, and were doing everything “right” when it came to diet and exercise. That’s why timely screening matters.

In this episode, we cover:
• Why “low risk” is a misleading term when it comes to colon cancer
• How colon cancer can affect people without a family history
• What “average risk” really means for adults 45 and older
• Why screening is still essential, even if you feel healthy

The Cologuard test is a noninvasive, at-home collection screening option for adults 45 and older at average risk for colon cancer. It’s prescribed by a healthcare provider and can be completed on your own schedule, without bowel prep or changes to your diet or medications and sent back for results. 

Screening is a personal decision, but understanding the facts can help you take the next step with confidence.

Learn more about whether the Cologuard test may be right for you:  https://www.cologuard.com/is-cologuard-right-for-me
Learn more about colon cancer screening options:  https://www.cologuard.com

#Cologuard #ColonCancerAwareness #ColonCancerScreening #GutCheck #ExactSciences #MythVsFact #AverageRisk #TimelyScreening

Important Note: Cologuard is not for everyone. If you’re experiencing symptoms or are at high risk for colon cancer, talk to your doctor about other screening options. 
 
Indication for Use: The Cologuard test is intended to screen adults 45 and older at average risk for colorectal cancer. Do not use if you have had adenomas, have inflammatory bowel disease, certain hereditary syndromes, or a personal or family history of colorectal cancer. Cologuard® is not a replacement for colonoscopy in high-risk patients. Cologuard performance in adults ages 45-49 is estimated based on a large clinical study of patients 50 and older. False positives and false negatives can occur. Rx only. Results may vary.

References:
1ACS. Guideline for Colorectal Cancer Screening. Updated January 29, 2024. Accessed November 15, 2025. https://www.cancer.org/cancer/types/colon-rectal-cancer/detection-diagnosis-staging/acs-recommendations.html",UCnFQBx65LmJiUr7fuD7h4Cw,Cologuard,"Cologuard® products are intended to screen adults 45 and older at average risk for colorectal cancer. Do not use if you have had a personal history of colorectal cancer or polyps, have inflammatory bowel disease, a family history of colorectal cancer, or certain hereditary syndromes, or a positive result from another colon cancer screening method within that test's recommended screening interval. Cologuard results should be interpreted with caution as false positive and false negatives do occur. Rx only.

Content reflects information available and is accurate at the time of publication.

For more information:
Homepage: https://www.cologuard.com/
Important Risk Information: https://www.cologuard.com/risk-information

Facebook: https://www.facebook.com/Cologuard/
Instagram: https://www.instagram.com/cologuard/
",2014-07-07T18:48:03Z,,293058237,9450,False,2026-01-12T20:11:52Z,PT36S,36,en,en,false,no_captions_reported,,,,public,False,1007,5,,0,True,1,What is average risk vs high risk for colon cancer screening?,9,myth vs. fact: colon cancer is anyone really “low risk”?,myth vs. fact: colon cancer is anyone really “low risk”?|UCnFQBx65LmJiUr7fuD7h4Cw,False,"[{""cancer_domain"": ""colon"", ""search_query"": ""What is average risk vs high risk for colon cancer screening?"", ""rank"": 9, ""contributor"": ""Yiran"", ""source"": ""USPSTF"", ""scope_category"": ""Pre-screening education""}]"
batch-yiran-colon-002,2026-09-26T22:12:18.316051+00:00,QMNS3aFsM2A,https://www.youtube.com/watch?v=QMNS3aFsM2A,Dr. Drew Discusses Shield™ – A Simple Blood Test for Colon Cancer Screening,"Colorectal cancer is the second leading cause of cancer-related deaths in the U.S., but early detection can make all the difference. Traditional screening methods can be invasive or unpleasant, leading many to avoid them altogether.

On Health Uncensored with Dr. Drew, Guardant Health's VP of Clinical Development, Sam Asgarian, MD, discusses Shield, our groundbreaking FDA-approved blood test for colon cancer screening. Learn how this more pleasant screening option is facilitating access to screening and early detection. Plus, hear John Gormly's powerful story—how a routine screening with Shield led to an early diagnosis that changed his life.

Learn more: ShieldCancerScreen.com

Important Product Information

The Shield™ test is a qualitative, in vitro diagnostic test intended to detect colorectal cancer derived alterations in cell-free DNA from blood collected in the Guardant Shield Blood Collection Kit.

Shield is indicated for colorectal cancer screening in individuals at average risk for the disease, age 45 years or older. Patients with a positive result should be followed by colonoscopy. Shield is not a replacement for diagnostic colonoscopy or for surveillance colonoscopy in high-risk individuals. This test is performed at Guardant Health, Inc.

Precaution: Based on data from clinical studies, Shield has limited detection (55%-65%) of Stage I colorectal cancer and does not detect 87% of precancerous lesions. One out of 10 patients with a negative Shield result may have a precancer that would have been detected by a screening colonoscopy. Shield demonstrated high detection of Stage II, III, and IV colorectal cancer.

Limitations and Other Important Information: The Shield test is not indicated for patients that have personal history of colorectal cancer, adenomas, or other related cancers; or those who had a positive result on another colorectal cancer screening method within the last six months, have been diagnosed with a condition associated with high risk for colorectal cancer such as Inflammatory Bowel Disease (IBD), chronic ulcerative colitis (CUC), Crohn’s disease; or who have a family history of colorectal cancer, or certain hereditary syndromes. Providers should discuss the most appropriate screening test to use with patients depending on their medical history and individual circumstances. Shield may produce a false negative or false positive result. A false negative result may occur when the Shield test does not detect a colorectal tumor signal while a colonoscopy identifies a colorectal cancer. A negative result does not guarantee the absence of colorectal cancer or advanced adenoma, and patients should continue participating in colorectal cancer screening programs at the appropriate guideline-recommended intervals. A false positive result may occur when the Shield test generates a positive result while a colonoscopy will not find colorectal cancer or advanced adenoma.",UCOFN9qxdlZJRnOfnyqIbA_g,Guardant Health,"Guardant Health is a leading precision medicine company focused on guarding wellness and giving every person more time free from cancer. Founded in 2012, we're transforming patient care by providing critical insights into what drives disease through its advanced blood and tissue tests, real-world data and AI analytics. Guardant® tests help improve outcomes across all stages of care, including screening to find cancer early, monitoring for recurrence in early-stage cancer, and treatment selection for patients with advanced cancer.
",2014-06-26T17:48:25Z,US,141663,944,False,2025-02-06T14:58:01Z,PT5M17S,317,en,,false,no_captions_reported,,,,public,False,6279,63,7,0,True,1,What is average risk vs high risk for colon cancer screening?,10,dr. drew discusses shield™ – a simple blood test for colon cancer screening,dr. drew discusses shield™ – a simple blood test for colon cancer screening|UCOFN9qxdlZJRnOfnyqIbA_g,False,"[{""cancer_domain"": ""colon"", ""search_query"": ""What is average risk vs high risk for colon cancer screening?"", ""rank"": 10, ""contributor"": ""Yiran"", ""source"": ""USPSTF"", ""scope_category"": ""Pre-screening education""}]"
batch-yiran-colon-002,2026-09-26T22:12:18.316051+00:00,__WkQfzh7V4,https://www.youtube.com/watch?v=__WkQfzh7V4,6 Warning Signs of Colon Cancer,"For more information about colon cancer, please visit https://cle.clinic/32ugyWD

Colon cancer is one of the most common cancers in people of all genders and the third leading cause of cancer-related deaths in the United States. It happens when the cells that line the colon become abnormal and grow out of control. 

With prompt treatment, though, the outlook is hopeful. Cleveland Clinic experts explain what kind of warning signs could indicate colon cancer and what to ask your doctor when it comes to screenings.  

Chapters: 
0:00 Intro
0:22 What is colon cancer?
1:00 6 warning signs of colon cancer
2:13 How are patients screen for colon cancer?
2:32 Who is at risk for colon cancer?
3:15 Is colon cancer treatable?

Resources:
Colorectal (Colon) Cancer - https://cle.clinic/32ugyWD
What You Can Do to Catch Colon Cancer Early - https://cle.clinic/3t5aFym

The information in this video was accurate as of 3.18.2022 and is for information purposes only. Consult your local medical authority or your healthcare practitioner for advice.

Like this video? Hit like and subscribe for more!
#clevelandclinic #coloncancer #colorectalcancer #warningsigns",UCxyiSz4m161Z6frOsFxJpgw,Cleveland Clinic,"Cleveland Clinic is a nonprofit multispecialty academic medical center. Founded in 1921, it is dedicated to providing quality specialized care and includes an outpatient clinic, a hospital with more than 1,000 staffed beds, an education division and a research institute.",2007-02-05T00:32:34Z,US,380244229,756000,False,2022-03-18T04:00:14Z,PT3M36S,216,en,en,true,captions_reported_available,,,,public,False,3533208,15673,1743,0,True,2,My mom had colon cancer at 50 — when should I start getting screened?,2,6 warning signs of colon cancer,6 warning signs of colon cancer|UCxyiSz4m161Z6frOsFxJpgw,False,"[{""cancer_domain"": ""colon"", ""search_query"": ""My mom had colon cancer at 50 — when should I start getting screened?"", ""rank"": 2, ""contributor"": ""Yiran"", ""source"": ""American Cancer Society"", ""scope_category"": ""Pre-screening education""}, {""cancer_domain"": ""colon"", ""search_query"": ""Do I need colon cancer screening if I have Crohn's disease or ulcerative colitis?"", ""rank"": 9, ""contributor"": ""Yiran"", ""source"": ""American Cancer Society / USPSTF"", ""scope_category"": ""Pre-screening education""}]"
batch-yiran-colon-002,2026-09-26T22:12:18.316051+00:00,VkIZ-Vr-NDc,https://www.youtube.com/watch?v=VkIZ-Vr-NDc,Most common colon cancer symptom,"The most common symptom of colon cancer is none at all. If you’re 45 or older, or have a family history of colorectal cancer, get screened!

Take our free screening quiz and learn your screening options 👉 quiz.getscreened.org",UChk_2XJ0-AcqeSfvyBrAANA,Colorectal Cancer Alliance,"We are the Colorectal Cancer Alliance. A non-profit organization, working with our nation of passionate allies. We exist to screen, care, and cure colorectal (colon and rectal) cancer within our lifetime. Newly diagnosed or need support? Call our free Helpline at (877) 422-2030 or visit colorectalcancer.org.

",2009-01-14T21:33:27Z,US,22616168,19900,False,2024-06-12T22:30:15Z,PT16S,16,en,,false,no_captions_reported,,,,public,False,872415,6316,677,0,True,1,My mom had colon cancer at 50 — when should I start getting screened?,3,most common colon cancer symptom,most common colon cancer symptom|UChk_2XJ0-AcqeSfvyBrAANA,False,"[{""cancer_domain"": ""colon"", ""search_query"": ""My mom had colon cancer at 50 — when should I start getting screened?"", ""rank"": 3, ""contributor"": ""Yiran"", ""source"": ""American Cancer Society"", ""scope_category"": ""Pre-screening education""}]"
batch-yiran-colon-002,2026-09-26T22:12:18.316051+00:00,y9W80TEgbGU,https://www.youtube.com/watch?v=y9W80TEgbGU,Colon Cancer Screening,"Visit http://www.leehealth.org/?utm_source=... or follow us on social media!

Instagram 📷: http://bit.ly/2HxJ81v 
Facebook📱: http://bit.ly/2IZlhtr  
Twitter 🐦: http://bit.ly/2NQApZ6

Lee Health is a nationally recognized, award-winning health system in Southwest Florida. We are caring people, inspiring health. 

Each year, nearly 150,000 new cases of colon cancer are diagnosed. “Colon cancer is one of the highest cancer killers in the country, but it is very preventable, that’s the important part,” explained Dr. Janette Gaw, a colorectal surgeon on the medical staff of Lee Health. 

Colonoscopies can prevent colon cancer. “A Colonoscopy prevents colon cancer, and yet if we look at our rates of screening there’s maybe 60 percent of people get it,” said Dr. Gaw. 

The outpatient procedure should be done starting at age 50—but if a patient has a family history or symptoms, they may need to get screened earlier. “If you have a family member with colon cancer and they were diagnosed at age 50, then you should get it ten years younger at 40. If somebody has bleeding that I can’t explain if somebody has any changes to their bowel habits, any weight loss that’s unusual, then we would get a colonoscopy sooner than later,” she explained. 

Patients are at a higher risk of developing colon cancer if they have inflammatory bowel diseases like Crohn’s disease or ulcerative colitis. “Polyps are the things that can eventually grow up to become cancers. So when we do a colonoscopy and we take out a polyp then the whole idea is that hopefully you never get cancer,” Dr. Gaw said. 

If a patient doesn’t have polyps, the recommendation is a colonoscopy every ten years. “Once they have a polyp then they are coming back in five years. If it’s a big polyp that’s kind of risky then it can be a year or even three years,” she said. 

If a patient has colon cancer, treatments can include surgery and possibly chemotherapy. Making it important to know your body and talk to your doctor about getting screened.",UC49JYhKBzUidtsDzG-SmFEA,Lee Health,"Looking for the latest and most relevant medical news? Look no further than Lee Health. Our ""Health Matters"" stories feature insights from our team of medical experts on a wide range of topics. From innovative treatments to inspiring patient journeys, every story has something to offer.

At Lee Health, we're committed to providing our community with the most up-to-date and interesting medical news available. So, join us and discover how ""Health Matters"" can help you live your healthiest life.

Lee Health is a nationally recognized, award-winning nonprofit health system in Southwest Florida.  For information on our initiatives and services,  visit www.leehealth.org or follow us on social media.",2010-12-21T20:04:58Z,US,58430919,164000,False,2019-03-24T15:04:46Z,PT1M55S,115,en,,false,no_captions_reported,,,,public,False,413,4,,0,True,1,My mom had colon cancer at 50 — when should I start getting screened?,4,colon cancer screening,colon cancer screening|UC49JYhKBzUidtsDzG-SmFEA,False,"[{""cancer_domain"": ""colon"", ""search_query"": ""My mom had colon cancer at 50 — when should I start getting screened?"", ""rank"": 4, ""contributor"": ""Yiran"", ""source"": ""American Cancer Society"", ""scope_category"": ""Pre-screening education""}]"
batch-yiran-colon-002,2026-09-26T22:12:18.316051+00:00,mlVAM1G1MrU,https://www.youtube.com/watch?v=mlVAM1G1MrU,Colon cancer screening saves Utah mom's life,"It was during a routine checkup where Mary Liefting first learned she had colon cancer. 
She said her doctor encouraged the then 50-year-old to schedule a colonoscopy, a procedure she now knows saved her life.

https://ksltv.com/478674/utah-mom-encourages-people-to-get-colon-cancer-screenings-that-saved-her-life/",UCUKyRkZuMdNv87E8xbObN4g,KSL News Utah,"News in Utah, from St. George to Logan, Tooele to Moab, we've got you covered! We broadcast from Salt Lake City, Utah. 

Stay with us for the latest videos and stories we're working on. News tips? Send them to news@ksl.com

---

KSL TV and KSL NewsRadio Social Media Community Statement:

We want to hear what you think and want to engage with you. Our ask is that you treat others with respect, even if you disagree with them. No harassment, name-calling, or hate speech.

Any content that violates our standards will be removed from this page. We believe in free speech, and with that comes responsibility.

- Hate Speech (Defined by the Cambridge Dictionary as “public speech that expresses hate or encourages violence towards a person or group based on something such as race, religion, sex, or sexual orientation”.)
- Personal Attacks
- Name Calling
- Harassment
- Foul Language
- Unsubstantiated Information (Not supported or proven by evidence.)
- Fake Accounts
- Spam
",2012-05-29T16:35:56Z,US,472109010,477000,False,2021-12-10T19:40:10Z,PT2M17S,137,en-US,en-US,true,captions_reported_available,,,,public,False,649,12,0,0,True,1,My mom had colon cancer at 50 — when should I start getting screened?,5,colon cancer screening saves utah mom's life,colon cancer screening saves utah mom's life|UCUKyRkZuMdNv87E8xbObN4g,False,"[{""cancer_domain"": ""colon"", ""search_query"": ""My mom had colon cancer at 50 — when should I start getting screened?"", ""rank"": 5, ""contributor"": ""Yiran"", ""source"": ""American Cancer Society"", ""scope_category"": ""Pre-screening education""}]"
batch-yiran-colon-002,2026-09-26T22:12:18.316051+00:00,eZpwUgUgiC0,https://www.youtube.com/watch?v=eZpwUgUgiC0,5 symptoms of colon cancer,Never write off symptoms — speak with your doctor. Take this short screening quiz 👉 quiz.getscreened.org,UChk_2XJ0-AcqeSfvyBrAANA,Colorectal Cancer Alliance,"We are the Colorectal Cancer Alliance. A non-profit organization, working with our nation of passionate allies. We exist to screen, care, and cure colorectal (colon and rectal) cancer within our lifetime. Newly diagnosed or need support? Call our free Helpline at (877) 422-2030 or visit colorectalcancer.org.

",2009-01-14T21:33:27Z,US,22616168,19900,False,2024-11-07T22:17:32Z,PT1M26S,86,en,,false,no_captions_reported,,,,public,False,287916,5551,310,0,True,1,My mom had colon cancer at 50 — when should I start getting screened?,6,5 symptoms of colon cancer,5 symptoms of colon cancer|UChk_2XJ0-AcqeSfvyBrAANA,False,"[{""cancer_domain"": ""colon"", ""search_query"": ""My mom had colon cancer at 50 — when should I start getting screened?"", ""rank"": 6, ""contributor"": ""Yiran"", ""source"": ""American Cancer Society"", ""scope_category"": ""Pre-screening education""}]"
batch-yiran-colon-002,2026-09-26T22:12:18.316051+00:00,UiRCwsZ_fBs,https://www.youtube.com/watch?v=UiRCwsZ_fBs,Here's what a stage 4 colon cancer patient wants you to know,"""It would not have been a death sentence."" Colon cancer is one of the most preventable cancers, and that's the message Jamie Comer of San Francisco wants you to hear. https://abc7ne.ws/4iD85XH




#coloncancer #coloncancerawareness #cancerscreening #health #abc7news",UCYUbNjkuE4lsr2v1Id2O1oA,ABC7 News Bay Area,"Welcome to the official YouTube channel for ABC7 Bay Area! Home to the stories Where You Live. Sometimes serious. Sometimes funny. Always true.

Want more? Check out: abc7news.com and follow us on Facebook, Twitter, and Instagram.",2013-12-07T03:40:54Z,US,771109983,706000,False,2025-03-25T05:13:44Z,PT3M24S,204,en,en-US,true,captions_reported_available,,,,public,False,914927,10160,1964,0,True,1,My mom had colon cancer at 50 — when should I start getting screened?,7,here's what a stage 4 colon cancer patient wants you to know,here's what a stage 4 colon cancer patient wants you to know|UCYUbNjkuE4lsr2v1Id2O1oA,False,"[{""cancer_domain"": ""colon"", ""search_query"": ""My mom had colon cancer at 50 — when should I start getting screened?"", ""rank"": 7, ""contributor"": ""Yiran"", ""source"": ""American Cancer Society"", ""scope_category"": ""Pre-screening education""}]"
batch-yiran-colon-002,2026-09-26T22:12:18.316051+00:00,Y5QL9fkDaSo,https://www.youtube.com/watch?v=Y5QL9fkDaSo,Experts: Colon Cancer Screening Should Starts At 45,"If you're in your mid-40s and haven't had your colon checked -- it may be time, reports Susan-Elizabeth Littlefield (2:16).
WCCO 4 News At 5 – May 30, 2018",UCry2gCVdntv6r661sKUiKXw,WCCO - CBS Minnesota,"Welcome to the official YouTube channel for WCCO News and CBS News Minnesota, your destination for everything local -- including breaking news and the best of Minnesota!  

Stream live worldwide on CBS Minnesota: https://wcco.com/live
Like us on Facebook: https://facebook.com/CBSMinnesota
Follow us on Twitter: https://twitter.com/wcco",2014-05-16T17:44:30Z,US,429712374,420000,False,2018-05-30T22:55:10Z,PT2M17S,137,en,en,true,captions_reported_available,,,,public,False,134,0,0,0,True,1,My mom had colon cancer at 50 — when should I start getting screened?,8,experts: colon cancer screening should starts at 45,experts: colon cancer screening should starts at 45|UCry2gCVdntv6r661sKUiKXw,False,"[{""cancer_domain"": ""colon"", ""search_query"": ""My mom had colon cancer at 50 — when should I start getting screened?"", ""rank"": 8, ""contributor"": ""Yiran"", ""source"": ""American Cancer Society"", ""scope_category"": ""Pre-screening education""}]"
batch-yiran-colon-002,2026-09-26T22:12:18.316051+00:00,isVX0_ZUuPw,https://www.youtube.com/watch?v=isVX0_ZUuPw,"Why You Should Get Your First Colonoscopy at Age 45, Experts Say","Record numbers of young people are being diagnosed with colon or rectal cancer. Over the past few decades, more than ten percent of all colorectal cancers occurred in people under age 50, which is up more than five percent in that age group over previous years. Doctors say the increase is likely due to lifestyle factors such as an unhealthy diet, which is described as one lacking enough fiber-rich foods like fruits and vegetables, an unhealthy diet also consists of one that is high in processed foods, particularly processed meats, and high in animal fat, especially red meat. Other risk factors for colorectal cancer include being overweight or obese, heavy alcohol consumption, lack of physical exercise, and tobacco use. 

Read the full story from CBN's Lorie Johnson:
https://www1.cbn.com/cbnnews/health/2022/june/why-you-should-get-your-first-colonoscopy-at-age-45-experts-say

Download the free CBN News App: http://cbnnews.com/app

SUBSCRIBE to the CBN News Channel for more: 
http://youtube.com/c/CBNnewsonline/?sub_confirmation=1

What's coming up next? Have a look at our program guide: https://www.youtube.com/redirect?q=http%3A%2F%2Fwww1.cbn.com%2Fcbnnews%2Fnewschann&redir_token=3Xja-7LE5ZQebEu1fn-B5ib34tN8MTU3OTg4MjMzMkAxNTc5Nzk1OTMy&v=P0mHVeNNfDw&event=video_description

CBN features 24-hour TV news from a Christian perspective. The CBN News Channel provides independent news programming to an underserved audience to enlighten, entertain and inspire Christians around the world. Comments below do not necessarily reflect the views of CBN.

Share this live feed with your friends and family:
https://www.youtube.com/c/CBNnewsonline

Like us on Facebook: https://www.facebook.com/cbnnews/
Like us on Twitter: https://twitter.com/CBNNews
Follow us on Instagram: https://www.instagram.com/cbnnews/

Contact News Editors: https://www.youtube.com/redirect?q=https%3A%2F%2Fwww1.cbn.com%2Fcontact%2Fcontact-&redir_token=3Xja-7LE5ZQebEu1fn-B5ib34tN8MTU3OTg4MjMzMkAxNTc5Nzk1OTMy&v=P0mHVeNNfDw&event=video_description

Questions about other CBN programs: https://www.youtube.com/redirect?q=https%3A%2F%2Fwww1.cbn.com%2Fcontact%2Fcontact-&redir_token=3Xja-7LE5ZQebEu1fn-B5ib34tN8MTU3OTg4MjMzMkAxNTc5Nzk1OTMy&v=P0mHVeNNfDw&event=video_description

Questions about supporting CBN? 
http://www1.cbn.com/cbn-partners  (and)  https://www.youtube.com/redirect?q=https%3A%2F%2Fsupport.google.com%2Fyoutube%2F%3Fp&redir_token=3Xja-7LE5ZQebEu1fn-B5ib34tN8MTU3OTg4MjMzMkAxNTc5Nzk1OTMy&v=P0mHVeNNfDw&event=video_description

Questions about Helping the Home Front? Call: 757-226-2333  
https://www.youtube.com/redirect?q=https%3A%2F%2Fwww1.cbn.com%2F700club%2Fhelping-&redir_token=3Xja-7LE5ZQebEu1fn-B5ib34tN8MTU3OTg4MjMzMkAxNTc5Nzk1OTMy&v=P0mHVeNNfDw&event=video_description

#breakingnews #politicalnews #christiannews #christian #christianity #church #breakingnews #cbnnews",UCYI_ychRnL7sJrG6PUSBpQA,CBN News,"CBN News is an international, nonprofit news organization that provides programming 24 hours a day by cable, satellite and the Internet. CBN News offers today’s news headlines and stories that impact the global Christian community. Because Truth Matters®.

► Download Our CBN Apps 

CBN News team.  http://cbnnews.com/app
CBN family: https://secure.cbn.com/cbnfamily/app.aspx
Super Book https://superbook.cbn.com/app
CBN Bible. https://cbn.com/apps
",2008-03-31T21:42:20Z,US,1261927191,2870000,False,2022-06-17T00:00:20Z,PT5M59S,359,en,en-US,false,no_captions_reported,,,,public,False,1554,25,4,0,True,1,My mom had colon cancer at 50 — when should I start getting screened?,9,"why you should get your first colonoscopy at age 45, experts say","why you should get your first colonoscopy at age 45, experts say|UCYI_ychRnL7sJrG6PUSBpQA",False,"[{""cancer_domain"": ""colon"", ""search_query"": ""My mom had colon cancer at 50 — when should I start getting screened?"", ""rank"": 9, ""contributor"": ""Yiran"", ""source"": ""American Cancer Society"", ""scope_category"": ""Pre-screening education""}]"
batch-yiran-colon-002,2026-09-26T22:12:18.316051+00:00,h31xFzjcnnA,https://www.youtube.com/watch?v=h31xFzjcnnA,Recommended age for colon cancer screening lowered to 45 years old.,"Dr. Dana Hayden,  Division Chief of Colon and Rectal Surgery at Rush University Medical Center in Chicago discusses the new guidelines for when you should screen for colon cancer. Watch NewsNation for unbiased national and international news. Get the latest news 24/7 at newsnationnow.com",UCCjG8NtOig0USdrT5D1FpxQ,NewsNation,"America’s source for fact-based, unbiased news for all Americans. 
📺 Find us on your TV: https://www.newsnationnow.com/joinus/
📱  Download our app: https://nnnow.tv/app 
For business and partnership inquiries contact business@newsnationnow.com

",2020-05-06T16:17:32.839092Z,US,1951934382,2760000,False,2021-05-19T15:52:04Z,PT5M27S,327,en,en,true,captions_reported_available,,,,public,False,104,2,1,0,True,1,My mom had colon cancer at 50 — when should I start getting screened?,10,recommended age for colon cancer screening lowered to 45 years old.,recommended age for colon cancer screening lowered to 45 years old.|UCCjG8NtOig0USdrT5D1FpxQ,False,"[{""cancer_domain"": ""colon"", ""search_query"": ""My mom had colon cancer at 50 — when should I start getting screened?"", ""rank"": 10, ""contributor"": ""Yiran"", ""source"": ""American Cancer Society"", ""scope_category"": ""Pre-screening education""}]"
batch-yiran-colon-002,2026-09-26T22:12:18.316051+00:00,2c4AMBjtg_4,https://www.youtube.com/watch?v=2c4AMBjtg_4,Colon Cancer in Crohn’s & Ulcerative Colitis (IBD): Everything You Need to Know (2026),"⚠️ Medical Disclaimer

This video is for educational purposes only and is not medical advice.
Every patient is unique. Please discuss your symptoms, treatment and surveillance plan with your own gastroenterologist or healthcare professional.
⸻

If you live with Ulcerative Colitis (UC) or Crohn’s disease (i.e. collectively called Inflammatory Bowel Disease, or IBD), it’s completely understandable to worry about your risk of bowel cancer, also known as colorectal cancer. Many patients ask me:

“Why does IBD increase cancer risk?”
“How high is my actual risk?”
“When & How often do I need colonoscopy?”
“Can my medication cause cancer?”
""What can I do to prevent the cancer?""

In this video, I will answer each of these important questions in detail (updated for 2026). 

I’m Dr Ryan Choi (theGastroDoc), a gastroenterologist, IBD specialist and PhD scientist focused on IBD-associated colorectal cancer, and I break down the science in a simple, visual and practical way.

⸻

🔎 What You Will Learn

• How chronic inflammation in Crohn’s & UC drives cancer development
• How cancer risk changes based on the part of the bowel involved in IBD
• The three major risk factors: duration, extent, severity of inflammation
• What to look for in your Colonoscopy report to assess your risk
• When to start colonoscopy surveillance (8-year rule)
• 2025 BSG (British Society of Gastroenterology) guidance on how often to repeat colonoscopy
• Whether IBD medications increase or reduce cancer risk
• The three most effective steps to keep your cancer risk low

⸻
Links:

If you have enjoyed this video, and want to understand HOW colorectal cancer develop in IBD, you will love this video:
https://youtu.be/1GBaL2ItyZ4 

Here is the BSG guideline on Colorectal Cancer surveillance in IBD (2025):
https://gut.bmj.com/content/early/2025/04/29/gutjnl-2025-335023",UCud1dAV1bo_W_vVOmkwv3mQ,TheGastroDoc,"Hi guys!
I am an academic gastroenterologist (MD-PhD) based at a university hospital in Sydney, Australia. I specialise in disorders of the digestive organs, including the stomach, intestines, and liver. My goal is to present complex medical information in a clear and accessible way. I believe that helping people understand their health issues is crucial for empowering them to take charge of their own health. I hope you find valuable information on my channel!

My Credentials:
1. MBBS in Medicine and Surgery, Imperial College School of Medicine, UK
2. Masters in Bioinformatics, Imperial College London, UK
3. PhD in Inflammatory Bowel Disease and Colorectal Cancer, St. Mark's Hospital & QMUL, UK
4. FRACP (Fellow of Royal Australian College of Physicians (Gastroenterology)), Australia

My links:
https://x.com/DrRyanChoi (twitter)
https://www.linkedin.com/in/chang-ho-ryan-choi-b68ab0b4/ (linkedin)
https://scholar.google.com/citations?user=2-kSx2UAAAAJ (Google scholar)
",2025-03-04T04:54:43.942096Z,,63486,1290,False,2025-11-30T01:30:05Z,PT14M21S,861,en,en-AU,false,no_captions_reported,,,,public,False,5933,171,35,0,True,1,Do I need colon cancer screening if I have Crohn's disease or ulcerative colitis?,1,colon cancer in crohn’s & ulcerative colitis (ibd): everything you need to know (2026),colon cancer in crohn’s & ulcerative colitis (ibd): everything you need to know (2026)|UCud1dAV1bo_W_vVOmkwv3mQ,False,"[{""cancer_domain"": ""colon"", ""search_query"": ""Do I need colon cancer screening if I have Crohn's disease or ulcerative colitis?"", ""rank"": 1, ""contributor"": ""Yiran"", ""source"": ""American Cancer Society / USPSTF"", ""scope_category"": ""Pre-screening education""}]"
batch-yiran-colon-002,2026-09-26T22:12:18.316051+00:00,8sxaWrjyoo0,https://www.youtube.com/watch?v=8sxaWrjyoo0,What to do if you have a Crohn's disease or ulcerative colitis flare | GI Society,"If you experience a new onset of IBD symptoms such as diarrhea, rectal bleeding, abdominal pain, fistulae, or fever, especially if they are worse than before, it could mean that you are having a flare.

Franҫais :  https://youtu.be/o0qM9ZN2VpQ
_______________________________
FIND US AT
https://badgut.org
 
STAY IN TOUCH
Join our email list: https://badgut.org/email-sign-up/
 
FOLLOW US ON SOCIAL
Facebook: https://www.facebook.com/GISociety
Instagram: https://www.instagram.com/gisociety/
X: https://twitter.com/GISociety
Pinterest: https://www.pinterest.com/gisociety/
 
TRACK YOUR DIGESTIVE HEALTH
Purchase one of our printed three-month digestive health journals, learn more at https://badgut.org/digestive-health-journals/

The Gastrointestinal Society, a registered Canadian charity, provides trusted, evidence-based information on all areas of the gastrointestinal tract, and is committed to improving the lives of people with GI and liver conditions, supporting research, advocating for appropriate patient access to healthcare, and promoting gastrointestinal and liver health. The information contained in this video is in no way intended to replace the knowledge or diagnosis of your healthcare provider. We advise seeking a physician or other medical professional whenever a health problem arises requiring an expert’s care.

© 2022 Gastrointestinal Society.",UCud06U6_6M0ilG7VqOAnL7g,Gastrointestinal Society,"The Gastrointestinal Society, a registered Canadian charity, provides trusted, evidence-based information on all areas of the gastrointestinal tract, and is committed to improving the lives of people with GI and liver conditions, supporting research, advocating for appropriate patient access to health care, and promoting gastrointestinal and liver health. This channel is used to post the GI Society's educational videos. For more free information on digestive diseases and disorders, please visit our website https://www.badgut.org/",2014-06-05T20:57:18Z,CA,3193942,25300,False,2022-05-09T18:25:15Z,PT5M6S,306,en,en-CA,true,captions_reported_available,,,,public,False,264275,2246,448,0,True,1,Do I need colon cancer screening if I have Crohn's disease or ulcerative colitis?,2,what to do if you have a crohn's disease or ulcerative colitis flare | gi society,what to do if you have a crohn's disease or ulcerative colitis flare | gi society|UCud06U6_6M0ilG7VqOAnL7g,False,"[{""cancer_domain"": ""colon"", ""search_query"": ""Do I need colon cancer screening if I have Crohn's disease or ulcerative colitis?"", ""rank"": 2, ""contributor"": ""Yiran"", ""source"": ""American Cancer Society / USPSTF"", ""scope_category"": ""Pre-screening education""}]"
batch-yiran-colon-002,2026-09-26T22:12:18.316051+00:00,Yo5bL87Q7UE,https://www.youtube.com/watch?v=Yo5bL87Q7UE,"Cancer Risk Increased with Crohn's Disease, Not Ulcerative Colitis - IBD in the News","John Kisiel, M.D., a gastroenterologist at Mayo Clinic specializing in the care and evaluation of patients with IBD, discusses a recent study published in the American Journal of Gastroenterology that concluded patients with Crohn's disease, but not ulcerative colitis, have an overall excess risk of cancer",UC8fQzKHIhSoZeSq3bwQx4mw,Mayo Clinic,"Mayo Clinic is a nonprofit worldwide leader in medical care, research and education for people from all walks of life. Doctors from every medical specialty work together to care for patients, joined by common systems and a philosophy of ""the needs of the patient come first."" Our headquarters are located in Rochester, MN, while we have campuses in Florida and Arizona.

Looking to connect with others facing similar health issues? Check out Mayo Clinic Connect — an online community where you can share your experiences, ask questions and find support from people like you.

Mayo Clinic locations and more: https://www.mayoclinic.org/about/
Detailed list of all our phone numbers: https://www.mayoclinic.org/contact/

*For the safety of our patients, staff and visitors, Mayo Clinic has strict masking policies in place. Anyone shown without a mask was either recorded prior to COVID-19 or recorded in a non-patient care area where social distancing and other safety protocols were followed.
",2006-06-16T03:47:20Z,US,497821663,1260000,False,2013-12-06T15:14:54Z,PT5M11S,311,en,en,false,no_captions_reported,,,,public,False,17724,154,,0,True,1,Do I need colon cancer screening if I have Crohn's disease or ulcerative colitis?,3,"cancer risk increased with crohn's disease, not ulcerative colitis - ibd in the news","cancer risk increased with crohn's disease, not ulcerative colitis - ibd in the news|UC8fQzKHIhSoZeSq3bwQx4mw",False,"[{""cancer_domain"": ""colon"", ""search_query"": ""Do I need colon cancer screening if I have Crohn's disease or ulcerative colitis?"", ""rank"": 3, ""contributor"": ""Yiran"", ""source"": ""American Cancer Society / USPSTF"", ""scope_category"": ""Pre-screening education""}]"
batch-yiran-colon-002,2026-09-26T22:12:18.316051+00:00,QEoMN2sDMVc,https://www.youtube.com/watch?v=QEoMN2sDMVc,IBD Increases Colon Cancer Risk — Here’s What to Do About It | GoodRx,"In this video, Elliot Newman, MD, explains why Crohn’s disease and ulcerative colitis increase the risk of colon cancer, and how treatment and regular screening can help.

Learn more: https://goodrx.co/ColonCancerRiskFactors

Go to https://goodrx.co/health for the answers you need from doctors, pharmacists, and journalists you can trust.

Follow Us On Social:
TikTok - https://goodrx.co/TikTok
Instagram - https://goodrx.co/instagram
Facebook - https://goodrx.co/Facebook
X - https://goodrx.co/Twitter

#inflammatoryboweldisease #coloncancerawareness #colonoscopy",UC9RxmT78rlDD2Q8OTt7q9Mw,GoodRx,"Spend less time and money on prescriptions. Learn more from trusted health professionals.
",2013-09-12T19:06:45Z,US,171972548,36300,False,2025-02-20T23:00:19Z,PT2M2S,122,en,en-US,true,captions_reported_available,,,,public,False,287,10,0,0,True,1,Do I need colon cancer screening if I have Crohn's disease or ulcerative colitis?,4,ibd increases colon cancer risk — here’s what to do about it | goodrx,ibd increases colon cancer risk — here’s what to do about it | goodrx|UC9RxmT78rlDD2Q8OTt7q9Mw,False,"[{""cancer_domain"": ""colon"", ""search_query"": ""Do I need colon cancer screening if I have Crohn's disease or ulcerative colitis?"", ""rank"": 4, ""contributor"": ""Yiran"", ""source"": ""American Cancer Society / USPSTF"", ""scope_category"": ""Pre-screening education""}]"
batch-yiran-colon-002,2026-09-26T22:12:18.316051+00:00,chdqFamtU3A,https://www.youtube.com/watch?v=chdqFamtU3A,Inflammatory bowel disease and colon cancer: Expert Q&A,"People with inflammatory bowel disease (IBD) have a greater risk for developing colon cancer. David T. Rubin, MD, and Atsushi Sakuraba, MD, PhD, answer questions about IBD-associated colorectal cancer as well as what can be done to decrease this risk. Click ""Show More"" to view a full table of contents of the topics discussed.

Table of Contents:
0:01:04 What is IBD? What is the difference between Crohn's disease and ulcerative colitis?
0:02:49 What is the University of Chicago's history with IBD research?
0:04:00 Why are people with IBD at a greater risk of developing colon cancer?
0:05:10 What are some of the risk factors that are associated with developing colon cancer?
0:07:16 How important is diet when you have IBD?
0:08:13 Are people with rheumatoid arthritis prone to get colon cancer?
0:09:12 Does aspirin help treat IBD?
0:09:45 What steps can I take to reduce the risk of colon cancer?
0:11:44 What are some of the new techniques that are used to screen for colon cancer?
0:14:52 How has IBD treatment evolved over time, and how can it help reduce the risk for colon cancer?
0:16:58 How does a team help me fight IBD?
0:18:51 Do inherited gene mutations cause IBD?
0:19:20 How can I tell the differences between an IBD flare up and colon cancer?
0:20:36 Is microscopic colitis at a higher risk for colon cancer?
0:22:08 What are virtual colonoscopies and are they as effective as the traditional approach?
0:23:48 If I've been diagnosed with IBD when should I get screened for colon cancer?
0:25:19 If my IBD has been in remission for a long time, do I still need to get a colonoscopy every couple of years?
0:26:23 How can I live a normal life if I have colon cancer?


Learn more At Forefront of Medicine:
Website: http://www.uchicagomedicine.org
Twitter: http://www.twitter.com/uchicagomed
Facebook: http://www.facebook.com/uchicagomed
Make an appointment today at 888-824-0200.",UCGblQyc4NfpsQ2hLMUYRqZg,UChicago Medicine,"Our videos offer interviews with the University of Chicago Medicine experts, patient stories, overviews of our programs and services, and explorations into the changing world of biomedicine.",2009-05-15T22:45:43Z,US,4894434,18100,False,2019-03-29T17:08:32Z,PT28M50S,1730,en,,true,captions_reported_available,,,,public,False,7426,82,17,0,True,1,Do I need colon cancer screening if I have Crohn's disease or ulcerative colitis?,5,inflammatory bowel disease and colon cancer: expert q&a,inflammatory bowel disease and colon cancer: expert q&a|UCGblQyc4NfpsQ2hLMUYRqZg,False,"[{""cancer_domain"": ""colon"", ""search_query"": ""Do I need colon cancer screening if I have Crohn's disease or ulcerative colitis?"", ""rank"": 5, ""contributor"": ""Yiran"", ""source"": ""American Cancer Society / USPSTF"", ""scope_category"": ""Pre-screening education""}]"
batch-yiran-colon-002,2026-09-26T22:12:18.316051+00:00,VnW1xmww5uo,https://www.youtube.com/watch?v=VnW1xmww5uo,Ulcerative Colitis vs. Crohn's Disease - Know the Difference | Med Surg Help for Nursing School,"Get Access to Nurse In The Making + with The Complete Nursing School Bundle: https://nurseinthemaking.co/nursingschoolbundle

– The Complete NCLEX Med Surg Flashcards – 
https://nurseinthemaking.co/medsurg

–  Nursing School Study Guides – 
https://nurseinthemaking.co/shop

– FREE Guides– 
https://nurseinthemaking.co/free

STAY IN TOUCH💛
Subscribe: https://www.youtube.com/channel/UC_W1NUJxxzR_wABRhQ3Hzxg
Instagram: https://www.instagram.com/kristine_nurseinthemaking/
TikTok: https://www.tiktok.com/@nurseinthemakingkristine

A message from Kristine, founder of NurseInTheMaking📣
My name is Kristine and I survived nursing school…and you can too!
Nurse In The Making was inspired during my time in nursing school. I immediately struggled and decided to create my own study guides. These guides have helped me personally as well as many others make nursing school just a little more manageable.I hope you find comfort knowing that everyone struggles at times. Nursing school is emotionally and physically draining. I hope these informative, clean, and simple guides help you navigate through all the information because there is A LOT of it in nursing school.

Happy Studying Future Nurses. Don't forget to enjoy the journey!",UC_W1NUJxxzR_wABRhQ3Hzxg,NurseInTheMaking,"Welcome to NurseInTheMaking! 💙
I'm here to make nursing school a little bit easier. 

My name is Kristine and I survived nursing school...and you can too!

Nurse In The Making was inspired during my time in nursing school. I immediately struggled and decided to create my own study guides. These guides have helped me personally as well as many others make nursing school just a little more manageable. 

I hope you find comfort knowing that everyone struggles at times. Nursing school is emotionally and physically draining. I hope these informative, clean, and simply guides help you navigate through all the information because there is A LOT of it in nursing school. 

Please reach out if you have any questions, concerns, or just need a friend to talk to who's been in your shoes! Take heart: the challenges make you stronger. We are training to care for real lives, with real families. 

YOU'VE GOT THIS FUTURE NURSE! 
With love, 
Kristine Tuttle, BSN, RN",2021-01-20T14:21:40.668231Z,US,55958171,424000,False,2023-10-05T20:12:00Z,PT6M55S,415,en,en-US,false,no_captions_reported,,,,public,False,190978,4114,87,0,True,1,Do I need colon cancer screening if I have Crohn's disease or ulcerative colitis?,6,ulcerative colitis vs. crohn's disease - know the difference | med surg help for nursing school,ulcerative colitis vs. crohn's disease - know the difference | med surg help for nursing school|UC_W1NUJxxzR_wABRhQ3Hzxg,False,"[{""cancer_domain"": ""colon"", ""search_query"": ""Do I need colon cancer screening if I have Crohn's disease or ulcerative colitis?"", ""rank"": 6, ""contributor"": ""Yiran"", ""source"": ""American Cancer Society / USPSTF"", ""scope_category"": ""Pre-screening education""}]"
batch-yiran-colon-002,2026-09-26T22:12:18.316051+00:00,IG2rEoDH9GE,https://www.youtube.com/watch?v=IG2rEoDH9GE,"Crohn's Disease vs Ulcerative Colitis Nursing | Crohn's vs Colitis Chart Symptoms, Treatment","Crohn's disease vs ulcerative colitis nursing review of the symptoms, treatment, diet, and pathophysiology for NCLEX. 
Nursing School Study Bundle: https://nursesarah.com

In this video, you will see an ulcerative colitis vs Crohn's disease chart/table that explains the similarities and differences between these two types of IBD (inflammatory bowel diseases). In addition, I will give you two Crohn's disease vs ulcerative colitis mnemonics to help you differentiate between Crohn's complications and ulcerative colitis signs and symptoms. 

Crohn's and ulcerative colitis are two types of inflammatory bowel diseases that cause inflammation and ulcers formation in the GI tract. Crohn's disease affects the whole bowel lining to the serosa. While ulcerative colitis (uc) affects the inner lining of the GI lining (the mucosa and submucosa). 

Both diseases increase a person's risk of developing colon cancer. Complications associated with Crohn's disease are: abscesses, fistulas, malnourishment, fissures, and strictures/bowel obstruction. Complications associated with ulcerative colitis include: toxic megacolon, rupturing of the bowel which leads to peritonitis. 

Don't forget to take the review quiz below:

Ulcerative colitis vs Crohn's Disease Quiz: https://www.registerednursern.com/crohns-disease-vs-ulcerative-colitis-nclex-quiz/

Notes: https://www.registerednursern.com/crohns-disease-vs-ulcerative-colitis-nclex-review/

More GI reviews: https://www.youtube.com/playlist?list=PLQrdx7rRsKfVVQ5TeRY7Vy1Tq3pcGTDFO

Subscribe: http://www.youtube.com/subscription_center?add_user=registerednursern

Nursing School Supplies: http://www.registerednursern.com/the-ultimate-list-of-nursing-medical-supplies-and-items-a-new-nurse-student-nurse-needs-to-buy/

Nursing Job Search: http://www.registerednursern.com/nursing-career-help/

Visit our website RegisteredNurseRN.com for free quizzes, nursing care plans, salary information, job search, and much more: http://www.registerednursern.com

Check out other Videos: https://www.youtube.com/user/RegisteredNurseRN/videos
All of our videos in a playlist: https://www.youtube.com/watch?v=pAhHxt663pU&list=PLQrdx7rRsKfXMveRcN4df0bad3ugEaQnk

Popular Playlists:

NCLEX Reviews: https://www.youtube.com/playlist?list=PLQrdx7rRsKfWtwCDmLHyX2UeHofCIcgo0
Fluid & Electrolytes: https://www.youtube.com/playlist?list=PLQrdx7rRsKfWJSZ9pL8L3Q1dzdlxUzeKv
Nursing Skills: https://www.youtube.com/playlist?list=PLQrdx7rRsKfUhd_qQYEbp0Eab3uUKhgKb
Nursing School Study Tips: https://www.youtube.com/playlist?list=PLQrdx7rRsKfWBO40qeDmmaMwMHJEWc9Ms
Nursing School Tips & Questions"" https://www.youtube.com/playlist?list=PLQrdx7rRsKfVQok-t1X5ZMGgQr3IMBY9M
Teaching Tutorials: https://www.youtube.com/playlist?list=PLQrdx7rRsKfUkW_DpJekN_Y0lFkVNFyVF
Types of Nursing Specialties: https://www.youtube.com/playlist?list=PLQrdx7rRsKfW8dRD72gUFa5W7XdfoxArp
Healthcare Salary Information: https://www.youtube.com/playlist?list=PLQrdx7rRsKfVN0vmEP59Tx2bIaB_3Qhdh
New Nurse Tips: https://www.youtube.com/playlist?list=PLQrdx7rRsKfVTqH6LIoAD2zROuzX9GXZy
Nursing Career Help: https://www.youtube.com/playlist?list=PLQrdx7rRsKfVXjptWyvj2sx1k1587B_pj
EKG Teaching Tutorials: https://www.youtube.com/playlist?list=PLQrdx7rRsKfU-A9UTclI0tOYrNJ1N5SNt
Personality Types: https://www.youtube.com/playlist?list=PLQrdx7rRsKfU0qHnOjj2jf4Hw8aJaxbtm
Dosage & Calculations for Nurses: https://www.youtube.com/playlist?list=PLQrdx7rRsKfUYdl0TZQ0Tc2-hLlXlHNXq
Diabetes Health Management: https://www.youtube.com/playlist?list=PLQrdx7rRsKfXtEx17D7zC1efmWIX-iIs9",UCPyMN8DzkFl2__xnTEiGZ1w,RegisteredNurseRN,"Nurse Sarah provides NCLEX reviews, skills, school tips, & career help for students and nurses via RegisteredNurseRN.com. Please SUBSCRIBE & share our videos with others!

Nurse Sarah (BSN, RN) graduated from nursing school in 2009 with honors. She passed NCLEX on her first try & has worked as a bedside nurse in a variety of settings, including progressive care (PCU), telemetry, and medical-surgical. In addition, she has worked in non-invasive cardiology as a stress lab nurse and charge nurse.

Nurse Sarah has trained many students on the job, and she has taught millions of viewers through her website and YouTube channel. Her true passion is teaching students and helping new nurses succeed. She is also a Christian, wife, and mother to her two sons. 

This channel is for educational purposes only and is not intended as medical advice. While we strive for 100% accuracy, errors may occur, and medications and protocols do change over time.",2011-01-29T21:16:30Z,US,566618520,5590000,False,2017-03-13T11:13:32Z,PT15M56S,956,en,en-US,true,captions_reported_available,,,,public,False,862596,9803,193,0,True,1,Do I need colon cancer screening if I have Crohn's disease or ulcerative colitis?,7,"crohn's disease vs ulcerative colitis nursing | crohn's vs colitis chart symptoms, treatment","crohn's disease vs ulcerative colitis nursing | crohn's vs colitis chart symptoms, treatment|UCPyMN8DzkFl2__xnTEiGZ1w",False,"[{""cancer_domain"": ""colon"", ""search_query"": ""Do I need colon cancer screening if I have Crohn's disease or ulcerative colitis?"", ""rank"": 7, ""contributor"": ""Yiran"", ""source"": ""American Cancer Society / USPSTF"", ""scope_category"": ""Pre-screening education""}]"
batch-yiran-colon-002,2026-09-26T22:12:18.316051+00:00,2fDnhC4CnHE,https://www.youtube.com/watch?v=2fDnhC4CnHE,Dr. Costrini explains the increase risk of Colon Cancer among patients with IBD,"Dr. Nicholas Costrini, M.D., Ph.D., MBA tells us why it's important to check-in with your gastroenterologist when you have Inflammatory Bowel Disease.",UCru8YsOHXLk_FIWvmQKdh2A,Borland Groover,"Many people assume that all physicians and health care facilities deliver the same high quality services and choose their physicians by simply referring to their insurance plan's physician directory. How do you know you will receive the quality care and courteous treatment you seek? At Borland Groover, you can be assured of receiving the highest quality digestive health care delivered in a caring environment. We specialize in gastroenterology and hepatology.  Get to know our physicians and understand what to expect during your visit at Borland Groover by watching a few of our short video clips.",2010-03-10T13:56:28Z,US,288741,588,False,2021-11-30T21:47:55Z,PT1M8S,68,en,en,false,no_captions_reported,,,,public,False,458,3,0,0,True,1,Do I need colon cancer screening if I have Crohn's disease or ulcerative colitis?,8,dr. costrini explains the increase risk of colon cancer among patients with ibd,dr. costrini explains the increase risk of colon cancer among patients with ibd|UCru8YsOHXLk_FIWvmQKdh2A,False,"[{""cancer_domain"": ""colon"", ""search_query"": ""Do I need colon cancer screening if I have Crohn's disease or ulcerative colitis?"", ""rank"": 8, ""contributor"": ""Yiran"", ""source"": ""American Cancer Society / USPSTF"", ""scope_category"": ""Pre-screening education""}]"
batch-yiran-colon-002,2026-09-26T22:12:18.316051+00:00,ANoou763RyI,https://www.youtube.com/watch?v=ANoou763RyI,How Does IBD Affect Colorectal Cancer Screening? - Colon Health Channel,"How Does IBD Affect Colorectal Cancer Screening? Are you aware of how inflammatory bowel disease (IBD) influences colorectal cancer screening? In this video, we explain the connection between conditions like Crohn’s disease and ulcerative colitis and their impact on colon health. We'll cover how long-term inflammation in the colon can increase the risk of abnormal cell growth, which may develop into cancer over time. Understanding these risks is essential for anyone living with IBD or caring for someone who does. We’ll discuss recommended screening schedules, including when to start colonoscopies and how often they should be performed based on individual factors. Advances in endoscopy techniques, such as chromoendoscopy and virtual chromoendoscopy, have improved the detection of early changes in the colon lining, making screenings more effective. Additionally, we highlight the importance of personalized screening plans and regular communication with healthcare providers to manage inflammation and reduce cancer risk. Managing IBD proactively through proper medical care and timely screenings can significantly improve health outcomes. Whether you have IBD or support someone who does, understanding the importance of vigilant colon health monitoring is key. Stay informed and consult your healthcare team to develop a screening plan tailored to your needs.

🔗H

⬇️ Subscribe to our channel for more valuable insights.

🔗Subscribe: https://www.youtube.com/@ColonHealthChannel/?sub_confirmation=1 

#IBD #ColorectalCancer #ColonHealth #CrohnsDisease #UlcerativeColitis #ColonScreening #Colonoscopy #CancerPrevention #Inflammation #Endoscopy #HealthTips #DigestiveHealth #MedicalAdvances #CancerAwareness #HealthMonitoring 

About Us: Welcome to the Colon Health Channel! Our mission is to provide essential information on colorectal health, focusing on topics like colorectal cancer symptoms, colon cancer screening, rectal cancer signs, and the stages of colorectal cancer. We also cover treatment options, risk factors, surgery for colorectal cancer, and living with the condition. Our friendly tone aims to make complex health issues more approachable for everyone. The content provided is for general informational and educational purposes only. It is not intended to substitute for professional medical advice, diagnosis, or treatment. Never disregard professional medical advice or delay seeking it because of something you have seen in this content. Never rely on this information in place of consulting with qualified healthcare professionals. The creators and distributors of this content are not responsible for any adverse effects or consequences resulting from the use of any suggestions, preparations, or procedures described in this material. Always consult with your healthcare provider before starting any new health-related practice or program.",UC9hvmN4dfcHQIH6NkO_sboQ,Colon Health Channel,"Welcome to the Colon Health Channel! Our mission is to provide essential information on colorectal health, focusing on topics like colorectal cancer symptoms, colon cancer screening, rectal cancer signs, and the stages of colorectal cancer. We also cover treatment options, risk factors, surgery for colorectal cancer, and living with the condition. Our friendly tone aims to make complex health issues more approachable for everyone.

DISCLAIMER: This content is independently created by Colon Health Channel and is presented for informational purposes only. We maintain no affiliation, partnership, or formal relationship with any individuals, organizations, companies, or products featured in this content. All trademarks and brand names mentioned are acknowledged as the property of their respective owners. While we strive for accuracy, we encourage viewers to verify current information through official channels and authorized sources.
",2025-03-31T18:21:13.875811Z,US,195399,446,False,2025-08-28T22:22:31Z,PT2M57S,177,en,,false,no_captions_reported,,,,public,False,4,0,0,0,True,1,Do I need colon cancer screening if I have Crohn's disease or ulcerative colitis?,10,how does ibd affect colorectal cancer screening? - colon health channel,how does ibd affect colorectal cancer screening? - colon health channel|UC9hvmN4dfcHQIH6NkO_sboQ,False,"[{""cancer_domain"": ""colon"", ""search_query"": ""Do I need colon cancer screening if I have Crohn's disease or ulcerative colitis?"", ""rank"": 10, ""contributor"": ""Yiran"", ""source"": ""American Cancer Society / USPSTF"", ""scope_category"": ""Pre-screening education""}]"
batch-yiran-colon-002,2026-09-26T22:12:18.316051+00:00,8rCW4SUMnaA,https://www.youtube.com/watch?v=8rCW4SUMnaA,ASK UNMC! How accurate is Cologuard?,"Derrick Eichele, MD, UNMC College of Medicine",UCWSxHB01NmMR3uXeiX5IGNA,UNMCEDU,Videos from the events of the University of Nebraska Medical Center.,2007-09-05T05:23:00Z,,8762178,18400,False,2020-10-12T13:00:01Z,PT57S,57,en,en,false,no_captions_reported,,,,public,False,9474,38,0,0,True,1,What is a Cologuard test and how accurate is it?,1,ask unmc! how accurate is cologuard?,ask unmc! how accurate is cologuard?|UCWSxHB01NmMR3uXeiX5IGNA,False,"[{""cancer_domain"": ""colon"", ""search_query"": ""What is a Cologuard test and how accurate is it?"", ""rank"": 1, ""contributor"": ""Yiran"", ""source"": ""American Cancer Society"", ""scope_category"": ""Pre-screening education""}]"
batch-yiran-colon-002,2026-09-26T22:12:18.316051+00:00,45sfNnVS3C4,https://www.youtube.com/watch?v=45sfNnVS3C4,What Are My Thoughts On Cologuard?,"-----------------------------------------------------------------------------------------
To make an APPOINTMENT: (806-696-4440)
https://lubbockgastro.com/appointment-request/

----------------------------------------------------------------------------------------------
👐Sign up for my weekly newsletter: https://bit.ly/2MtOXhN

Let’s Connect! Dr. Islam on Social Media:
✅Check out my website - https://www.sameerislam.com/
📸Follow me on Instagram - http://instagram.com/sameerislamMD
📕Like my Facebook page - https://www.facebook.com/sameerislammd/

👏Check out my Facebook #PoopTuesday on Tuesday at 8:00 AM CST on Instagram and Facebook: https://www.facebook.com/sameerislammd/


Who Am I:

I’m Sameer Islam - your poop guru! I am functional gastroenterologist and I provide options of lifestyle and diet treatment coupled with medical treatment. I make videos about medicine, gastroenterology, and life in general. I write a weekly email newsletter that contains some quick thoughts + links to interesting things (https://bit.ly/2MtOXhN).


📼Videos for You!!
• Diarrhea: https://bit.ly/2UHdIgB
• Constipation: https://bit.ly/2XhaexZ
• Irritable Bowel Syndrome (IBS): https://bit.ly/2Di1Kzh
• Bloating: https://bit.ly/2GvIBvP
• Colitis - Ulcerative Colitis and Crohn's Disease: https://bit.ly/2UnzAZd
• GERD, Heartburn, Reflux: https://bit.ly/2Go4QlZ
• Liver: https://bit.ly/2ICG6ch


======================================================

✅✅IBS treatment: These are the treatments I recommend to my IBS patients✅✅
• Pre-biotic Fiber I recommend (start LOW and go SLOW): https://amzn.to/3mkJuJ7

• Probiotics: this is tricky because there are not a lot of differences between probiotics but this is one of the few that have been clinically studied: https://amzn.to/2LBpuFu
• Squatty Potty: I recommend this to all constipation patients: https://amzn.to/2WdYX33
• Fennel Tea: Natural tea to help soothe the gut: https://amzn.to/3qUuVPW
• Ginger tea: Natural tea to help soothe the gut: https://amzn.to/3np92Gw
• Peppermint tea: Natural tea to help soothe the gut: https://amzn.to/37ZIoxq
• IB Guard: Natural peppermint capsule used to IBS patients to help with pain, diarrhea, and bloating: https://amzn.to/3oRLWZq
• FD Guard: Natural herbal treatments to help with upper gastrointestinal issues: https://amzn.to/37fsWhg


✅✅OTC Hemorrhoid Treatment ✅✅
• Desitin: https://amzn.to/3miJY2q
• Calmoseptine: https://amzn.to/3gPZXDV
• Balneol: https://amzn.to/37huGqo
• Lotrimin: https://amzn.to/2Wbbnsq


✅✅Bloating✅✅
• Iberogast: 9 natural herbs used to help with bloating: https://amzn.to/3oRzpoJ
• Fennel Tea: Natural tea to help soothe the gut: https://amzn.to/3qUuVPW
• Ginger tea: Natural tea to help soothe the gut: https://amzn.to/3np92Gw
• Peppermint tea: Natural tea to help soothe the gut: https://amzn.to/37ZIoxq
• FD Guard: Natural herbal treatments to help with upper gastrointestinal issues: https://amzn.to/37fsWhg



🎥Resources for You
---------Cameras and Gear Used To Shoot My Videos -------
Camera used to record: Canon EOS 80D:  https://amzn.to/3mquMAx
Microphone: Rode Microphone: https://amzn.to/3njE7ey
Logitech 4K Webcam: https://amzn.to/3gK4Rm5
Microphone: Rode SCg-L Kit Mobile Interview Kit for Lightning iOS: https://amzn.to/3gL7d41
Microphone Extension: Rode SC1 TRRS Extension Cable for SmartLAV + Microphone, 20 Feet: https://amzn.to/2K2rrdC
Lighting for office: https://amzn.to/324zVF3


DISCLAIMER: This video and description contain affiliate links, which means that if you click on one of the product links, I’ll receive a small commission. This helps support the channel and allows us to continue to make videos like this. Thank you for the support!

======================================================


MEDICAL ADVICE DISCLAIMER: All content in this video and description including: infor­ma­tion, opinions, con­tent, ref­er­ences and links are for infor­ma­tional pur­poses only. The Author does not pro­vide any med­ical advice on the Site. Access­ing, viewing, read­ing or oth­er­wise using this content does NOT cre­ate a physician-patient rela­tion­ship between you and it’s author. Pro­vid­ing per­sonal or med­ical infor­ma­tion to the Principal author does not cre­ate a physician-patient rela­tion­ship between you and the Principal author or authors. Noth­ing con­tained in this video or it’s description is intended to estab­lish a physician-patient rela­tion­ship, to replace the ser­vices of a trained physi­cian or health care pro­fes­sional, or oth­er­wise to be a sub­sti­tute for pro­fes­sional med­ical advice, diag­no­sis, or treatment. You should con­sult a licensed physi­cian or appropriately-credentialed health care worker in your com­mu­nity in all mat­ters relat­ing to your health.",UCSlvppQF-s2MBtbjTNDXdQQ,Sameer Islam MD,A board certified Gastroenterologist Trained at the MAYO Clinic - YOUR POOP GURU!,2014-12-31T20:09:41Z,US,14419447,110000,False,2021-07-23T14:00:03Z,PT2M33S,153,en,en,false,no_captions_reported,,,,public,False,13681,146,52,0,True,1,What is a Cologuard test and how accurate is it?,2,what are my thoughts on cologuard?,what are my thoughts on cologuard?|UCSlvppQF-s2MBtbjTNDXdQQ,False,"[{""cancer_domain"": ""colon"", ""search_query"": ""What is a Cologuard test and how accurate is it?"", ""rank"": 2, ""contributor"": ""Yiran"", ""source"": ""American Cancer Society"", ""scope_category"": ""Pre-screening education""}]"
batch-yiran-colon-002,2026-09-26T22:12:18.316051+00:00,IyudkXuThhI,https://www.youtube.com/watch?v=IyudkXuThhI,How to properly use Cologuard colon cancer at-home test kit,"For Colon Cancer Awareness Month, we walk you through the step-by-step process to properly use the colon cancer screen at-home test -- Cologuard.",UCqMdEOPBZbGPykVOhUqWqfA,Click On Detroit | Local 4 | WDIV,"The latest breaking news, weather, sports, entertainment and other awesome things from Local 4 News and ClickOnDetroit.com from the Downtown Detroit, Michigan studios of WDIV-TV.",2017-06-21T16:48:39Z,US,792998130,757000,False,2023-03-28T21:31:04Z,PT2M29S,149,en,,false,no_captions_reported,,,,public,False,590899,4620,457,0,True,1,What is a Cologuard test and how accurate is it?,3,how to properly use cologuard colon cancer at-home test kit,how to properly use cologuard colon cancer at-home test kit|UCqMdEOPBZbGPykVOhUqWqfA,False,"[{""cancer_domain"": ""colon"", ""search_query"": ""What is a Cologuard test and how accurate is it?"", ""rank"": 3, ""contributor"": ""Yiran"", ""source"": ""American Cancer Society"", ""scope_category"": ""Pre-screening education""}]"
batch-yiran-colon-002,2026-09-26T22:12:18.316051+00:00,sRZtDG1VnGU,https://www.youtube.com/watch?v=sRZtDG1VnGU,"What Does Positive Cologuard stool  test mean.""  Do I have Cancer?","This brief video explains meaning of a POSITIVE or abnormal call guard stool test, which screens for colorectal cancer",UC3wpDN9S05H5jbIs19LFfdA,thedigestivetract,,2019-02-10T18:36:12Z,,77537,195,False,2023-04-16T15:18:54Z,PT53S,53,en,,false,no_captions_reported,,,,public,False,53886,804,129,0,True,1,What is a Cologuard test and how accurate is it?,4,"what does positive cologuard stool test mean."" do i have cancer?","what does positive cologuard stool test mean."" do i have cancer?|UC3wpDN9S05H5jbIs19LFfdA",False,"[{""cancer_domain"": ""colon"", ""search_query"": ""What is a Cologuard test and how accurate is it?"", ""rank"": 4, ""contributor"": ""Yiran"", ""source"": ""American Cancer Society"", ""scope_category"": ""Pre-screening education""}]"
batch-yiran-colon-002,2026-09-26T22:12:18.316051+00:00,sPzFCajHpok,https://www.youtube.com/watch?v=sPzFCajHpok,Can The Cologuard Test Detect Polyps?,"-----------------------------------------------------------------------------------------
To make an APPOINTMENT: (806-696-4440)
https://lubbockgastro.com/appointment-request/

----------------------------------------------------------------------------------------------
👐Sign up for my weekly newsletter: https://bit.ly/2MtOXhN

Let’s Connect! Dr. Islam on Social Media:
✅Check out my website - https://www.sameerislam.com/
📸Follow me on Instagram - http://instagram.com/sameerislamMD
📕Like my Facebook page - https://www.facebook.com/sameerislammd/

👏Check out my Facebook #PoopTuesday on Tuesday at 8:00 AM CST on Instagram and Facebook: https://www.facebook.com/sameerislammd/


Who Am I:

I’m Sameer Islam - your poop guru! I am functional gastroenterologist and I provide options of lifestyle and diet treatment coupled with medical treatment. I make videos about medicine, gastroenterology, and life in general. I write a weekly email newsletter that contains some quick thoughts + links to interesting things (https://bit.ly/2MtOXhN).


📼Videos for You!!
• Diarrhea: https://bit.ly/2UHdIgB
• Constipation: https://bit.ly/2XhaexZ
• Irritable Bowel Syndrome (IBS): https://bit.ly/2Di1Kzh
• Bloating: https://bit.ly/2GvIBvP
• Colitis - Ulcerative Colitis and Crohn's Disease: https://bit.ly/2UnzAZd
• GERD, Heartburn, Reflux: https://bit.ly/2Go4QlZ
• Liver: https://bit.ly/2ICG6ch


======================================================

✅✅IBS treatment: These are the treatments I recommend to my IBS patients✅✅
• Pre-biotic Fiber I recommend (start LOW and go SLOW): https://amzn.to/3mkJuJ7

• Probiotics: this is tricky because there are not a lot of differences between probiotics but this is one of the few that have been clinically studied: https://amzn.to/2LBpuFu
• Squatty Potty: I recommend this to all constipation patients: https://amzn.to/2WdYX33
• Fennel Tea: Natural tea to help soothe the gut: https://amzn.to/3qUuVPW
• Ginger tea: Natural tea to help soothe the gut: https://amzn.to/3np92Gw
• Peppermint tea: Natural tea to help soothe the gut: https://amzn.to/37ZIoxq
• IB Guard: Natural peppermint capsule used to IBS patients to help with pain, diarrhea, and bloating: https://amzn.to/3oRLWZq
• FD Guard: Natural herbal treatments to help with upper gastrointestinal issues: https://amzn.to/37fsWhg


✅✅OTC Hemorrhoid Treatment ✅✅
• Desitin: https://amzn.to/3miJY2q
• Calmoseptine: https://amzn.to/3gPZXDV
• Balneol: https://amzn.to/37huGqo
• Lotrimin: https://amzn.to/2Wbbnsq


✅✅Bloating✅✅
• Iberogast: 9 natural herbs used to help with bloating: https://amzn.to/3oRzpoJ
• Fennel Tea: Natural tea to help soothe the gut: https://amzn.to/3qUuVPW
• Ginger tea: Natural tea to help soothe the gut: https://amzn.to/3np92Gw
• Peppermint tea: Natural tea to help soothe the gut: https://amzn.to/37ZIoxq
• FD Guard: Natural herbal treatments to help with upper gastrointestinal issues: https://amzn.to/37fsWhg



🎥Resources for You
---------Cameras and Gear Used To Shoot My Videos -------
Camera used to record: Canon EOS 80D:  https://amzn.to/3mquMAx
Microphone: Rode Microphone: https://amzn.to/3njE7ey
Logitech 4K Webcam: https://amzn.to/3gK4Rm5
Microphone: Rode SCg-L Kit Mobile Interview Kit for Lightning iOS: https://amzn.to/3gL7d41
Microphone Extension: Rode SC1 TRRS Extension Cable for SmartLAV + Microphone, 20 Feet: https://amzn.to/2K2rrdC
Lighting for office: https://amzn.to/324zVF3


DISCLAIMER: This video and description contain affiliate links, which means that if you click on one of the product links, I’ll receive a small commission. This helps support the channel and allows us to continue to make videos like this. Thank you for the support!

======================================================


MEDICAL ADVICE DISCLAIMER: All content in this video and description including: infor­ma­tion, opinions, con­tent, ref­er­ences and links are for infor­ma­tional pur­poses only. The Author does not pro­vide any med­ical advice on the Site. Access­ing, viewing, read­ing or oth­er­wise using this content does NOT cre­ate a physician-patient rela­tion­ship between you and it’s author. Pro­vid­ing per­sonal or med­ical infor­ma­tion to the Principal author does not cre­ate a physician-patient rela­tion­ship between you and the Principal author or authors. Noth­ing con­tained in this video or it’s description is intended to estab­lish a physician-patient rela­tion­ship, to replace the ser­vices of a trained physi­cian or health care pro­fes­sional, or oth­er­wise to be a sub­sti­tute for pro­fes­sional med­ical advice, diag­no­sis, or treatment. You should con­sult a licensed physi­cian or appropriately-credentialed health care worker in your com­mu­nity in all mat­ters relat­ing to your health.",UCSlvppQF-s2MBtbjTNDXdQQ,Sameer Islam MD,A board certified Gastroenterologist Trained at the MAYO Clinic - YOUR POOP GURU!,2014-12-31T20:09:41Z,US,14419447,110000,False,2022-08-06T14:00:33Z,PT2M29S,149,en,en,false,no_captions_reported,,,,public,False,10568,141,55,0,True,1,What is a Cologuard test and how accurate is it?,5,can the cologuard test detect polyps?,can the cologuard test detect polyps?|UCSlvppQF-s2MBtbjTNDXdQQ,False,"[{""cancer_domain"": ""colon"", ""search_query"": ""What is a Cologuard test and how accurate is it?"", ""rank"": 5, ""contributor"": ""Yiran"", ""source"": ""American Cancer Society"", ""scope_category"": ""Pre-screening education""}]"
batch-yiran-colon-002,2026-09-26T22:12:18.316051+00:00,u48RPhqxGH0,https://www.youtube.com/watch?v=u48RPhqxGH0,How Accurate Is the Cologuard Test for Colon Cancer Screening?,"If you're 45 or older and considering a non-invasive way to screen for colon cancer, understanding the accuracy of stool-based tests like the Cologuard® test is important in your decision making. In this video, Dr. Ellis explains the Cologuard test performance, to help guide you to the screening test choice that works best for you.

The Cologuard test is designed for adults 45+ and at average risk for colorectal cancer that offers a convenient, at-home stool collection option that you return to the lab for results. 

This video addresses “How accurate is the Cologuard test?”
• The Cologuard test is a highly sensitive test
• Approved by the FDA 
• Detects cancer and precancer
• In a clinical study, if a Cologuard test was negative there was a 99.98% confidence that no colon cancer was present.

Learn more about how the Cologuard test works and its role in timely detection: https://www.cologuard.com/  

#Cologuard #ColonCancerScreening #StoolTestAccuracy #CologuardFacts #CRCscreening #ExactSciences #GutCheck

Important Note: Cologuard is not for everyone. If you’re experiencing symptoms or are at high risk for colon cancer, talk to your doctor about other screening options.

Indication for Use: The Cologuard test is intended to screen adults 45 and older at average risk for colorectal cancer. Do not use if you have had adenomas, have inflammatory bowel disease, certain hereditary syndromes, or a personal or family history of colorectal cancer. Cologuard® is not a replacement for colonoscopy in high-risk patients. Cologuard performance in adults ages 45-49 is estimated based on a large clinical study of patients 50 and older. False positives and false negatives can occur. Rx only. Results may vary.
References; 
1. Imperiale TF, Ransohoff DF, Itzkowitz SH, et al. Multitarget stool DNA testing for colorectal-cancer screening. N Engl J Med. 2014;370(14):1287-1297.
2. Ahlquist DA. Multi-target stool DNA test: a new high bar for noninvasive screening. Dig Dis Sci. 2015;60(3):623-633.",UCnFQBx65LmJiUr7fuD7h4Cw,Cologuard,"Cologuard® products are intended to screen adults 45 and older at average risk for colorectal cancer. Do not use if you have had a personal history of colorectal cancer or polyps, have inflammatory bowel disease, a family history of colorectal cancer, or certain hereditary syndromes, or a positive result from another colon cancer screening method within that test's recommended screening interval. Cologuard results should be interpreted with caution as false positive and false negatives do occur. Rx only.

Content reflects information available and is accurate at the time of publication.

For more information:
Homepage: https://www.cologuard.com/
Important Risk Information: https://www.cologuard.com/risk-information

Facebook: https://www.facebook.com/Cologuard/
Instagram: https://www.instagram.com/cologuard/
",2014-07-07T18:48:03Z,,293058237,9450,False,2025-12-12T17:04:45Z,PT38S,38,en,en,false,no_captions_reported,,,,public,False,1652,1,,0,True,1,What is a Cologuard test and how accurate is it?,6,how accurate is the cologuard test for colon cancer screening?,how accurate is the cologuard test for colon cancer screening?|UCnFQBx65LmJiUr7fuD7h4Cw,False,"[{""cancer_domain"": ""colon"", ""search_query"": ""What is a Cologuard test and how accurate is it?"", ""rank"": 6, ""contributor"": ""Yiran"", ""source"": ""American Cancer Society"", ""scope_category"": ""Pre-screening education""}]"
batch-yiran-colon-002,2026-09-26T22:12:18.316051+00:00,6kBI3OyOPA4,https://www.youtube.com/watch?v=6kBI3OyOPA4,Colonoscopy or Cologuard? The TRUTH in 60 Seconds 🧻,"Colonoscopy or Cologuard—what’s the real difference?
If you're over 45 and wondering which test is right for colon cancer screening, this 60-second breakdown is for you.

I’m Dr. John Schmidt, a board-certified family medicine physician, and I’ve walked thousands of patients through this choice. This video explains:
• What each test does
• Who should get which one
• Why Cologuard isn’t a free pass

Early detection saves lives. Let’s make this simple.

👉 Like, share, and subscribe for more no-fluff health info.

#AlwaysOnCall #Colonoscopy #Cologuard #ColonCancerScreening #HealthShorts",UCqkPno58_zCuP4KAAx4aZhA,Always on Call,"
👋 I’m Dr. John Schmidt, DO, M.S.— physician, athlete, published biomedical researcher, and the guy who never clocks out.

I break down health, fitness, and medical truths in a way that’s real, motivating, and easy to understand. No fluff, no BS — just honest, evidence-based insights you can use right now.

▶️ New videos every week:
• Crash Carts (health tips in 60 seconds)
• “Wait, What?” health facts that’ll blow your mind
• Fitness, recovery, and mindset from a doctor who trains like an athlete

🎯 Whether you’re a busy parent, a weekend warrior, or just trying to live longer and stronger — you’re in the right place.

💥 Hit subscribe and let’s go. Always On Call.
",2008-08-04T01:41:12Z,,271636,650,False,2025-06-26T23:10:09Z,PT1M,60,en,en,false,no_captions_reported,,,,public,False,29950,368,74,0,True,2,What is a Cologuard test and how accurate is it?,7,colonoscopy or cologuard? the truth in 60 seconds 🧻,colonoscopy or cologuard? the truth in 60 seconds 🧻|UCqkPno58_zCuP4KAAx4aZhA,False,"[{""cancer_domain"": ""colon"", ""search_query"": ""What is a Cologuard test and how accurate is it?"", ""rank"": 7, ""contributor"": ""Yiran"", ""source"": ""American Cancer Society"", ""scope_category"": ""Pre-screening education""}, {""cancer_domain"": ""colon"", ""search_query"": ""How accurate is the FIT test compared to colonoscopy?"", ""rank"": 8, ""contributor"": ""Yiran"", ""source"": ""American Cancer Society"", ""scope_category"": ""Pre-screening education""}]"
batch-yiran-colon-002,2026-09-26T22:12:18.316051+00:00,Hw3by4qtpEc,https://www.youtube.com/watch?v=Hw3by4qtpEc,Cologuard vs Colonoscopy (Pt. 1),"Join us as Gastroenterologist Dr. Brent Keller answers your questions about a colonoscopy versus the Cologuard home test. There are differences, and they are important ones!",UC-M0nJI_og05IseHhkox8qA,SoutheastHEALTH,SoutheastHEALTH is now part of Mercy! Please be sure to follow us at YouTube.com/TheMercyChannel for our latest videos!,2009-10-06T15:33:23Z,US,355051,780,False,2021-03-23T21:14:56Z,PT2M30S,150,en,en,false,no_captions_reported,,,,public,False,13829,86,,0,True,2,What is a Cologuard test and how accurate is it?,8,cologuard vs colonoscopy (pt. 1),cologuard vs colonoscopy (pt. 1)|UC-M0nJI_og05IseHhkox8qA,False,"[{""cancer_domain"": ""colon"", ""search_query"": ""What is a Cologuard test and how accurate is it?"", ""rank"": 8, ""contributor"": ""Yiran"", ""source"": ""American Cancer Society"", ""scope_category"": ""Pre-screening education""}, {""cancer_domain"": ""colon"", ""search_query"": ""How accurate is the FIT test compared to colonoscopy?"", ""rank"": 10, ""contributor"": ""Yiran"", ""source"": ""American Cancer Society"", ""scope_category"": ""Pre-screening education""}]"
batch-yiran-colon-002,2026-09-26T22:12:18.316051+00:00,t2tAx140HVY,https://www.youtube.com/watch?v=t2tAx140HVY,What Is A Cologuard and What Does It Mean?,"-----------------------------------------------------------------------------------------
To make an APPOINTMENT: (806-696-4440)
https://lubbockgastro.com/appointment-request/

----------------------------------------------------------------------------------------------
👐Sign up for my weekly newsletter: https://bit.ly/2MtOXhN

Let’s Connect! Dr. Islam on Social Media:
✅Check out my website - https://www.sameerislam.com/
📸Follow me on Instagram - http://instagram.com/sameerislamMD
📕Like my Facebook page - https://www.facebook.com/sameerislammd/

👏Check out my Facebook #PoopTuesday on Tuesday at 8:00 AM CST on Instagram and Facebook: https://www.facebook.com/sameerislammd/


Who Am I:

I’m Sameer Islam - your poop guru! I am functional gastroenterologist and I provide options of lifestyle and diet treatment coupled with medical treatment. I make videos about medicine, gastroenterology, and life in general. I write a weekly email newsletter that contains some quick thoughts + links to interesting things (https://bit.ly/2MtOXhN).


📼Videos for You!!
• Diarrhea: https://bit.ly/2UHdIgB
• Constipation: https://bit.ly/2XhaexZ
• Irritable Bowel Syndrome (IBS): https://bit.ly/2Di1Kzh
• Bloating: https://bit.ly/2GvIBvP
• Colitis - Ulcerative Colitis and Crohn's Disease: https://bit.ly/2UnzAZd
• GERD, Heartburn, Reflux: https://bit.ly/2Go4QlZ
• Liver: https://bit.ly/2ICG6ch


======================================================

✅✅IBS treatment: These are the treatments I recommend to my IBS patients✅✅
• Pre-biotic Fiber I recommend (start LOW and go SLOW): https://amzn.to/3mkJuJ7

• Probiotics: this is tricky because there are not a lot of differences between probiotics but this is one of the few that have been clinically studied: https://amzn.to/2LBpuFu
• Squatty Potty: I recommend this to all constipation patients: https://amzn.to/2WdYX33
• Fennel Tea: Natural tea to help soothe the gut: https://amzn.to/3qUuVPW
• Ginger tea: Natural tea to help soothe the gut: https://amzn.to/3np92Gw
• Peppermint tea: Natural tea to help soothe the gut: https://amzn.to/37ZIoxq
• IB Guard: Natural peppermint capsule used to IBS patients to help with pain, diarrhea, and bloating: https://amzn.to/3oRLWZq
• FD Guard: Natural herbal treatments to help with upper gastrointestinal issues: https://amzn.to/37fsWhg


✅✅OTC Hemorrhoid Treatment ✅✅
• Desitin: https://amzn.to/3miJY2q
• Calmoseptine: https://amzn.to/3gPZXDV
• Balneol: https://amzn.to/37huGqo
• Lotrimin: https://amzn.to/2Wbbnsq


✅✅Bloating✅✅
• Iberogast: 9 natural herbs used to help with bloating: https://amzn.to/3oRzpoJ
• Fennel Tea: Natural tea to help soothe the gut: https://amzn.to/3qUuVPW
• Ginger tea: Natural tea to help soothe the gut: https://amzn.to/3np92Gw
• Peppermint tea: Natural tea to help soothe the gut: https://amzn.to/37ZIoxq
• FD Guard: Natural herbal treatments to help with upper gastrointestinal issues: https://amzn.to/37fsWhg



🎥Resources for You
---------Cameras and Gear Used To Shoot My Videos -------
Camera used to record: Canon EOS 80D:  https://amzn.to/3mquMAx
Microphone: Rode Microphone: https://amzn.to/3njE7ey
Logitech 4K Webcam: https://amzn.to/3gK4Rm5
Microphone: Rode SCg-L Kit Mobile Interview Kit for Lightning iOS: https://amzn.to/3gL7d41
Microphone Extension: Rode SC1 TRRS Extension Cable for SmartLAV + Microphone, 20 Feet: https://amzn.to/2K2rrdC
Lighting for office: https://amzn.to/324zVF3


DISCLAIMER: This video and description contain affiliate links, which means that if you click on one of the product links, I’ll receive a small commission. This helps support the channel and allows us to continue to make videos like this. Thank you for the support!

======================================================


MEDICAL ADVICE DISCLAIMER: All content in this video and description including: infor­ma­tion, opinions, con­tent, ref­er­ences and links are for infor­ma­tional pur­poses only. The Author does not pro­vide any med­ical advice on the Site. Access­ing, viewing, read­ing or oth­er­wise using this content does NOT cre­ate a physician-patient rela­tion­ship between you and it’s author. Pro­vid­ing per­sonal or med­ical infor­ma­tion to the Principal author does not cre­ate a physician-patient rela­tion­ship between you and the Principal author or authors. Noth­ing con­tained in this video or it’s description is intended to estab­lish a physician-patient rela­tion­ship, to replace the ser­vices of a trained physi­cian or health care pro­fes­sional, or oth­er­wise to be a sub­sti­tute for pro­fes­sional med­ical advice, diag­no­sis, or treatment. You should con­sult a licensed physi­cian or appropriately-credentialed health care worker in your com­mu­nity in all mat­ters relat­ing to your health.",UCSlvppQF-s2MBtbjTNDXdQQ,Sameer Islam MD,A board certified Gastroenterologist Trained at the MAYO Clinic - YOUR POOP GURU!,2014-12-31T20:09:41Z,US,14419447,110000,False,2021-09-09T14:00:21Z,PT2M23S,143,en,en,false,no_captions_reported,,,,public,False,1819,36,5,0,True,1,What is a Cologuard test and how accurate is it?,9,what is a cologuard and what does it mean?,what is a cologuard and what does it mean?|UCSlvppQF-s2MBtbjTNDXdQQ,False,"[{""cancer_domain"": ""colon"", ""search_query"": ""What is a Cologuard test and how accurate is it?"", ""rank"": 9, ""contributor"": ""Yiran"", ""source"": ""American Cancer Society"", ""scope_category"": ""Pre-screening education""}]"
batch-yiran-colon-002,2026-09-26T22:12:18.316051+00:00,d82qkiCPGRI,https://www.youtube.com/watch?v=d82qkiCPGRI,What Does a Negative or Positive Cologuard® Test Result Mean? Dr. Limburg Explains,"What does a negative or positive Cologuard® test result mean—and what should you do next? If you’ve recently completed a Cologuard test, it’s natural to have questions about your results and how they fit into your colon cancer screening journey.

In this video, Paul Limburg, Chief Medical Officer at Abbott, explains what both negative and positive Cologuard test results mean and outlines the appropriate next steps.

A negative result means the Cologuard test did not detect signs of colon cancer or pre-cancer, making it unlikely that you have colon cancer at this time. Screening, however, is not a one-time event. For adults at average risk, it’s recommended to screen again in three years to stay up to date.(1)

A positive result means the test detected signals of colon cancer or pre-cancer. A positive result does not mean you have cancer, but it does mean follow-up is important. The next step is to talk with your health care provider and schedule a colonoscopy as soon as possible to confirm your result. Many people with early-stage colon cancer have no symptoms and are diagnosed through routine screening.(2)

The Cologuard test is a noninvasive, use-at-home colon cancer screening option. Understanding your results can help you feel more informed and confident as you take the next step in your screening journey.

Questions about Cologuard test results? Contact our Customer Care team.
Learn more: https://www.cologuard.com/understanding-your-test-results 
#Cologuard #ColonCancerAwareness #GutCheck

Important Note: Cologuard is not for everyone. If you’re experiencing symptoms or are at high risk for colon cancer, talk to your doctor about other screening options. 
 
Indication for Use: The Cologuard test is intended to screen adults 45 and older at average risk for colorectal cancer. Do not use if you have had adenomas, have inflammatory bowel disease, certain hereditary syndromes, or a personal or family history of colorectal cancer. Cologuard® is not a replacement for colonoscopy in high-risk patients. Cologuard performance in adults ages 45-49 is estimated based on a large clinical study of patients 50 and older. False positives and false negatives can occur. Rx only. Results may vary.

References: 
(1) ACS. American Cancer Society Guideline for Colorectal Cancer Screening. Updated January 29, 2024.. Accessed April 3, 2026. https://www.cancer.org/cancer/types/colon-rectal-cancer/detection-diagnosis-staging/acs-recommendations.html
(2) CDC. Reducing Risk for Colorectal Cancer. Updated February 26, 2025. Accessed April 3, 2026. https://www.cdc.gov/colorectal-cancer/prevention/index.html",UCnFQBx65LmJiUr7fuD7h4Cw,Cologuard,"Cologuard® products are intended to screen adults 45 and older at average risk for colorectal cancer. Do not use if you have had a personal history of colorectal cancer or polyps, have inflammatory bowel disease, a family history of colorectal cancer, or certain hereditary syndromes, or a positive result from another colon cancer screening method within that test's recommended screening interval. Cologuard results should be interpreted with caution as false positive and false negatives do occur. Rx only.

Content reflects information available and is accurate at the time of publication.

For more information:
Homepage: https://www.cologuard.com/
Important Risk Information: https://www.cologuard.com/risk-information

Facebook: https://www.facebook.com/Cologuard/
Instagram: https://www.instagram.com/cologuard/
",2014-07-07T18:48:03Z,,293058237,9450,False,2026-04-14T14:19:23Z,PT54S,54,en,en,false,no_captions_reported,,,,public,False,3437,17,,0,True,1,What is a Cologuard test and how accurate is it?,10,what does a negative or positive cologuard® test result mean? dr. limburg explains,what does a negative or positive cologuard® test result mean? dr. limburg explains|UCnFQBx65LmJiUr7fuD7h4Cw,False,"[{""cancer_domain"": ""colon"", ""search_query"": ""What is a Cologuard test and how accurate is it?"", ""rank"": 10, ""contributor"": ""Yiran"", ""source"": ""American Cancer Society"", ""scope_category"": ""Pre-screening education""}]"
batch-yiran-colon-002,2026-09-26T22:12:18.316051+00:00,_r08YQUoHqQ,https://www.youtube.com/watch?v=_r08YQUoHqQ,Fecal Immunochemical Test (FIT) and Fecal Occult Blood Test (FOBT) What happens if I am tested +ve?,"FIT and FOBT are common screening tools for colorectal cancer
But some misperceptions exist, which I will talk about in this video

www.drdesmondwai.com

#liver #coloncancer #colonpolyp #coloncancerscreening #cancerscreening #fit #FOBT #fecalimmunoocculttest #fecaloccultblood #screening #bestgastroenterologist #besthepatologist #hepatologist #hepB #hepatitis #liver #gatsroenterologist #besthepatologist #hepatitisb #followup #drdesmondwai #desmondwai #drdesmond #hepbmedications #antivirals #tenofovir #entecavir #vemlidy #baraclude #lamivudine",UCjVf64xXQzITV64FdWhxytQ,DR DESMOND WAI ,"I am a gastroenterologist, taking care of patients with digestive, liver, and general medical problems. I hope to educate people about their medical conditions so they are empowered to take an active role in their own health",2022-02-18T12:52:52.47938Z,SG,163956,1350,False,2023-03-29T23:00:14Z,PT5M25S,325,en,,false,no_captions_reported,,,,public,False,17553,175,27,0,True,1,FIT test vs stool DNA test — what's the difference?,1,fecal immunochemical test (fit) and fecal occult blood test (fobt) what happens if i am tested +ve?,fecal immunochemical test (fit) and fecal occult blood test (fobt) what happens if i am tested +ve?|UCjVf64xXQzITV64FdWhxytQ,False,"[{""cancer_domain"": ""colon"", ""search_query"": ""FIT test vs stool DNA test — what's the difference?"", ""rank"": 1, ""contributor"": ""Yiran"", ""source"": ""American Cancer Society"", ""scope_category"": ""Pre-screening education""}]"
batch-yiran-colon-002,2026-09-26T22:12:18.316051+00:00,w50MImj0esQ,https://www.youtube.com/watch?v=w50MImj0esQ,What if I had a positive colorectal cancer screening test? - Dr. John Kisiel,Dr. John Kisiel explains what you should do if you have a positive result from a colorectal screening test. Mayo Clinic joins Fight Colorectal Cancer for #80by2018. Learn more about colorectal cancer on Mayo Clinic Connect: http://mayocl.in/ColorectalCancer.,UC8fQzKHIhSoZeSq3bwQx4mw,Mayo Clinic,"Mayo Clinic is a nonprofit worldwide leader in medical care, research and education for people from all walks of life. Doctors from every medical specialty work together to care for patients, joined by common systems and a philosophy of ""the needs of the patient come first."" Our headquarters are located in Rochester, MN, while we have campuses in Florida and Arizona.

Looking to connect with others facing similar health issues? Check out Mayo Clinic Connect — an online community where you can share your experiences, ask questions and find support from people like you.

Mayo Clinic locations and more: https://www.mayoclinic.org/about/
Detailed list of all our phone numbers: https://www.mayoclinic.org/contact/

*For the safety of our patients, staff and visitors, Mayo Clinic has strict masking policies in place. Anyone shown without a mask was either recorded prior to COVID-19 or recorded in a non-patient care area where social distancing and other safety protocols were followed.
",2006-06-16T03:47:20Z,US,497821663,1260000,False,2018-03-01T15:51:11Z,PT35S,35,en,en,true,captions_reported_available,,,,public,False,30713,62,,0,True,1,FIT test vs stool DNA test — what's the difference?,2,what if i had a positive colorectal cancer screening test? - dr. john kisiel,what if i had a positive colorectal cancer screening test? - dr. john kisiel|UC8fQzKHIhSoZeSq3bwQx4mw,False,"[{""cancer_domain"": ""colon"", ""search_query"": ""FIT test vs stool DNA test — what's the difference?"", ""rank"": 2, ""contributor"": ""Yiran"", ""source"": ""American Cancer Society"", ""scope_category"": ""Pre-screening education""}]"
batch-yiran-colon-002,2026-09-26T22:12:18.316051+00:00,UJsmJ_zTzQQ,https://www.youtube.com/watch?v=UJsmJ_zTzQQ,Will Multi-target Stool DNA Tests Replace FIT? - Colon Health Channel,"Will Multi-target Stool DNA Tests Replace FIT? Are you curious about the different options available for colon cancer screening? In this video, we'll compare two common stool-based tests used to detect colon cancer and precancerous conditions. We'll explain how multi-target stool DNA tests work, what makes them more sensitive than traditional tests, and the benefits they offer in early detection. We'll also discuss the fecal immunochemical test (FIT), including its advantages like lower false positive rates and affordability. 

You’ll learn about the differences in testing frequency, costs, and accuracy between these methods, helping you understand which might be better suited for your needs. We’ll cover important factors such as false positive rates, the potential need for follow-up procedures, and how personal risk factors and preferences influence screening choices. This information can help you make informed decisions in consultation with your healthcare provider. 

While multi-target stool DNA tests show promise, they are unlikely to fully replace FIT in the near future. Instead, combining different screening methods can provide the best protection for your colon health. Remember, regular screening is key to early detection and better outcomes. Stay informed and proactive about your health by watching this video and discussing your options with a medical professional. 

🔗H

⬇️ Subscribe to our channel for more valuable insights.

🔗Subscribe: https://www.youtube.com/@ColonHealthChannel/?sub_confirmation=1 

#ColonCancer #ColonHealth #ScreeningTests #StoolDNA #FITTest #CancerDetection #PreventiveHealth #ColorectalCancer #HealthScreening #EarlyDetection #HealthTips #MedicalTests #CancerAwareness #Healthcare #PatientEducation 

About Us: Welcome to the Colon Health Channel! Our mission is to provide essential information on colorectal health, focusing on topics like colorectal cancer symptoms, colon cancer screening, rectal cancer signs, and the stages of colorectal cancer. We also cover treatment options, risk factors, surgery for colorectal cancer, and living with the condition. Our friendly tone aims to make complex health issues more approachable for everyone. The content provided is for general informational and educational purposes only. It is not intended to substitute for professional medical advice, diagnosis, or treatment. Never disregard professional medical advice or delay seeking it because of something you have seen in this content. Never rely on this information in place of consulting with qualified healthcare professionals. The creators and distributors of this content are not responsible for any adverse effects or consequences resulting from the use of any suggestions, preparations, or procedures described in this material. Always consult with your healthcare provider before starting any new health-related practice or program.",UC9hvmN4dfcHQIH6NkO_sboQ,Colon Health Channel,"Welcome to the Colon Health Channel! Our mission is to provide essential information on colorectal health, focusing on topics like colorectal cancer symptoms, colon cancer screening, rectal cancer signs, and the stages of colorectal cancer. We also cover treatment options, risk factors, surgery for colorectal cancer, and living with the condition. Our friendly tone aims to make complex health issues more approachable for everyone.

DISCLAIMER: This content is independently created by Colon Health Channel and is presented for informational purposes only. We maintain no affiliation, partnership, or formal relationship with any individuals, organizations, companies, or products featured in this content. All trademarks and brand names mentioned are acknowledged as the property of their respective owners. While we strive for accuracy, we encourage viewers to verify current information through official channels and authorized sources.
",2025-03-31T18:21:13.875811Z,US,195399,446,False,2025-09-06T09:21:56Z,PT2M53S,173,en,,false,no_captions_reported,,,,public,False,19,0,0,0,True,1,FIT test vs stool DNA test — what's the difference?,3,will multi-target stool dna tests replace fit? - colon health channel,will multi-target stool dna tests replace fit? - colon health channel|UC9hvmN4dfcHQIH6NkO_sboQ,False,"[{""cancer_domain"": ""colon"", ""search_query"": ""FIT test vs stool DNA test — what's the difference?"", ""rank"": 3, ""contributor"": ""Yiran"", ""source"": ""American Cancer Society"", ""scope_category"": ""Pre-screening education""}]"
batch-yiran-colon-002,2026-09-26T22:12:18.316051+00:00,jqOgrirZyQw,https://www.youtube.com/watch?v=jqOgrirZyQw,WHICH COLON TEST IS BEST? COLONOSCOPY VS FECAL HOME TEST comparison.,"This video will help you make up your mind with which test to screen your colon and rectum for colorectal cancer. A comparison between a colonoscopy and a home stool test will help you choose between the two so you can get screened for colorectal cancer.

There is a variety of tests available for detecting colorectal cancer early when it can be prevented and treated. It is easy to get overwhelmed with all the options. 

Can a home stool test replace a colonoscopy? Here I narrow down the options to the top two recommendations by the US Multi-Society Taskforce for Colorectal Cancer for people with no high risk factors for this cancer type. I compare the two top options - colonoscopy and fecal immunochemical test (FIT) - against 6 criteria: effectiveness, accuracy, safety, ease of use, infrequency, and no follow up required.  At the end of the video you can make an educated decision about your colorectal cancer screening test of choice. 

Watch this video until the end to learn the top 5 risk factors for developing colorectal cancer and what you can do to start lowering your colorectal cancer risk now. 

Timestamps: 
0:00 - Video topic intro
0:35 - Channel intro
1:19 - Screening guidelines
3:19 - Top tests
3:42 - What is a colonoscopy?
4:11 - What is a FIT?
4:34 - Colonoscopy vs FIT
4:50 - Effectiveness
6:39 - Accuracy
9:01 - Safety
10:19 - Ease of use
12:14 - Infrequency
13:33 - No follow up required
14:51 - Summary 
15:59 - Liquid biopsy tests
16:19 - 5 ways to lower your risk
18:10 - Closing remarks

RESOURCE MENTIONED:

What's YOUR RISK for COLORECTAL CANCER? What AGE TO START SCREENING Your Colon and Rectum in 2021
https://youtu.be/49NyIpVV_9g

Does CANCER run in your veins? A NEW BLOOD TEST finds 50 cancers early enough to hope for cure. 
https://youtu.be/rNtFCz2QaVw

Start a HEALTHY LIFESTYLE in 2021! 5 WAYS to REDUCE CANCER RISK and GROW WEALTH 
https://youtu.be/SMzMNPO0Tp8

In June 2017 the US Multi-Society Task Force on Colorectal Cancer issued updated screening recommendations that divide screening tests into three tiers, based upon their effectiveness. 

Tier 1 tests (covered in this video):

Colonoscopy every 10 years
Annual FIT home stool test

Tier 2 tests:

CT colonography every 5 years
FIT–fecal DNA every 3 years
Flexible sigmoidoscopy every 5–10 years

Tier 3 tests:

Capsule colonoscopy every 5 years
Septin 9 testing is not recommended
Thank you for stopping by!

Like and share this video, comment below and subscribe to this channel for weekly updates! 
-------------------
On this channel, CANCER WORRY FREE, I post videos EVERY FRIDAY about:
- best practices in cancer screening
- advances in cancer prevention
- health and lifestyle hacks 
to help you lower your cancer risk so you can WORRY LESS and LIVE MORE!

If you have insights or recommendations, reach me at hello@cancerworryfree.com.


TAGS: colonoscopy vs fit test, colonoscopy vs at home test, colonoscopy vs fit, colonoscopy, fit colorectal cancer screening test, colon test at home, colon screening test at home, colon cancer test at home, bowel cancer test kit, colorectal cancer screening, tests for colorectal cancer, home stool test, best test for colon cancer, home stool test for colon cancer, occult blood stool test, fecal immunochemical test, at home test for colorectal cancer, colon cancer, colorectal cancer, should you get a colonoscopy, colorectal cancer, colon and rectum, get screened for colorectal cancer",UCXiomT6r4SWIYyk3Nhx7u4g,Cancer Worry Free,"Does the word Cancer bring shivers down your spine? 
If yes, I need you to know that it does not have to be this way!

To learn how to lower your cancer risk, SUBSCRIBE to my channel. Here you will stay up-to-date on:
-	Best practices in early cancer screening
-	Advances in cancer prevention
-	Lifestyle and health hacks to lower cancer risk

I will share science-based information without the science language, in bite-size format.

I am a passionate cancer prevention educator and a mother of three. Keeping my family cancer-free is important to me. It gives me the peace of mind to enjoy what matters most - quality times with our loved ones! 

My career in marketing anti-cancer medicines opened my eyes about resources and opportunities that the public knows little about. I am eager to help people reduce their chance of getting a cancer diagnosis in the first place. It can be done! 90% of cancer diagnoses are caused by circumstances we can control. 

WORRY LESS and LIVE MORE!
",2020-03-29T22:08:30.912078Z,US,58020,86,False,2021-02-12T16:08:35Z,PT18M29S,1109,en-US,en-US,true,captions_reported_available,,,,public,False,4077,28,51,0,True,2,FIT test vs stool DNA test — what's the difference?,4,which colon test is best? colonoscopy vs fecal home test comparison.,which colon test is best? colonoscopy vs fecal home test comparison.|UCXiomT6r4SWIYyk3Nhx7u4g,False,"[{""cancer_domain"": ""colon"", ""search_query"": ""FIT test vs stool DNA test — what's the difference?"", ""rank"": 4, ""contributor"": ""Yiran"", ""source"": ""American Cancer Society"", ""scope_category"": ""Pre-screening education""}, {""cancer_domain"": ""colon"", ""search_query"": ""How accurate is the FIT test compared to colonoscopy?"", ""rank"": 7, ""contributor"": ""Yiran"", ""source"": ""American Cancer Society"", ""scope_category"": ""Pre-screening education""}]"
batch-yiran-colon-002,2026-09-26T22:12:18.316051+00:00,LLd7VwT8fYM,https://www.youtube.com/watch?v=LLd7VwT8fYM,FIT vs Cologuard vs Colonoscopy: Which Screening Test?,"What are your colon cancer screening options besides colonoscopy?
In this Short, I explain the most common screening tests for average-risk adults: FIT (Fecal Immunochemical Test), Cologuard (stool DNA test), colonoscopy, and CT colonograph. I include what each test does and how often it’s typically done.

Important: If a stool-based test (FIT or Cologuard) comes back positive, the next step is a colonoscopy, because stool tests can’t remove polyps.

Follow for evidence-based gastroenterology and preventive health content.

#ColonCancer #ColonCancerScreening #Colonoscopy #FITtest #Cologuard #Gastroenterology #PreventiveHealth",UCB8rAL2lhUeZBfSh_ibWy9g,Digestible Facts,"Rahul Kataria, MD 🩺
Board Certified 
GI • Liver • Obesity 
Evidence-based. Easy to digest.",2025-11-02T01:04:10.230405Z,,7505230,8060,False,2025-12-19T21:54:43Z,PT1M29S,89,en,,false,no_captions_reported,,,,public,False,1497,16,1,0,True,2,FIT test vs stool DNA test — what's the difference?,5,fit vs cologuard vs colonoscopy: which screening test?,fit vs cologuard vs colonoscopy: which screening test?|UCB8rAL2lhUeZBfSh_ibWy9g,False,"[{""cancer_domain"": ""colon"", ""search_query"": ""FIT test vs stool DNA test — what's the difference?"", ""rank"": 5, ""contributor"": ""Yiran"", ""source"": ""American Cancer Society"", ""scope_category"": ""Pre-screening education""}, {""cancer_domain"": ""colon"", ""search_query"": ""How accurate is the FIT test compared to colonoscopy?"", ""rank"": 5, ""contributor"": ""Yiran"", ""source"": ""American Cancer Society"", ""scope_category"": ""Pre-screening education""}]"
batch-yiran-colon-002,2026-09-26T22:12:18.316051+00:00,skkjTKB65G0,https://www.youtube.com/watch?v=skkjTKB65G0,Colon Cancer: At-Home Screening with Stool-Based Testing,"More than half of colon cancer deaths are preventable. Talk to your doctor about your cancer risk and prevention. Andrew Wolf, MD, discusses easy at home screenings that should only take 5 minutes to complete.

For more information, visit: https://uvahealth.com/services/colon-cancer-care/colorectal-cancer-screening

There are a number of options for colorectal cancer screening, beyond the colonoscopy, which is the most commonly chosen option. There are a number of home-based options, which are stool-based testing. One is called the fecal immunochemical test, or FIT test. Another is the guaiac-based testing, or stool guaiac card. And the third is the FIT DNA, or stool DNA test. 

Each of these involves collecting a stool specimen at home, submitting the sample, either to your doctor’s office, or your hospital laboratory, or sending it in to the company that offers the stool DNA test. 

Home-based screening, meaning stool-based screening, is an excellent option for people who don’t want to have a colonoscopy, for whatever reason. It does offer the convenience of doing it in your own home, on your own schedule. You don’t have to take off time from work. And for the FIT test, and for the stool DNA test, there’s no special preparation for the testing itself. 

On the other side, it doesn’t offer as good an option for folks who want to find precancerous growths early, and have them removed. Colonoscopy does offer the opportunity for folks to actually have a test where early precancerous growths are found, and removed at the same time, so that cancer can be prevented during the screening process itself. The stool DNA test, which is the newest of the options, does have advantages and disadvantages. The advantages, it is somewhat more sensitive, meaning it can detect more early cancers and precancerous growths than the other stool-based tests, the FIT and guaiac tests. However, there are more false positives with that test. So, if the patient is trying to avoid a colonoscopy with their stool-based test, that may not be the best option for them. 

The colonoscopy is done every 10 years, assuming the results are negative, meaning no precancerous growths or cancers are found. The stool-based testing is done every one to three years, depending on the test. So, if done every year, the fecal immunochemical test, or FIT test, and the stool guaiac test are almost as good as a colonoscopy at finding cancer early, as is the stool DNA test done every three years. 

The most important colon cancer screening test is the one that gets done. We have a number of good options for colorectal cancer screening. It is important to do one of them. They offer a number of advantages and disadvantages, but there is always one that will be suitable for everybody. The key is to get one of them done.",UCAUMuw4KF1mPdOlxaAbTDmw,uvahealth,"The official YouTube Channel of UVA Health. We’re an academic medical center in Charlottesville, VA, with nationally-recognized specialty care, including a children’s hospital.",2008-07-01T19:37:11Z,US,17775243,17600,False,2019-01-24T20:38:36Z,PT2M49S,169,en,en,true,captions_reported_available,,,,public,False,18399,106,4,0,True,1,FIT test vs stool DNA test — what's the difference?,6,colon cancer: at-home screening with stool-based testing,colon cancer: at-home screening with stool-based testing|UCAUMuw4KF1mPdOlxaAbTDmw,False,"[{""cancer_domain"": ""colon"", ""search_query"": ""FIT test vs stool DNA test — what's the difference?"", ""rank"": 6, ""contributor"": ""Yiran"", ""source"": ""American Cancer Society"", ""scope_category"": ""Pre-screening education""}]"
batch-yiran-colon-002,2026-09-26T22:12:18.316051+00:00,56PgHOiF4n0,https://www.youtube.com/watch?v=56PgHOiF4n0,How Do Colon Cancer Screening Tests Differ?,"Confused about colon cancer screening options? This video breaks down the different tests available, helping you understand how each one works and which might be right for you.

In this video, you'll learn:
 ► The key differences between various colon cancer screening methods.
 ► How non-invasive tests like stool-based screenings compare to more invasive procedures.
 ► The pros and cons of common tests such as colonoscopy, Cologuard, and FIT tests.
 ► Factors to consider when choosing the most appropriate screening test for your health needs.


#ColonCancerScreening, #ColonHealth, #PreventiveCare, #CancerPrevention",UC9hvmN4dfcHQIH6NkO_sboQ,Colon Health Channel,"Welcome to the Colon Health Channel! Our mission is to provide essential information on colorectal health, focusing on topics like colorectal cancer symptoms, colon cancer screening, rectal cancer signs, and the stages of colorectal cancer. We also cover treatment options, risk factors, surgery for colorectal cancer, and living with the condition. Our friendly tone aims to make complex health issues more approachable for everyone.

DISCLAIMER: This content is independently created by Colon Health Channel and is presented for informational purposes only. We maintain no affiliation, partnership, or formal relationship with any individuals, organizations, companies, or products featured in this content. All trademarks and brand names mentioned are acknowledged as the property of their respective owners. While we strive for accuracy, we encourage viewers to verify current information through official channels and authorized sources.
",2025-03-31T18:21:13.875811Z,US,195399,446,False,2025-12-26T10:02:23Z,PT3M14S,194,en,,false,no_captions_reported,,,,public,False,7,0,0,0,True,1,FIT test vs stool DNA test — what's the difference?,7,how do colon cancer screening tests differ?,how do colon cancer screening tests differ?|UC9hvmN4dfcHQIH6NkO_sboQ,False,"[{""cancer_domain"": ""colon"", ""search_query"": ""FIT test vs stool DNA test — what's the difference?"", ""rank"": 7, ""contributor"": ""Yiran"", ""source"": ""American Cancer Society"", ""scope_category"": ""Pre-screening education""}]"
batch-yiran-colon-002,2026-09-26T22:12:18.316051+00:00,lXVFOeMp5DE,https://www.youtube.com/watch?v=lXVFOeMp5DE,DNA Stool Test for Colon Cancer-Mayo Clinic,"Research shows that screening for colorectal cancer saves lives. That's because screening can catch cancer early, while it's still curable. But let's face it, having a colonoscopy to look for cancer or precancerous polyps is not fun. Doctors at Mayo Clinic have studied and improved upon a non-invasive screening test that requires no preparation or procedure. The test detects cancer or precancerous polyps by measuring DNA in your stool.",UC8fQzKHIhSoZeSq3bwQx4mw,Mayo Clinic,"Mayo Clinic is a nonprofit worldwide leader in medical care, research and education for people from all walks of life. Doctors from every medical specialty work together to care for patients, joined by common systems and a philosophy of ""the needs of the patient come first."" Our headquarters are located in Rochester, MN, while we have campuses in Florida and Arizona.

Looking to connect with others facing similar health issues? Check out Mayo Clinic Connect — an online community where you can share your experiences, ask questions and find support from people like you.

Mayo Clinic locations and more: https://www.mayoclinic.org/about/
Detailed list of all our phone numbers: https://www.mayoclinic.org/contact/

*For the safety of our patients, staff and visitors, Mayo Clinic has strict masking policies in place. Anyone shown without a mask was either recorded prior to COVID-19 or recorded in a non-patient care area where social distancing and other safety protocols were followed.
",2006-06-16T03:47:20Z,US,497821663,1260000,False,2009-06-02T17:03:35Z,PT2M29S,149,en,en,false,no_captions_reported,,,,public,False,20955,74,,0,True,1,FIT test vs stool DNA test — what's the difference?,8,dna stool test for colon cancer-mayo clinic,dna stool test for colon cancer-mayo clinic|UC8fQzKHIhSoZeSq3bwQx4mw,False,"[{""cancer_domain"": ""colon"", ""search_query"": ""FIT test vs stool DNA test — what's the difference?"", ""rank"": 8, ""contributor"": ""Yiran"", ""source"": ""American Cancer Society"", ""scope_category"": ""Pre-screening education""}]"
batch-yiran-colon-002,2026-09-26T22:12:18.316051+00:00,0dITWSFViGg,https://www.youtube.com/watch?v=0dITWSFViGg,Can Stool DNA Test Detect Cancer in IBD Patients?,"Patients with inflammatory bowel disease (IBD) are at an increased risk of colorectal cancer (CRC). Dr. John Kisiel explains how the analyses of DNA methylation patterns in stool samples might be used to detect CRC in patients with IBD. 
To learn more, visit https://mayocl.in/2Nz8cIz",UC8fQzKHIhSoZeSq3bwQx4mw,Mayo Clinic,"Mayo Clinic is a nonprofit worldwide leader in medical care, research and education for people from all walks of life. Doctors from every medical specialty work together to care for patients, joined by common systems and a philosophy of ""the needs of the patient come first."" Our headquarters are located in Rochester, MN, while we have campuses in Florida and Arizona.

Looking to connect with others facing similar health issues? Check out Mayo Clinic Connect — an online community where you can share your experiences, ask questions and find support from people like you.

Mayo Clinic locations and more: https://www.mayoclinic.org/about/
Detailed list of all our phone numbers: https://www.mayoclinic.org/contact/

*For the safety of our patients, staff and visitors, Mayo Clinic has strict masking policies in place. Anyone shown without a mask was either recorded prior to COVID-19 or recorded in a non-patient care area where social distancing and other safety protocols were followed.
",2006-06-16T03:47:20Z,US,497821663,1260000,False,2020-02-13T12:09:13Z,PT4M1S,241,en,en-US,false,no_captions_reported,,,,public,False,4135,45,,0,True,1,FIT test vs stool DNA test — what's the difference?,9,can stool dna test detect cancer in ibd patients?,can stool dna test detect cancer in ibd patients?|UC8fQzKHIhSoZeSq3bwQx4mw,False,"[{""cancer_domain"": ""colon"", ""search_query"": ""FIT test vs stool DNA test — what's the difference?"", ""rank"": 9, ""contributor"": ""Yiran"", ""source"": ""American Cancer Society"", ""scope_category"": ""Pre-screening education""}]"
batch-yiran-colon-002,2026-09-26T22:12:18.316051+00:00,KmjaD0LfuRk,https://www.youtube.com/watch?v=KmjaD0LfuRk,DNA stool test recommended as screening tool for colon cancer,"Dr David Ahlquist, (Mayo Clinic, Rochester, USA) talks to ecancertv at AACR 2015 about the use of DNA stool tests as a non-intrusive screening tool, which provides a screening alternative for patients with an average risk for colon cancer. 

Unlike conventional tests, the stool test kit does not require dietary restrictions or bowel preparations and is simply designed so that patients can collect their own samples at home and mail them for laboratory analysis.",UCGb_Xmf5mzvyXC7NOjsonkg,ecancer,"The International Agency for Research on Cancer has estimated that about half of all cancers could be avoided if current knowledge was adequately implemented.

ecancer is a UK charity, working tirelessly to ensure current knowledge is properly shared. Our mission is to raise the standards of global cancer care through education.  

We were founded in 2007 by two inspirational oncologists, Prof Gordon McVie and Prof Umberto Veronesi.  Frustrated by global inequalities in access to education and research, they were driven to create an open platform to share knowledge that would help raise the standards of cancer care - ecancer.org.",2008-01-22T17:28:06Z,GB,3124768,15700,False,2015-05-05T15:37:18Z,PT5M38S,338,en,,false,no_captions_reported,,,,public,False,3424,18,,0,True,1,FIT test vs stool DNA test — what's the difference?,10,dna stool test recommended as screening tool for colon cancer,dna stool test recommended as screening tool for colon cancer|UCGb_Xmf5mzvyXC7NOjsonkg,False,"[{""cancer_domain"": ""colon"", ""search_query"": ""FIT test vs stool DNA test — what's the difference?"", ""rank"": 10, ""contributor"": ""Yiran"", ""source"": ""American Cancer Society"", ""scope_category"": ""Pre-screening education""}]"
batch-yiran-colon-002,2026-09-26T22:12:18.316051+00:00,5M5o8I1QOLs,https://www.youtube.com/watch?v=5M5o8I1QOLs,FIT test vs. colonoscopy effectiveness | OSUCCC – James,"The latest research shows that using a fecal immunochemical test (FIT test) to screen for colon cancer can achieve the same results as a colonoscopy, says Chyke Doubeni, MD, MPH, the Klotz Chair in Cancer Research at The Ohio State University Comprehensive Cancer Center – James Cancer Hospital and Solove Research Institute and chief health equity officer at The Ohio State University Wexner Medical Center.

Dr. Doubeni explains how often to take a FIT test or have a colonoscopy and how they compare in effectiveness.
#fittest #coloncancerscreening 

More about colon cancer research and treatment at the OSUCCC – James: https://go.osu.edu/Cvcv",UCXGasnfbCpWYVW2RLTDPn4Q,Ohio State University Comprehensive Cancer Center-James Cancer Hospital & Solove Research Institute,"The Ohio State University Comprehensive Cancer Center — James Cancer Hospital and Solove Research Institute is a cancer center dedicated to translating research into high quality patient care and educational programs for residents of central Ohio and beyond. We are working toward our mission of a cancer-free world.

We're proud to have Team Buckeye, Ohio State's official peloton in central Ohio's grassroots bicycle tour, Pelotonia, as a partner as they raise money for cancer research at the OSUCCC – James. We are also supported by the Stefanie Spielman Fund for Breast Cancer Research, which has raised tens of millions of dollars toward breast cancer research and treatment.",2009-07-07T16:19:48Z,US,19474214,7420,False,2025-01-31T20:23:44Z,PT1M25S,85,en,en-US,true,captions_reported_available,,,,public,False,988,6,5,0,True,1,How accurate is the FIT test compared to colonoscopy?,1,fit test vs. colonoscopy effectiveness | osuccc – james,fit test vs. colonoscopy effectiveness | osuccc – james|UCXGasnfbCpWYVW2RLTDPn4Q,False,"[{""cancer_domain"": ""colon"", ""search_query"": ""How accurate is the FIT test compared to colonoscopy?"", ""rank"": 1, ""contributor"": ""Yiran"", ""source"": ""American Cancer Society"", ""scope_category"": ""Pre-screening education""}]"
batch-yiran-colon-002,2026-09-26T22:12:18.316051+00:00,gMtMtJsRmw4,https://www.youtube.com/watch?v=gMtMtJsRmw4,How to Decide Your Colon Cancer Screening Method?,"What's the best way to screen for colon cancer? In this video, I describe the factors to consider to make your choice on how to answer this question. I discuss the pros and cons of the most common methods to screen for colon cancer - a colonoscopy, a Cologuard, and a FIT test. I discuss which methods detect colon cancer and which method prevents colon cancer. I consider the cost differences of each of these tests and when insurance may not cover a test. I also present the risks of the tests. The accuracy of these tests differ so I break down the statistics for how well these test detect cancer, how well they detect precursors to cancer, and some of the reasons the test may be wrong. Finally, I emphasize the importance of convenience and availability. Ultimately, the best test is the test you complete which ensures you have been screened and helps us toward the goal that all eligible patients be screened for colon cancer. 

SUBSCRIBE to the Channel for More Content: ?sub_confirmation=1

Be Sure to Check Out Other Relevant Content:
- When is it Time to Stop Colon Cancer Screening:  https://youtu.be/Ykyoc231akE
- DONT Follow These TikTok Colonoscopy Prep Tips:  https://youtu.be/uV3hEH4BvC8
- How to Endure a Clear Liquid Diet: https://youtu.be/PwXeh0RvRuM
- Time for A Colonoscopy: https://youtu.be/vco6Wo4vWXY
- When & Why Have a Colonoscopy: https://youtu.be/c8p2m8W9PXw
- How to Plan for A Colonoscopy: https://youtu.be/zn6vZX2Sh-4
- Cant Handle Colonoscopy Prep - Watch This: https://youtu.be/uJX44uYqMws
- Never Would I Ever Colonoscopy Edition: https://youtu.be/t_aaM1zhsl4
- Do Colonoscopies Actually Prevent Colon Cancer: https://youtu.be/K-VThlZEzMU


DISCLAIMER: While I am a Gastroenterologist, I am not acting as your Gastroenterologist. The information provided on this channel is intended to be general educational content and not directed towards any one individual. If you believe you have a medical condition that deserves attention please seek care from your healthcare provider. If you are experiencing a life threatening emergency, call 911.",UCQSH8alK6dL11aj2YT1I8Vg,"Mark Cooper, MD","I'm Mark Cooper - a board ceritified gastroenterologist - these videos are a fun and easy way to learn about all things GI!

Understanding your gut and how to keep it healthy is complicated! I provide clarity on common, and not so common,  GI topics in a fun and relatable way!

Ask questions in the comment sections and we will try to make a video on the topics you find most interesting!

We upload a new video every Monday morning. Please SUBSCRIBE so you are altered when new content is released!

Lets have some fun!

ABIM Certification: https://www.abim.org/verify-physician?type=id&id=366080
",2020-08-18T14:41:16.174265Z,US,5509336,31200,False,2023-02-27T23:00:33Z,PT7M11S,431,en,en,false,no_captions_reported,,,,public,False,24749,344,59,0,True,1,How accurate is the FIT test compared to colonoscopy?,2,how to decide your colon cancer screening method?,how to decide your colon cancer screening method?|UCQSH8alK6dL11aj2YT1I8Vg,False,"[{""cancer_domain"": ""colon"", ""search_query"": ""How accurate is the FIT test compared to colonoscopy?"", ""rank"": 2, ""contributor"": ""Yiran"", ""source"": ""American Cancer Society"", ""scope_category"": ""Pre-screening education""}]"
batch-yiran-colon-002,2026-09-26T22:12:18.316051+00:00,lHVesyDNOg4,https://www.youtube.com/watch?v=lHVesyDNOg4,Comparing at-home screenings vs. colonoscopies,"New technology is making the process a little less awkward and what you need to know before you commit to alternative testing.

Subscribe to WLWT on YouTube now for more: http://bit.ly/1ipUX3c

Get more Cincinnati news: http://www.wlwt.com
Like us:  http://www.facebook.com/wlwt5
Follow us: http://twitter.com/WLWT
Instagram: https://www.instagram.com/wlwt5/",UCkr9qZ5tj9dGd7JvE3a8X4Q,WLWT,"WLWT.com is Leading The Way with Cincinnati breaking news, weather and important local news coverage.  Look to WLWT for political coverage, viral videos and more from Cincinnati's NBC affiliate.",2007-05-03T18:58:28Z,US,311599327,298000,False,2019-11-19T03:46:35Z,PT2M29S,149,en,en,true,captions_reported_available,,,,public,False,1841,11,,0,True,1,How accurate is the FIT test compared to colonoscopy?,3,comparing at-home screenings vs. colonoscopies,comparing at-home screenings vs. colonoscopies|UCkr9qZ5tj9dGd7JvE3a8X4Q,False,"[{""cancer_domain"": ""colon"", ""search_query"": ""How accurate is the FIT test compared to colonoscopy?"", ""rank"": 3, ""contributor"": ""Yiran"", ""source"": ""American Cancer Society"", ""scope_category"": ""Pre-screening education""}]"
batch-yiran-colon-002,2026-09-26T22:12:18.316051+00:00,xF6vle70cFE,https://www.youtube.com/watch?v=xF6vle70cFE,FIT test or colonoscopy? Colon cancer in young adults and cancer screening recommendations,"What causes colon cancer? Is colon cancer becoming more common? Is cancer screening effective? Can colon cancer happen at a young age? Can a FIT test detect colon cancer?

Our guest is Doug Corley, MD, PhD, chief research officer for The Permanente Medical Group. American Medical Association CXO Todd Unger hosts.

🎥 Watch #AMAUpdate for health care news for physicians, residents and medical students: https://ama-assn.co/AMAUpdate 

📧 Never miss an AMA Update. Subscribe to the AMA Update newsletter for a weekly roundup in your inbox: https://ama-assn.co/AMAUpdateNewsletter 

💜 Not a physician? Join the Patients Action Network: https://ama-assn.co/PatientsActionNetwork 

🏥 Learn more about the AMA Health System Program here: https://ama-assn.co/HealthSystems 

💩 JAMA study Fecal Immunochemical Test Screening and Risk of Colorectal Cancer Death: https://ama-assn.co/JAMAstudy_FITtest 

🩺 The AMA is your powerful ally, focused on addressing the issues important to you, so you can focus on what matters most — patients. We will meet this challenge together. Join us: https://ama-assn.co/JoinRenew 

🥼 Go to https://ama-assn.co/FightingForDocs to learn more about our AMA advocacy priorities, including: 
▹ Reforming Medicare payment 
▹ Fighting scope creep 
▹ Fixing prior authorization 
▹ Reducing physician burnout 
▹ Making technology work for physicians

AMA Update April 28, 2025
00:00 Colon cancer screening
01:12 Colon cancer statistics
01:28 Colon cancer risk by age
01:54 Colon cancer under 50
03:00 Colon cancer risk factors: Why are Gen Z and millennials getting colon cancer?
03:20 Colon cancer causes
03:50 Do cell phones cause cancer?
04:47 Types of colon cancer tests: Colonoscopy
04:57 Colonoscopy screening (colonoscopy vs FIT test)
05:04 FIT test: at-home cancer test kit (colon cancer poop)
05:33 Is colonoscopy better than at home test?
06:02 cancer screening rates
06:44 FIT test for colon cancer
07:19 Colonoscopy prep: What is a colonoscopy like?
08:01 At home cancer tests
08:42 US Preventative Services Task Force recommendations for cancer testing
09:08 JAMA study: Colon cancer risk reduction
10:48 Why people don’t get screened for cancer
11:21 Cancer screening programs
12:22 How to prevent colon cancer
12:52 Colorectal cancer screening: what age do you screen for cancer? 
13:17 Early cancer detection test
13:45 Lifestyle changes for cancer prevention
14:25 Recommendations for colon cancer test: How often should you get screened for cancer?
14:32 How often should you get a colonoscopy?

✶✶✶✶

📺 Subscribe to @americanmedicalassociation on YouTube: https://ama-assn.co/youTube 

📝 Podcast episodes and YouTube transcript available: https://ama-assn.co/AMAUpdate_Transcripts 

📬 Never miss an episode! Subscribe to the AMA Update newsletter for a weekly roundup in your inbox: https://ama-assn.co/AMAUpdateNewsletter 

📧 Sign up for #MorningRounds and free daily newsletters from the AMA: https://ama-assn.co/Newsletters 

🎧 Listen to our latest medical podcasts: https://ama-assn.co/Podcasts 

💬 Follow #AMA on social media: https://ama-assn.co/Social 

📓 Access the Journal of the American Medical Association #JAMA login: https://ama-assn.co/JAMA 


#FightingForDocs #medicine #futureofhealthcare #physicianadvocacy #healthcare #medical #science #publichealth #patientcare #TPMG #KaiserPermanente #PermanenteMedicalGroup #healthsystem #hospital #ChiefResearchOfficer #oncologist #oncology #cancerresearch #cancertreatment #cancerprevention #preventativecare #colorectalcancer #coloncancer #fecalimmunochemicaltest #FITtest #colonoscopy #coloncancertest #coloncancertesting #coloncancerscreening #coloncancerprevention #coloncancerguidelines #JAMA #JAMAnetwork #JAMAnetworkOpen #JAMAstudy #medicalresearch #AmericanMedicalAssociation",UCE83i5yn_YQ1HnFO027BnnQ,American Medical Association (AMA),"The American Medical Association (AMA) is the largest and only national association that convenes 190+ state and specialty medical societies and other critical stakeholders. Our mission is to promote the art and science of medicine and the betterment of public health. 

The AMA is your powerful ally, focused on addressing the issues important to you, so you can focus on what matters most — patients.

We will meet this challenge — together. https://ama-assn.co/FightingForDocs 

The AMA welcomes online comments that contribute to meaningful conversations about the videos we post. We may remove comments that: 
• Are off-topic, defamatory, insulting, nonsensical, or potentially compromised by conflicts of interest
• Omit or obscure disclosure of identity, professional affiliations, or conflicts of interest
• Make a limited contribution to meaningful or substantive conversation
• Are likely spam
",2009-05-14T20:02:22Z,US,24547951,337000,False,2025-04-28T11:01:29Z,PT15M49S,949,en,en-US,true,captions_reported_available,,,,public,False,5859,299,31,0,True,1,How accurate is the FIT test compared to colonoscopy?,4,fit test or colonoscopy? colon cancer in young adults and cancer screening recommendations,fit test or colonoscopy? colon cancer in young adults and cancer screening recommendations|UCE83i5yn_YQ1HnFO027BnnQ,False,"[{""cancer_domain"": ""colon"", ""search_query"": ""How accurate is the FIT test compared to colonoscopy?"", ""rank"": 4, ""contributor"": ""Yiran"", ""source"": ""American Cancer Society"", ""scope_category"": ""Pre-screening education""}]"
batch-yiran-colon-002,2026-09-26T22:12:18.316051+00:00,-6wWSki1GaA,https://www.youtube.com/watch?v=-6wWSki1GaA,"Cologuard, Fit Cards, and Colonoscopy: What's the best option?","I explain the importance of colon cancer screening and how FIT cards, endorsed by the U.S. Preventive Services Task Force, can be just as effective in detecting colon cancer without the need for extensive bowel prep.

#TransformativeCare #PrimaryCare #ColonCancer",UCpXrLaCx4D2P7ABNrPaugJA,Dr. Gordon Chen,"Healthcare Thought Leader, Entrepreneur, and Author. 

Board certified in cardiology and internal medicine, Chief Medical Officer of leading primary care provider ChenMed, and co-author of The Calling: A Memoir of Family, Faith and the Future of Healthcare, Dr. Chen’s mission is to bring better health to underserved communities and transform an expensive and ineffective healthcare system through physician leadership. His video series, The Transformative Care Minute: 60 Seconds to better health, demonstrates the power of primary care and guides healthcare professionals and their patients to better health outcomes at a lower cost. You're welcome to link to or embed these videos, forward them to others, and share these ideas with people you know to help transform their lives and communities. 

",2023-05-10T19:30:52.178613Z,US,14404,332,False,2023-07-03T04:00:00Z,PT1M8S,68,en-US,en-US,true,captions_reported_available,,,,public,False,650,14,3,0,True,1,How accurate is the FIT test compared to colonoscopy?,6,"cologuard, fit cards, and colonoscopy: what's the best option?","cologuard, fit cards, and colonoscopy: what's the best option?|UCpXrLaCx4D2P7ABNrPaugJA",False,"[{""cancer_domain"": ""colon"", ""search_query"": ""How accurate is the FIT test compared to colonoscopy?"", ""rank"": 6, ""contributor"": ""Yiran"", ""source"": ""American Cancer Society"", ""scope_category"": ""Pre-screening education""}]"
batch-yiran-colon-002,2026-09-26T22:12:18.316051+00:00,jVoS0dAxE_Y,https://www.youtube.com/watch?v=jVoS0dAxE_Y,Cologuard vs FIT for Colorectal Cancer Screening,"In this episode we talk about two important non-invasive screening tests for colorectal cancer called Cologuard and Fecal immunochemical Test (FIT). Both these coloroectal cancer screening tests have their pros and cons.  Understanding the sensitivity and specificity of these tests is important in understanding which test is best at detecting colorectal cancer.  Remember colonoscopy remains the best screening test for colorectal cancer as it is not only the best at detection but can reduce the risk of colorectal cancer by identifying and removing polyps or precancerous lesions. 

Follow us on twitter: https://twitter.com/iMedSchool
Follow us on Facebook: https://www.facebook.com/Imedicalschool?ref=hl
Podcast: https://soundcloud.com/imedicalschool
Website: www.imedical.school

iMedicalSchool is a channel dedicated to helping you understand complex medical topics in a simple manner. We want to make sure that you understand every topic presented.  We are happy to answer questions and take suggestions.  No matter if you are in medical school, nursing school or physician assistant school we are here to help you learn more.",UCqf69ZzuEHEodRqn7C88K5w,iMedicalSchool,"Ever wonder why a test was ordered, why a medication was prescribed, or why the latest health news matters to you? At iMedicalSchool, we break down the ""why"" behind medical decisions—so you can understand medicine the way clinicians do.

DISCLAIMER: The information discussed in these videos is meant for medical education only. The content is not intended to be a substitute for professional medical advice, diagnosis, or treatment. Always seek the advice of your physician or qualified healthcare provider with any questions regarding your health.  You should not disregard professional medical advice or delay seeking medical advice based on this content. iMedicalSchool disclaims any and all liability to any party for any direct, indirect, special, incidental, or other damages due to use of this content

",2011-09-19T13:20:46Z,US,4372808,93000,False,2020-03-31T14:36:49Z,PT5M59S,359,en,en,false,no_captions_reported,,,,public,False,5278,,19,0,True,1,How accurate is the FIT test compared to colonoscopy?,9,cologuard vs fit for colorectal cancer screening,cologuard vs fit for colorectal cancer screening|UCqf69ZzuEHEodRqn7C88K5w,False,"[{""cancer_domain"": ""colon"", ""search_query"": ""How accurate is the FIT test compared to colonoscopy?"", ""rank"": 9, ""contributor"": ""Yiran"", ""source"": ""American Cancer Society"", ""scope_category"": ""Pre-screening education""}]"
batch-yiran-colon-002,2026-09-26T22:12:18.316051+00:00,sFf_G424By4,https://www.youtube.com/watch?v=sFf_G424By4,Doctors Miss Colon Cancer,"John Reed says 4 doctors – even a specialist - missed his cancer because it was too soon for the next screening. 
Now, he hopes all doctors and patients will learn from this.",UC5hXr5l9BpbGDzLrw7RW26g,Karin McCay,Stories featured on KCBD NewsChannel 11.,2012-06-30T06:06:37Z,,227607,315,False,2019-03-21T21:56:01Z,PT3M57S,237,en,,false,no_captions_reported,,,,public,False,244,4,1,0,True,1,Can a colonoscopy miss cancer?,1,doctors miss colon cancer,doctors miss colon cancer|UC5hXr5l9BpbGDzLrw7RW26g,False,"[{""cancer_domain"": ""colon"", ""search_query"": ""Can a colonoscopy miss cancer?"", ""rank"": 1, ""contributor"": ""Yiran"", ""source"": ""American Cancer Society"", ""scope_category"": ""Anxiety Reduction""}]"
batch-yiran-colon-002,2026-09-26T22:12:18.316051+00:00,K5JL3c7kdxU,https://www.youtube.com/watch?v=K5JL3c7kdxU,Dr. Michel Kafrouni - What's the risk of Colonoscopy Missing a Cancerous Polyp?,,UCAvuceKNlo9Q3Ylhgl4d87Q,Memorial Hermann,"Located in Houston, Texas, Memorial Hermann is one of the largest not-for-profit health systems in Southeast Texas and we're all about advancing health and personalizing care.",2009-01-07T20:33:56Z,US,15750768,48400,False,2012-03-28T22:28:26Z,PT43S,43,en,en,false,no_captions_reported,,,,public,False,1421,6,0,0,True,1,Can a colonoscopy miss cancer?,2,dr. michel kafrouni - what's the risk of colonoscopy missing a cancerous polyp?,dr. michel kafrouni - what's the risk of colonoscopy missing a cancerous polyp?|UCAvuceKNlo9Q3Ylhgl4d87Q,False,"[{""cancer_domain"": ""colon"", ""search_query"": ""Can a colonoscopy miss cancer?"", ""rank"": 2, ""contributor"": ""Yiran"", ""source"": ""American Cancer Society"", ""scope_category"": ""Anxiety Reduction""}]"
batch-yiran-colon-002,2026-09-26T22:12:18.316051+00:00,fSB3XEsX9GE,https://www.youtube.com/watch?v=fSB3XEsX9GE,Colonoscopies EXPLAINED! Dr. Sethi on: Your Colon Cancer Screening!,"What happens during a colonoscopy? Gastroenterologist, Dr. Sethi (https://www.instagram.com/doctor.sethi/) explains and shares the importance of regular screenings for colon cancer. 

0:00 Introduction: Why Colonoscopies Matter
00:55 Understanding Colon Cancer Risks
01:48 What is a Colonoscopy?
03:36 Preparing for Your Colonoscopy
04:11 The Procedure and What to Expect
05:03 Alternative Screening Methods
06:55 Conclusion: Take Action for Your Health


📌 Don’t forget to like, comment, and subscribe for more tips on managing your gut health!
 
📧 Join our Digestive Health Newsletter: 
https://www.healthline.com/newsletter-signup/ibd?utm_medium=youtube&utm_source=description&utm_campaign=dighealth

Healthline content is strictly informational and should not be considered medical advice. See a licensed medical professional for diagnosis and treatment recommendations. Opinions expressed in this video may not reflect those of Healthline Media.

Connect with Healthline:
-Website: http://www.healthline.com
-Newsletters: http://www.healthline.com/newsletter-...
-Facebook: http://www.facebook.com/healthline
-Instagram: http://www.instagram.com/healthline
-Twitter: http://twitter.com/healthline",UCfXsffQ3NSj8E5Wp1UGHWsA,Healthline Gut Health,"From tummy troubles to microbiome mysteries, we break down gut health into bite-sized videos you can actually digest. Whether you're dealing with bloating, trying to boost your gut health, or just curious about what's going on in there, we've got your back (and your belly)! 

What You'll Learn About:

	•	Probiotics, superfoods, and the gut microbiome
	•	Ulcerative Colitis & Crohn’s Disease Management
	•	IBS Relief Strategies
	•	Gut-Brain Connection
	•	Proven Gut Health Supplements
	•	Delicious Gut-Friendly Recipes
	•	Nutrition & Fiber Tips
	•	Weight Management & Digestion

We upload new videos every other day - including expert tips, myth-busting facts, and practical solutions that'll keep your gut feeling great. Subscribe: @HealthlineGutHealth

For exclusive gut-health tips delivered straight to your inbox, subscribe here: https://tinyurl.com/healthlinedighealth

",2025-03-10T14:50:42.310039Z,US,1001346,26600,False,2025-05-12T13:01:12Z,PT8M15S,495,en,en,false,no_captions_reported,,,,public,False,1891,31,8,0,True,1,Can a colonoscopy miss cancer?,4,colonoscopies explained! dr. sethi on: your colon cancer screening!,colonoscopies explained! dr. sethi on: your colon cancer screening!|UCfXsffQ3NSj8E5Wp1UGHWsA,False,"[{""cancer_domain"": ""colon"", ""search_query"": ""Can a colonoscopy miss cancer?"", ""rank"": 4, ""contributor"": ""Yiran"", ""source"": ""American Cancer Society"", ""scope_category"": ""Anxiety Reduction""}]"
batch-yiran-colon-002,2026-09-26T22:12:18.316051+00:00,_YC-jTNggmQ,https://www.youtube.com/watch?v=_YC-jTNggmQ,How is colon cancer diagnosed? | Norton Cancer Institute,"Michael F. Driscoll, M.D., medical oncologist with Norton Cancer Institute, answers the question, how is colon cancer diagnosed?

Colon cancer typically is diagnosed from some kind of clinical presentation. Most often times people will present with some kind of gastrointestinal bleeding usually either rectal bleeding or potentially dark tarry stools which we call melena. Sometimes people will have abdominal pain as well. Oftentimes if people present with these types of symptoms they'll either be referred to a gastroenterologist or maybe their primary care physician will set them up for a CAT scan of the abdomen. Let’s say if they get a CAT scan first they may find that there is a mass in the colon somewhere but that's not diagnostic of the cancer because you still need a pathologic specimen, which is a biopsy of the tissue. Invariably most people get referred to either a surgeon or a gastroenterologist where they get a colonoscopy. They get a colonoscopy and then typically they would find some abnormality - be either a mass or some abnormality - which is indicative of a cancer and they take a biopsy. That biopsy then gets to a pathologist and the pathologists will look at the tissue specimen underneath a microscope and they'll tell us if it's cancer and that so what kind. Typically it's adenocarcinoma. Staging is the next step. Staging typically involves CAT scans. We would get CAT scans usually at the abdomen and pelvis and oftentimes chest to make sure that the cancer hasn't spread anywhere else. Staging really kinda depends on what mode of treatment we'd undergo next. For most people we’re gonna check blood levels as well, tumor markers and then, once we stage it up, that tends to tell us what the patient then needs as far as treatment.

Learn more about colon cancer https://www.nortonhealthcare.com/colonhealth

Same-day appointments available
Should you be diagnosed with colon cancer, we know you will have many questions and want answers right away. We offer same-day appointments with a cancer specialist. Call (502) 629-HOPE for a same-day appointment.

https://nortonhealthcare.com/provider/michael-f-driscoll-md-hematologyoncology

https://nortonhealthcare.com/Pages/cancer.aspx",UCDDlENhQJEyOQS3ZVH65kzg,Norton Healthcare,"Welcome to the official YouTube channel for Norton Healthcare, a leading not-for-profit health care system serving Louisville, Southern Indiana and the surrounding communities.

Here, you’ll find inspiring patient stories, expert health advice, wellness tips, medical innovations, behind-the-scenes moments and the people who make compassionate care possible every day.

From heart and vascular care, neuroscience and cancer treatment to women’s health, orthopedics, pediatrics and primary care, Norton Healthcare is committed to helping our community live healthier lives.

Subscribe for:
• Patient stories and real recovery journeys
• Health and wellness education
• Expert insights from Norton Healthcare providers
• Medical breakthroughs and innovative treatments
• Community events and hospital updates
• Tips for living healthier at every age

Learn more about our services, providers and locations at NortonHealthcare.com.
",2007-10-11T18:05:14Z,US,58389515,119000,False,2013-11-14T19:11:19Z,PT2M11S,131,en,en,true,captions_reported_available,,,,public,False,14511,83,11,0,True,1,Can a colonoscopy miss cancer?,5,how is colon cancer diagnosed? | norton cancer institute,how is colon cancer diagnosed? | norton cancer institute|UCDDlENhQJEyOQS3ZVH65kzg,False,"[{""cancer_domain"": ""colon"", ""search_query"": ""Can a colonoscopy miss cancer?"", ""rank"": 5, ""contributor"": ""Yiran"", ""source"": ""American Cancer Society"", ""scope_category"": ""Anxiety Reduction""}]"
batch-yiran-colon-002,2026-09-26T22:12:18.316051+00:00,RttsXu___5w,https://www.youtube.com/watch?v=RttsXu___5w,How I Found Out I Had Colon Cancer: I Saw The Mass During My Colonoscopy!,"Nick Sprague, a dedicated firefighter and critical care paramedic, was diagnosed with Stage 4 colon cancer. He discusses his early symptoms, including changes in bowel habits and abdominal pain, which were initially dismissed as minor issues.

During his colonoscopy, Nick was partially awake, and he remembers seeing a mass on the screen. A few days later, the results said it was cancer. 

#coloncancer #coloncancerpatient #coloncancerawareness #cancerpatient #cancersurvivor #patientstories #thepatientstory #cancertreatment #cancerprevention #cancersymptoms",UCSXXHp3FQfALe_u5Tj1fzCA,The Patient Story,"Human answers to your cancer questions → www.thepatientstory.com

The Patient Story is led by a dedicated team of medical, editorial, and video experts, committed  to authentically portraying the patient experience. Sharing your story holds  transformative power, culturally and personally. We handle each narrative with utmost care,  compassion, and scientific rigor.  

We started in cancer and are exploring many more health conditions.

Our editorial process adheres to the highest journalistic standards, ensuring medically  researched, vetted, and fact-checked content. Backed by experienced medical professionals,  we offer insights into the latest medical advancements.  

Beyond patient narratives, we provide comprehensive coverage of healthcare news and medical  resources. From symptoms to clinical trials, insurance, finances, and support groups, we offer guidance in a humanized manner.  

Want to share your story 👉 https://www.thepatientstory.com/share-your-story/




",2018-02-24T03:21:55Z,US,166495709,299000,False,2024-07-26T15:00:27Z,PT1M,60,en,en,false,no_captions_reported,,,,public,False,964654,34550,1264,0,True,1,Can a colonoscopy miss cancer?,6,how i found out i had colon cancer: i saw the mass during my colonoscopy!,how i found out i had colon cancer: i saw the mass during my colonoscopy!|UCSXXHp3FQfALe_u5Tj1fzCA,False,"[{""cancer_domain"": ""colon"", ""search_query"": ""Can a colonoscopy miss cancer?"", ""rank"": 6, ""contributor"": ""Yiran"", ""source"": ""American Cancer Society"", ""scope_category"": ""Anxiety Reduction""}]"
batch-yiran-colon-002,2026-09-26T22:12:18.316051+00:00,M2VsRJtHXD0,https://www.youtube.com/watch?v=M2VsRJtHXD0,How I Found Out I had COLON CANCER: I had a Clean Colonoscopy a YEAR Before!,"Allison shares her stage 2C colorectal cancer story, which began when she was diagnosed at just 32 years old. She details undergoing treatment, concurrent radiation and oral chemo, a colectomy, chemotherapy, and surgery.

#cancerstories #cancerpatient #cancersurvivor #patientstories #thepatientstory #coloncancer #cancerawareness #symptomsofcancer #cancerscreening #colorectalcancer #cancerprevention #cancersymptoms #cancertreatment #cancerresearch #coloncancersurvivor",UCSXXHp3FQfALe_u5Tj1fzCA,The Patient Story,"Human answers to your cancer questions → www.thepatientstory.com

The Patient Story is led by a dedicated team of medical, editorial, and video experts, committed  to authentically portraying the patient experience. Sharing your story holds  transformative power, culturally and personally. We handle each narrative with utmost care,  compassion, and scientific rigor.  

We started in cancer and are exploring many more health conditions.

Our editorial process adheres to the highest journalistic standards, ensuring medically  researched, vetted, and fact-checked content. Backed by experienced medical professionals,  we offer insights into the latest medical advancements.  

Beyond patient narratives, we provide comprehensive coverage of healthcare news and medical  resources. From symptoms to clinical trials, insurance, finances, and support groups, we offer guidance in a humanized manner.  

Want to share your story 👉 https://www.thepatientstory.com/share-your-story/




",2018-02-24T03:21:55Z,US,166495709,299000,False,2024-03-01T16:00:28Z,PT59S,59,en,en,false,no_captions_reported,,,,public,False,27237,738,37,0,True,1,Can a colonoscopy miss cancer?,7,how i found out i had colon cancer: i had a clean colonoscopy a year before!,how i found out i had colon cancer: i had a clean colonoscopy a year before!|UCSXXHp3FQfALe_u5Tj1fzCA,False,"[{""cancer_domain"": ""colon"", ""search_query"": ""Can a colonoscopy miss cancer?"", ""rank"": 7, ""contributor"": ""Yiran"", ""source"": ""American Cancer Society"", ""scope_category"": ""Anxiety Reduction""}]"
batch-yiran-colon-002,2026-09-26T22:12:18.316051+00:00,0bE3V3ZGogQ,https://www.youtube.com/watch?v=0bE3V3ZGogQ,Colonoscopy to Diagnosis - Justine | Colorectal Cancer | The Patient Story,"Justine noticed an increase in bowel movements, often going up to 20 times a day. She knew something was wrong, but cancer never crossed her mind. After a colonoscopy, they discovered a tumor and she was diagnosed with stage 3B rectal cancer. 

In this cancer vlog, Justine describes how she processed her diagnosis, undergoing surgery and treatment and living with an ileostomy bag.

#cancerstories #cancerpatient #cancersurvivor #patientstories #thepatientstory #coloncancer #crcsm #cancerawareness #symptomsofcancer #cancerscreening #colorectalcancer #rectalcancer #cancerprevention #cancersymptoms #cancertreatment #coloncancersurvivor #colonoscopy #colorectalsurgery #ileostomybag 

To learn more about IBS symptoms vs. colon cancer → https://tinyurl.com/2tktb3jp

Video Chapters
00:00 - Introduction
00:30 - My first symptoms
01:10 - Colonoscopy prep 
02:15 - Learning I had a tumor
03:38 - My treatment plan
06:12 - Removing my tumor and having an ileostomy bag 
07:45 - Post surgery 
08:15 - Learning how to manage my ileostomy bag
11:40 - The cancer spread to my liver
12:35 - Treatment side effects
18:35 - Radiation
22:15 - Words of advice

The Patient Story: 
The Patient Story is led by a dedicated team of medical, editorial, and video experts,  committed to authentically portraying the cancer patient experience. Sharing your story holds  transformative power, culturally and personally. We handle each narrative with utmost care,  compassion, and scientific rigor. 

Our editorial process adheres to the highest journalistic standards, ensuring medically  researched, vetted, and fact-checked content. Backed by experienced medical professionals,  we offer insights into the latest medical advancements. 

Beyond patient narratives, we provide comprehensive coverage of cancer news and medical  resources. From symptoms to clinical trials, insurance, finances, and support groups, we offer  guidance in a humanized manner. 

Full story & transcript → https://thepatientstory.com/patient-stories/colorectal-cancer/rectal/justine-l/

The interview has only been edited for clarity.

Join Our Community:
Sign up for our FREE website: https://thepatientstory.com/
Facebook:  https://www.facebook.com/thepatientstory
Instagram: https://www.instagram.com/thepatientstory/
Twitter:  https://twitter.com/Patient_Story
Tik Tok: https://www.tiktok.com/@patientstory

Colonoscopy to Diagnosis - Justine | Colorectal Cancer | The Patient Story
https://youtu.be/0bE3V3ZGogQ",UCSXXHp3FQfALe_u5Tj1fzCA,The Patient Story,"Human answers to your cancer questions → www.thepatientstory.com

The Patient Story is led by a dedicated team of medical, editorial, and video experts, committed  to authentically portraying the patient experience. Sharing your story holds  transformative power, culturally and personally. We handle each narrative with utmost care,  compassion, and scientific rigor.  

We started in cancer and are exploring many more health conditions.

Our editorial process adheres to the highest journalistic standards, ensuring medically  researched, vetted, and fact-checked content. Backed by experienced medical professionals,  we offer insights into the latest medical advancements.  

Beyond patient narratives, we provide comprehensive coverage of healthcare news and medical  resources. From symptoms to clinical trials, insurance, finances, and support groups, we offer guidance in a humanized manner.  

Want to share your story 👉 https://www.thepatientstory.com/share-your-story/




",2018-02-24T03:21:55Z,US,166495709,299000,False,2024-03-08T19:00:00Z,PT24M2S,1442,en,en,true,captions_reported_available,,,,public,False,218903,2686,446,0,True,1,Can a colonoscopy miss cancer?,8,colonoscopy to diagnosis - justine | colorectal cancer | the patient story,colonoscopy to diagnosis - justine | colorectal cancer | the patient story|UCSXXHp3FQfALe_u5Tj1fzCA,False,"[{""cancer_domain"": ""colon"", ""search_query"": ""Can a colonoscopy miss cancer?"", ""rank"": 8, ""contributor"": ""Yiran"", ""source"": ""American Cancer Society"", ""scope_category"": ""Anxiety Reduction""}]"
batch-yiran-colon-002,2026-09-26T22:12:18.316051+00:00,6VQV-O6_Ejg,https://www.youtube.com/watch?v=6VQV-O6_Ejg,How effective are colonoscopies at finding cancer?,"There are new questions about the effectiveness of a common test to detect cancer: https://bit.ly/3T9R61W
_______________
Stay up to date with our social media:

WKRC on Facebook: https://www.facebook.com/WKRCTV/
WKRC on Twitter: https://twitter.com/Local12
Subscribe to WKRC on YouTube: https://www.youtube.com/channel/UC673WfesrYoCgG9VsekGlEQ/?sub_confirmation=1

Daily News Digest:  https://www.youtube.com/playlist?list=PL9noZpJWvOtwqRpJ0wx2a8G5Ox0rP36ZT

For more information, visit https://www.local12.com/

Have a news tip? Send it directly to us: 

Email us: local12@local12.com
Call the Newsroom: 513.579.1212

WKRC is an OH based station and a CBS Television affiliate owned and operated by Sinclair Broadcast Group, Inc. Sinclair Broadcast Group, Inc. is one of the largest and most diversified television broadcasting companies in the country today.

#WKRC #LOCAL12 #cincinnati",UC673WfesrYoCgG9VsekGlEQ,LOCAL 12,"Local 12, WKRC, Cincinnati, Television
",2013-09-25T16:55:31Z,US,269843013,281000,False,2022-10-11T18:16:49Z,PT2M12S,132,en,en,true,captions_reported_available,,,,public,False,411,4,0,0,True,1,Can a colonoscopy miss cancer?,9,how effective are colonoscopies at finding cancer?,how effective are colonoscopies at finding cancer?|UC673WfesrYoCgG9VsekGlEQ,False,"[{""cancer_domain"": ""colon"", ""search_query"": ""Can a colonoscopy miss cancer?"", ""rank"": 9, ""contributor"": ""Yiran"", ""source"": ""American Cancer Society"", ""scope_category"": ""Anxiety Reduction""}]"
batch-yiran-colon-002,2026-09-26T22:12:18.316051+00:00,Vb8R1bCtCDw,https://www.youtube.com/watch?v=Vb8R1bCtCDw,5 symptoms of early-onset colorectal cancer with Dr. Y. Nancy You,Our Dr. Y. Nancy You shares what young adults should know about colon cancer.,UCMla9EyQDlPXUBsWOwmMqZg,UT MD Anderson Cancer Center,"The University of Texas MD Anderson Cancer Center’s mission is to #EndCancer through patient care, research, education and prevention. 1-877-632-6789

UT MD Anderson provides cancer care in the Texas Medical Center, as well as several locations throughout Greater Houston, including:
• Texas Medical Center: 1515 Holcombe Blvd., Houston, TX 77030
• League City: 2280 Gulf Freeway South, League City, TX 77573
• West Houston: 13900 Katy Freeway, Houston, TX 77079
• Sugar Land: 1327 Lake Pointe Parkway, Sugar Land, TX 77478 (on the campus of St. Luke’s Sugar Land Hospital)
• The Woodlands: 100 Fellowship Drive, Conroe, TX 77384
• Northwest Houston Surgical & Specialty Care: 9922 Louetta Rd., Houston, TX 77070

UT MD Anderson also collaborates with hospitals, health systems and organizations across the U.S. and around the world. 

We want to provide a friendly, informative and engaging community for our YouTube subscribers; read our community guidelines before posting: http://bit.ly/Z8uM5N",2007-06-12T16:19:20Z,US,150703376,221000,False,2023-02-16T19:55:32Z,PT59S,59,en,en,false,no_captions_reported,,,,public,False,226222,2339,19,0,True,1,Can a colonoscopy miss cancer?,10,5 symptoms of early-onset colorectal cancer with dr. y. nancy you,5 symptoms of early-onset colorectal cancer with dr. y. nancy you|UCMla9EyQDlPXUBsWOwmMqZg,False,"[{""cancer_domain"": ""colon"", ""search_query"": ""Can a colonoscopy miss cancer?"", ""rank"": 10, ""contributor"": ""Yiran"", ""source"": ""American Cancer Society"", ""scope_category"": ""Anxiety Reduction""}]"
batch-yiran-colon-002,2026-09-26T22:12:18.316051+00:00,9WEDuGXU-T4,https://www.youtube.com/watch?v=9WEDuGXU-T4,What are the Risks of Colonoscopy,"Every medical procedure has it's risks, including colonoscopy.  It is an extremely safe procedure when done by the right professional.  Dr. Jeffrey Weber discusses some of the risks of colonoscopy in this video.  The most feared complication, perforation of the colon, happens less than 1 in 10,000 cases.  Taking polyps out does increase risk of the procedure depending on the number and size.   Most likely you will feel like nothing happened after your colonoscopy.  


Dr. Jeffrey Weber, Chief of Medicine at Cancer Treatment Centers of America (CTCA) at Western Regional Medical Center, earned a medical degree from the University of Wisconsin-Madison, where he also earned a bachelor's degree.  Dr. Weber completed both an internship and residency in internal medicine at the Georgetown Division of the District of Columbia General Hospital in Washington, D.C. He then moved to Milwaukee, Wisconsin and completed a fellowship in gastroenterology at the Medical College of Wisconsin.

VIEW THE ARTICLE:http://www.coloncanceranswers.com/?p=12635

LAST WEEK'S VIDEO - Why are Genetics in Colon Cancer Important? - http://www.youtube.com/watch?v=Ee94e8rbN8I

SUBSCRIBE FOR MORE EXPERT INFORMATION AND BREAKING COLON CANCER NEWS
http://www.youtube.com/subscription_c... 

VISIT COLONCANCERANSWERS.com FOR TONS OF INFORMATIVE VIDEOS
http://www.coloncanceranswers.com/ 

SUGGEST THE NEXT TOPIC FOR OUR COLON CANCER EXPERTS!
http://www.coloncanceranswers.com/ 

CONNECT WITH US! 
Google+ : http://bit.ly/169ii4g 
Facebook : https://www.facebook.com/ColonCancerA... 
Twitter : https://twitter.com/ColonCancerQA",UCyoZtq0_mvS7eKi0LBM_EFg,Colon Cancer Answers,"Colon Cancer Answers is a colon cancer awareness website where patients can ask questions which our experts may select to answer on video. After the video is made, it's posted to the video library for everyone to see and share.

Our experts discuss topics including colon cancer life expectancy, newly diagnosed colon cancer, colon cancer treatment strategies, chemotherapy for colon cancer, colon cancer surgery, ostomy bags after colon cancer, and much more.

If you'd like to ask our experts a question, please visit our website at www.coloncanceranswers.com.",2013-01-23T20:21:24Z,,1219335,3650,False,2014-05-09T21:28:55Z,PT3M,180,en,,true,captions_reported_available,,,,public,False,56809,411,106,0,True,1,What are the risks of a colonoscopy?,1,what are the risks of colonoscopy,what are the risks of colonoscopy|UCyoZtq0_mvS7eKi0LBM_EFg,False,"[{""cancer_domain"": ""colon"", ""search_query"": ""What are the risks of a colonoscopy?"", ""rank"": 1, ""contributor"": ""Yiran"", ""source"": ""American Cancer Society"", ""scope_category"": ""Anxiety Reduction""}]"
batch-yiran-colon-002,2026-09-26T22:12:18.316051+00:00,AtpbIg_G0HM,https://www.youtube.com/watch?v=AtpbIg_G0HM,Colonoscopy Risks and Benefits,"A colonoscopy is a procedure that involves an examination of the entire colon and requires bowel preparation and sedation. Screening tests are done to detect or prevent cancer in asymptomatic patients; when concerning signs or symptoms are present, diagnostic testing should be performed. There are a number of stool-based, endoscopic, or radiologic tests available for Colorectal cancer (CRC) screening, though choice may be driven by patient preference and local availability. Watch this video to learn about the purpose and benefits of the exam, how the colonoscopy procedure is performed, and the potential risks and complications.",UC-K3xct70o9oCw2yz8ul6gw,MassGeneralHospital,"Founded in 1811, Massachusetts General Hospital has the largest hospital based research program in the U.S. Guided by the needs of our patients, Mass General delivers care grounded in leading edge research, advanced treatment offerings and the latest clinical trials.
",2010-03-31T16:43:40Z,,47637846,101000,False,2022-03-08T14:07:11Z,PT3M5S,185,en,en,false,no_captions_reported,,,,public,False,54832,278,119,0,True,1,What are the risks of a colonoscopy?,2,colonoscopy risks and benefits,colonoscopy risks and benefits|UC-K3xct70o9oCw2yz8ul6gw,False,"[{""cancer_domain"": ""colon"", ""search_query"": ""What are the risks of a colonoscopy?"", ""rank"": 2, ""contributor"": ""Yiran"", ""source"": ""American Cancer Society"", ""scope_category"": ""Anxiety Reduction""}]"
batch-yiran-colon-002,2026-09-26T22:12:18.316051+00:00,iFRtxeoSafA,https://www.youtube.com/watch?v=iFRtxeoSafA,What Are the Possible Complications of a Colonoscopy?,"A colonoscopy is a low-risk procedure, but there is a risk of bleeding and injury to the colon. In this video, W. Cannon Lewis, MD of Methodist Stone Oak Hospital explains the likelihood of a smooth procedure, with few risks.",UCqOu-7KCJ0oe-lWQR7XLGGg,Methodist Healthcare,"For HCA Healthcare Internal and External Digital Media Guidelines, please visit https://hcahealthcare.com/about/digital-media-guidelines.dot",2009-09-09T00:19:18Z,,3427674,5930,False,2016-11-15T22:48:17Z,PT48S,48,en,en,true,captions_reported_available,,,,public,False,6189,32,,0,True,1,What are the risks of a colonoscopy?,3,what are the possible complications of a colonoscopy?,what are the possible complications of a colonoscopy?|UCqOu-7KCJ0oe-lWQR7XLGGg,False,"[{""cancer_domain"": ""colon"", ""search_query"": ""What are the risks of a colonoscopy?"", ""rank"": 3, ""contributor"": ""Yiran"", ""source"": ""American Cancer Society"", ""scope_category"": ""Anxiety Reduction""}]"
batch-yiran-colon-002,2026-09-26T22:12:18.316051+00:00,3Bbigss1IEE,https://www.youtube.com/watch?v=3Bbigss1IEE,What are the Risks of a Colonoscopy?,"Dr. Edwin Itenberg, colon & rectal surgeon with Henry Ford Health System, discusses the risks associated with getting a colonoscopy and how rare they are. According to Dr. Itenberg, the risk of developing colon cancer is much more common than the risk of perforation. Learn more: https://www.henryford.com/services/colon-rectal-cancer/colorectal-cancer-screening",UCayu0UJJEV8m_bmU5vkgR_A,Henry Ford Health,"Henry Ford Health provides a full continuum of services – from primary and preventative care, to complex and specialty care, health insurance, a full suite of home health offerings, virtual care, pharmacy, eye care and other healthcare retail. It is one of the nation’s leading academic medical centers, recognized for clinical excellence in cancer care, cardiology and cardiovascular surgery, neurology and neurosurgery, orthopedics and sports medicine, and multi-organ transplants.
 
With more than 33,000 valued team members, Henry Ford Health is also among Michigan’s largest and most diverse employers, including nearly 6,000 physicians and researchers from the Henry Ford Medical Group, Henry Ford Physician Network and Jackson Health Network.

",2008-10-08T12:12:13Z,US,19274905,46800,False,2019-12-05T14:46:17Z,PT53S,53,en,en,true,captions_reported_available,,,,public,False,11505,47,,0,True,1,What are the risks of a colonoscopy?,4,what are the risks of a colonoscopy?,what are the risks of a colonoscopy?|UCayu0UJJEV8m_bmU5vkgR_A,False,"[{""cancer_domain"": ""colon"", ""search_query"": ""What are the risks of a colonoscopy?"", ""rank"": 4, ""contributor"": ""Yiran"", ""source"": ""American Cancer Society"", ""scope_category"": ""Anxiety Reduction""}]"
batch-yiran-colon-002,2026-09-26T22:12:18.316051+00:00,AUEByrFC7uI,https://www.youtube.com/watch?v=AUEByrFC7uI,Understanding the Risks of Colonoscopy: What You Need to Know,"Short Clip from HealthLine on PBS Fort Wayne with Guests: Dr. Jeremy Wilson (Doctor of Osteopathic Medicine)
HealthLine is a fast paced show that keeps you informed of the latest developments in the worlds of medicine, health and wellness. Since 1996, this informative half-hour has featured local experts from diverse resources and backgrounds to put these developments and trends in to a local perspective. You can ask the experts your health questions Tuesdays at 7:30, when the show is broadcast live.
#pbs #health #wellness #fortwayneindiana #healthline",UCgvgUUqcocHQ9d-3gtMtWWw,HealthLine,"HealthLine is a fast paced show that keeps you informed of the latest developments in the worlds of medicine, health and wellness. Since 1996, this informative half-hour show has featured local experts from diverse resources and backgrounds to put these developments and trends in to a local perspective. You can ask the experts your health questions Tuesdays at 7:30, when the show is broadcast live.

Disclaimer: The views and opinions expressed in these videos do not necessarily reflect the views or positions of PBS Fort Wayne. The content provided is for information resources only. It is not to be relied upon or used as a substitute for any diagnostic or treatment purposes. Please consult your health care provider before making any health care decisions and for guidance about any specific medical condition.
",2023-12-06T19:31:51.932409Z,,228698,365,False,2025-03-18T15:00:24Z,PT55S,55,en,en,false,no_captions_reported,,,,public,False,6985,69,3,0,True,1,What are the risks of a colonoscopy?,5,understanding the risks of colonoscopy: what you need to know,understanding the risks of colonoscopy: what you need to know|UCgvgUUqcocHQ9d-3gtMtWWw,False,"[{""cancer_domain"": ""colon"", ""search_query"": ""What are the risks of a colonoscopy?"", ""rank"": 5, ""contributor"": ""Yiran"", ""source"": ""American Cancer Society"", ""scope_category"": ""Anxiety Reduction""}]"
batch-yiran-colon-002,2026-09-26T22:12:18.316051+00:00,_BTcU2SRT2k,https://www.youtube.com/watch?v=_BTcU2SRT2k,What are Colonoscopy Risks? • Risks of Colonoscopy | Colonoscopy Center of Excellence,"Colonoscopy Risks - What are the risks of a colonoscopy? Learn about the possible complications that arise from undergoing a colonoscopy. Read more at http://colonoscopymd.com/risks-complications.

This is a common question many patients ask us at La Peer Surgery Center in Los Angeles. Listen to Dr. Siamak Tabib as he discusses some guidelines that people can follow.",UCVLOLzRT-gOQPbqWOneIstA,La Peer,"La Peer Health Systems
8920 Wilshire Blvd #101
Beverly Hills, CA 90211
(866) 629-0564

La Peer Health Systems is an outpatient surgery center in Beverly Hills, founded by doctors and focused on providing excellent patient care alongside the most cutting-edge medical treatments available. With 50 world-renowned physicians in 14 specialties, comprehensive medical treatment is offered that takes patients from consultation to diagnosis, treatment, surgery, and ultimately aftercare.

One of the reasons we have so many satisfied patients and excellent outcomes is because unlike large hospitals, our unique structure allows us to offer extremely personal care in a safe and controlled environment. Also, Becker's ASC Review named La Peer as one of the 100 Greatest Places to Work. 

Call (855) 360-9119 to schedule an appointment with one of our world-renowned physicians.",2010-05-06T21:07:01Z,US,4251840,5760,False,2012-11-14T06:28:55Z,PT2M56S,176,en,en,true,captions_reported_available,,,,public,False,25154,181,44,0,True,1,What are the risks of a colonoscopy?,6,what are colonoscopy risks? • risks of colonoscopy | colonoscopy center of excellence,what are colonoscopy risks? • risks of colonoscopy | colonoscopy center of excellence|UCVLOLzRT-gOQPbqWOneIstA,False,"[{""cancer_domain"": ""colon"", ""search_query"": ""What are the risks of a colonoscopy?"", ""rank"": 6, ""contributor"": ""Yiran"", ""source"": ""American Cancer Society"", ""scope_category"": ""Anxiety Reduction""}]"
batch-yiran-colon-002,2026-09-26T22:12:18.316051+00:00,5ZWxKk6AMpA,https://www.youtube.com/watch?v=5ZWxKk6AMpA,Controversy over colonoscopies after new study suggest benefits might be overestimated,"NBC News Correspondent Anne Thompson joins ""The News with Shepard Smith"" to report on a controversial new study that finds the benefits of colonoscopies may have been overstated. For access to live and exclusive video from CNBC subscribe to CNBC PRO: https://cnb.cx/2NGeIvi

» Subscribe to CNBC TV: https://cnb.cx/SubscribeCNBCtelevision
» Subscribe to CNBC: https://cnb.cx/SubscribeCNBC

Turn to CNBC TV for the latest stock market news and analysis. From market futures to live price updates CNBC is the leader in business news worldwide.

The News with Shepard Smith is CNBC’s daily news podcast providing deep, non-partisan coverage and perspective on the day’s most important stories. Available to listen by 8:30pm ET / 5:30pm PT daily beginning September 30: https://www.cnbc.com/2020/09/29/the-news-with-shepard-smith-podcast.html?__source=youtube%7Cshepsmith%7Cpodcast

Connect with CNBC News Online
Get the latest news: http://www.cnbc.com/
Follow CNBC on LinkedIn: https://cnb.cx/LinkedInCNBC
Follow CNBC News on Facebook: https://cnb.cx/LikeCNBC
Follow CNBC News on Twitter: https://cnb.cx/FollowCNBC
Follow CNBC News on Instagram: https://cnb.cx/InstagramCNBC

https://www.cnbc.com/select/best-credit-cards/

#CNBC
#CNBCTV",UCrp_UI8XtuYfpiqluWLD7Lw,CNBC Television,"Turn to CNBC TV for the latest stock market news and analysis. From market futures to live price updates CNBC is the leader in business news worldwide. Don’t miss a market moment, Stream CNBC+ now: http://www.cnbc.com/WatchCNBCPlus",2018-05-29T15:09:14Z,US,2673883405,3400000,False,2022-10-11T00:57:16Z,PT2M6S,126,en,en,true,captions_reported_available,,,,public,False,706758,3054,797,0,True,1,What are the risks of a colonoscopy?,8,controversy over colonoscopies after new study suggest benefits might be overestimated,controversy over colonoscopies after new study suggest benefits might be overestimated|UCrp_UI8XtuYfpiqluWLD7Lw,False,"[{""cancer_domain"": ""colon"", ""search_query"": ""What are the risks of a colonoscopy?"", ""rank"": 8, ""contributor"": ""Yiran"", ""source"": ""American Cancer Society"", ""scope_category"": ""Anxiety Reduction""}]"
batch-yiran-colon-002,2026-09-26T22:12:18.316051+00:00,p4Uzs9R9JNU,https://www.youtube.com/watch?v=p4Uzs9R9JNU,Dr. Sharmila  Anandasabapathy on the Risks of Colonoscopy,"Dr. Anandasabapathy's clinical interests are in gastroesophageal reflux disease, Barrett's esophagus, and gastrointestinal cancers. She is also interested in endoscopic imaging, including endoscopic ultrasound and confocal microendoscopy. Her research interests focus on the early diagnosis and treatment of Barrett's esophagus and esophageal cancer, including endoscopic mucosal resection and ablative technologies. She has several active research protocols looking at the early detection of gastrointestinal cancers.

Visit Dr. Sharmila Anandasabapathy here, http://bit.ly/17pBQoY",UC4ZyUot7ROY6H1kV8_J__kQ,Mount Sinai Health System,"The latest patient stories, breakthroughs, physician interviews, and news from the Mount Sinai Health System.",2009-02-24T20:42:54Z,US,53044809,174000,False,2013-02-27T12:58:16Z,PT1M18S,78,en,en,false,no_captions_reported,,,,public,False,3265,11,13,0,True,1,What are the risks of a colonoscopy?,9,dr. sharmila anandasabapathy on the risks of colonoscopy,dr. sharmila anandasabapathy on the risks of colonoscopy|UC4ZyUot7ROY6H1kV8_J__kQ,False,"[{""cancer_domain"": ""colon"", ""search_query"": ""What are the risks of a colonoscopy?"", ""rank"": 9, ""contributor"": ""Yiran"", ""source"": ""American Cancer Society"", ""scope_category"": ""Anxiety Reduction""}]"
batch-yiran-colon-002,2026-09-26T22:12:18.316051+00:00,lGKWjrqwJHM,https://www.youtube.com/watch?v=lGKWjrqwJHM,Colonoscopy: Are the Potential Dangers Worth It?,"New study questions the risks vs. the benefits. There are far safer options available: Cologuard, CT Scan if absolutely necessary and the Galleri Cancer Test by Grail.com. Simple preventative strategies just make good sense, they are up to you.

DrDavidMarquis.com (Sign up for my Newsletter)
DrDavidMarquis is UNCENSORED on Rumble / https://rumble.com/search/video?q=drdavidmarquis

As always, I am not suggesting the strategies I mention are a cure to any disease and recommend that all do their own research in order to make informed decisions. 

Also, please consider the stress we have all been under and respect that we are all unique individuals, with unique needs. I hope you will join me in a united effort to be less judgemental and focus on being kind and loving towards one another. 

Be well!",UCfvrkTOtnRzz2vuEpRItqwQ,DrDave'sHeadSpace,Modern Approach to Total Metabolic and Neurologic Health,2011-04-28T02:53:29Z,US,637585,13400,False,2023-03-08T02:54:35Z,PT8M43S,523,en,en,false,no_captions_reported,,,,public,False,14746,496,57,0,True,1,What are the risks of a colonoscopy?,10,colonoscopy: are the potential dangers worth it?,colonoscopy: are the potential dangers worth it?|UCfvrkTOtnRzz2vuEpRItqwQ,False,"[{""cancer_domain"": ""colon"", ""search_query"": ""What are the risks of a colonoscopy?"", ""rank"": 10, ""contributor"": ""Yiran"", ""source"": ""American Cancer Society"", ""scope_category"": ""Anxiety Reduction""}]"
batch-yiran-colon-002,2026-09-26T22:12:18.316051+00:00,lwfZFskoifw,https://www.youtube.com/watch?v=lwfZFskoifw,Cancer Screening & Overdiagnosis,"Two basic points: 1. Not all cancers progress & 2.) Cancer survival statistics can be very misleading.
[March 2018 keynote at The United States and Canadian Academy of Pathology in Vancouver, BC]",UCbKGJ3mNJ1jq0xNqzSBOh_w,H. Gilbert Welch,,2012-08-10T13:44:16Z,,231112,1940,False,2018-08-08T19:43:50Z,PT1H3M21S,3801,en,,false,no_captions_reported,,,,public,False,22618,561,69,0,True,1,What is overdiagnosis in colorectal cancer screening?,1,cancer screening & overdiagnosis,cancer screening & overdiagnosis|UCbKGJ3mNJ1jq0xNqzSBOh_w,False,"[{""cancer_domain"": ""colon"", ""search_query"": ""What is overdiagnosis in colorectal cancer screening?"", ""rank"": 1, ""contributor"": ""Yiran"", ""source"": ""National Cancer Institute"", ""scope_category"": ""Pre-screening education""}]"
batch-yiran-colon-002,2026-09-26T22:12:18.316051+00:00,bk8JdolTX7E,https://www.youtube.com/watch?v=bk8JdolTX7E,Cancer Screening IV - Overdiagnosis (longterm RCT followup),Last of four brief presentations that attempt to communicate the trade-offs involved in cancer screening.,UCbKGJ3mNJ1jq0xNqzSBOh_w,H. Gilbert Welch,,2012-08-10T13:44:16Z,,231112,1940,False,2014-06-13T00:20:28Z,PT15M30S,930,en,,false,no_captions_reported,,,,public,False,2784,59,4,0,True,1,What is overdiagnosis in colorectal cancer screening?,2,cancer screening iv - overdiagnosis (longterm rct followup),cancer screening iv - overdiagnosis (longterm rct followup)|UCbKGJ3mNJ1jq0xNqzSBOh_w,False,"[{""cancer_domain"": ""colon"", ""search_query"": ""What is overdiagnosis in colorectal cancer screening?"", ""rank"": 2, ""contributor"": ""Yiran"", ""source"": ""National Cancer Institute"", ""scope_category"": ""Pre-screening education""}]"
batch-yiran-colon-002,2026-09-26T22:12:18.316051+00:00,Q3Z1XBzBeDw,https://www.youtube.com/watch?v=Q3Z1XBzBeDw,"#1: Making Guidelines for Colon Cancer Screening: Evidence, Policy, and Politics (MtG)","A major goal of clinical practice guidelines is to maximize benefit and minimize harm for patients. Yet many guidelines are made by many organizations and often they conflict on the same topic, so that Congress commissioned the Institute of Medicine to write a report about how to identify ""guidelines you can trust."" This Mind the Gap webinar illustrates challenges and practical realities in guidelines-making by describing the evolution of evidence and of guidelines for colon cancer screening. The goal is to understand the relationship between evidence, policy, and politics and to identify current challenges in making high-quality guidelines.",UCSAZcoqQZ-HwVBBU1Hna8YQ,NIH ODP,"Welcome! The Office of Disease Prevention (ODP) is the lead Office at the National Institutes of Health (NIH) responsible for assessing, facilitating, and stimulating research in disease prevention and health promotion, and disseminating the results of this research to improve public health. Our videos introduce you to training videos, recorded lectures, and other ODP and NIH disease prevention resources. These videos are also available on ODP's website. 

If the captions or transcripts provided here do not meet your needs, or if you require additional accommodation, please contact the NIH Office of Disease Prevention at prevention@mail.nih.gov and we will provide the information to you in an alternate format. It would be helpful if you can be as specific as possible when describing the information you seek.",2017-05-03T16:16:44Z,US,147389,1710,False,2020-07-14T13:47:12Z,PT59M51S,3591,en,en,false,no_captions_reported,,,,public,False,315,,,0,True,1,What is overdiagnosis in colorectal cancer screening?,3,"#1: making guidelines for colon cancer screening: evidence, policy, and politics (mtg)","#1: making guidelines for colon cancer screening: evidence, policy, and politics (mtg)|UCSAZcoqQZ-HwVBBU1Hna8YQ",False,"[{""cancer_domain"": ""colon"", ""search_query"": ""What is overdiagnosis in colorectal cancer screening?"", ""rank"": 3, ""contributor"": ""Yiran"", ""source"": ""National Cancer Institute"", ""scope_category"": ""Pre-screening education""}]"
batch-yiran-colon-002,2026-09-26T22:12:18.316051+00:00,wH9ncUs0dVg,https://www.youtube.com/watch?v=wH9ncUs0dVg,Robertson's Randomization for Colon Cancer Screening,One of the principal investigators (PIs) of the VA Cooperative Study of Colonoscopy vs. Home FIT testing gets randomized – by a coin flip – to determine how he will be screened for colon cancer.,UCbKGJ3mNJ1jq0xNqzSBOh_w,H. Gilbert Welch,,2012-08-10T13:44:16Z,,231112,1940,False,2017-10-20T19:18:37Z,PT2M16S,136,en,,false,no_captions_reported,,,,public,False,725,5,1,0,True,1,What is overdiagnosis in colorectal cancer screening?,4,robertson's randomization for colon cancer screening,robertson's randomization for colon cancer screening|UCbKGJ3mNJ1jq0xNqzSBOh_w,False,"[{""cancer_domain"": ""colon"", ""search_query"": ""What is overdiagnosis in colorectal cancer screening?"", ""rank"": 4, ""contributor"": ""Yiran"", ""source"": ""National Cancer Institute"", ""scope_category"": ""Pre-screening education""}]"
batch-yiran-colon-002,2026-09-26T22:12:18.316051+00:00,yaXrEPnp0ZM,https://www.youtube.com/watch?v=yaXrEPnp0ZM,Colorectal Cancer Screening & Treatment Part 3 of 7,"Join NYU Cancer Institute's top healthcare professionals for a discussion focusing on risk factors and family history, screening options and diagnosis, new treatment modalities and clinical trials for colorectal cancer.

Speaker: 
Michael Macari, MD
Professor, Department of Radiology

Event Date:
Wednesday, March 14, 2012

Learn more about NYU Langone's Perlmutter Cancer Center: http://www.nyulangone.org/locations/perlmutter-cancer-center.",UCDp-ctduCmWgCjr5w68s4Cw,NYU Langone Health,"When it comes to your health, the quality of your hospital and doctors matter. As one of the premier health systems in the nation, NYU Langone culture is rooted in excellence in patient care, education, and research.
 
Culture matters. Outcomes matter. This is why we consistently deliver the highest quality care at our 300+ practices and five hospitals throughout the New York metro area and Florida. 

Taking top-quality patient care to new heights. Ranked #1 for quality care in the U.S. by Vizient, Inc. 
 
To find a doctor, visit the link below.
",2009-06-18T19:03:29Z,US,173404490,104000,False,2013-12-03T20:24:28Z,PT17M7S,1027,en,,false,no_captions_reported,,,,public,False,610,2,1,0,True,1,What is overdiagnosis in colorectal cancer screening?,5,colorectal cancer screening & treatment part 3 of 7,colorectal cancer screening & treatment part 3 of 7|UCDp-ctduCmWgCjr5w68s4Cw,False,"[{""cancer_domain"": ""colon"", ""search_query"": ""What is overdiagnosis in colorectal cancer screening?"", ""rank"": 5, ""contributor"": ""Yiran"", ""source"": ""National Cancer Institute"", ""scope_category"": ""Pre-screening education""}]"
batch-yiran-colon-002,2026-09-26T22:12:18.316051+00:00,_SozAjDYpvU,https://www.youtube.com/watch?v=_SozAjDYpvU,UMiami Health Talk: The Power of Early Detection of Colorectal Cancer,"Gastroenterology and hepatology expert David Goldberg, M.D., M.S.C.E. led an informative discussion on the basics of colorectal cancer, how it develops, and the different methods used to diagnose the disease at its earliest stages.",UCKAvSiloKDUOrggku8PmIUQ,Sylvester Comprehensive Cancer Center,"At Sylvester, we are proud to be South Florida's only NCI-designated Cancer Center. As part of the University of Miami Health System and the Miller School of Medicine, we serve as the hub for cancer-related research, diagnosis, and treatment. Since our founding in 1922, we have remained dedicated to advancing cancer care through cutting-edge research and compassionate treatment, delivering world-class care to every patient. ",2010-04-28T03:17:21Z,US,3257273,2660,False,2026-03-30T13:54:52Z,PT58M32S,3512,en,en,false,no_captions_reported,,,,public,False,137,5,,0,True,1,What is overdiagnosis in colorectal cancer screening?,6,umiami health talk: the power of early detection of colorectal cancer,umiami health talk: the power of early detection of colorectal cancer|UCKAvSiloKDUOrggku8PmIUQ,False,"[{""cancer_domain"": ""colon"", ""search_query"": ""What is overdiagnosis in colorectal cancer screening?"", ""rank"": 6, ""contributor"": ""Yiran"", ""source"": ""National Cancer Institute"", ""scope_category"": ""Pre-screening education""}]"
batch-yiran-colon-002,2026-09-26T22:12:18.316051+00:00,cpVzQRfMUAU,https://www.youtube.com/watch?v=cpVzQRfMUAU,Current status of colorectal cancer screening and surveillance,#EndoscopyOne #Tokyolive #CancerScreening #大腸癌 #大腸癌スクリーニング,UCTVgZKoiGpTMbSLJaYHwqtA,Endoscopy ONE Channel,"★★This is OFFICIAL NEW Youtube channel of ""Endoscopy One""★★
Tokyo Live -Endoscopy One- is dedicated to providing high-quality medical care to our patients and contributing to the education and promotion of therapeutic endoscopy.
#EndoscopyOne #Tokyolive #Endoscopy #Therapeutic #POEM #ARMA #ESD #ESSD #HaruInoue #内視鏡 #内視鏡治療 #アカラシア#消化器内視鏡　#GastrointestinalEndoscopy
",2022-05-01T04:36:57.729291Z,JP,164793,3450,False,2022-05-05T02:57:05Z,PT48M14S,2894,en-US,en,false,no_captions_reported,,,,public,False,190,1,0,0,True,1,What is overdiagnosis in colorectal cancer screening?,7,current status of colorectal cancer screening and surveillance,current status of colorectal cancer screening and surveillance|UCTVgZKoiGpTMbSLJaYHwqtA,False,"[{""cancer_domain"": ""colon"", ""search_query"": ""What is overdiagnosis in colorectal cancer screening?"", ""rank"": 7, ""contributor"": ""Yiran"", ""source"": ""National Cancer Institute"", ""scope_category"": ""Pre-screening education""}]"
batch-yiran-colon-002,2026-09-26T22:12:18.316051+00:00,CLcvxmTnvo8,https://www.youtube.com/watch?v=CLcvxmTnvo8,EUROPREV webinar - New cancer screenings and the risk of overdiagnosis,,UC9LrbI6nWSn0hPqeYuVzsiQ,Carlos Martins (MGFamiliar),,2007-06-25T15:24:14Z,PT,259162,3280,False,2023-01-18T22:00:09Z,PT1H41M28S,6088,en,,false,no_captions_reported,,,,public,False,1446,16,0,0,True,1,What is overdiagnosis in colorectal cancer screening?,8,europrev webinar - new cancer screenings and the risk of overdiagnosis,europrev webinar - new cancer screenings and the risk of overdiagnosis|UC9LrbI6nWSn0hPqeYuVzsiQ,False,"[{""cancer_domain"": ""colon"", ""search_query"": ""What is overdiagnosis in colorectal cancer screening?"", ""rank"": 8, ""contributor"": ""Yiran"", ""source"": ""National Cancer Institute"", ""scope_category"": ""Pre-screening education""}]"
batch-yiran-colon-002,2026-09-26T22:12:18.316051+00:00,rcVRaEIt0rA,https://www.youtube.com/watch?v=rcVRaEIt0rA,People’s willingness to accept overdetection in cancer screening,"In cancer screening, overdetection is defined as the detection of a cancerous lesion through screening that would otherwise not have caused any symptoms or early death.

It is considered the most harmful effect of cancer screening as it unnecessarily labels people as “cancer patients,” leads to treatments causing harm but no benefit, and diverts healthcare activity from patients who genuinely need it.

In this research the authors set out to describe the level of overdetection people would find acceptable in screening for breast, prostate, and bowel cancer and whether acceptability is influenced by the magnitude of the benefit from screening and the cancer specific harms from overdetection.

They conclude that acceptability of overdetection in cancer screening is variable. Invitations for screening should include clear information on the likelihood and consequences of overdetection to allow people to make an informed choice.

Read the full research:
http://www.bmj.com/content/350/bmj.h980",UCrkhryqZABVzsGvfeAp0uIw,The BMJ,"Published since 1840, the BMJ is among the most influential and widely read peer-reviewed medical journals in the world.  We want to create a healthier world, and we do that by getting the best, most trustworthy and accurate information we can to doctors, researchers, and the public.


",2008-12-10T15:27:20Z,,7316851,45000,False,2015-03-05T15:25:10Z,PT4M10S,250,en,en-GB,false,no_captions_reported,,,,public,False,819,4,0,0,True,1,What is overdiagnosis in colorectal cancer screening?,9,people’s willingness to accept overdetection in cancer screening,people’s willingness to accept overdetection in cancer screening|UCrkhryqZABVzsGvfeAp0uIw,False,"[{""cancer_domain"": ""colon"", ""search_query"": ""What is overdiagnosis in colorectal cancer screening?"", ""rank"": 9, ""contributor"": ""Yiran"", ""source"": ""National Cancer Institute"", ""scope_category"": ""Pre-screening education""}]"
batch-yiran-colon-002,2026-09-26T22:12:18.316051+00:00,on9w32vUXls,https://www.youtube.com/watch?v=on9w32vUXls,Fall in colorectal cancer death rates attributed to screening,"Prof Philippe Autier talks ecancer at the European Cancer Conference (ECC 2013) about the results extracted from data on colorectal cancer collected as part of the Survey of Health, Ageing, and Retirement in Europe (SHARE) project on exposure to screening in men and women aged 50 and over in 11 European countries between 1989 and 2010.

Screening for colorectal cancer in European countries is highly effective in reducing mortality from the disease. Some of the resources currently being devoted to breast and prostate screening programmes, where the evidence of effectiveness is much less clear-cut, should be reallocated to the early detection of colorectal cancer.",UCGb_Xmf5mzvyXC7NOjsonkg,ecancer,"The International Agency for Research on Cancer has estimated that about half of all cancers could be avoided if current knowledge was adequately implemented.

ecancer is a UK charity, working tirelessly to ensure current knowledge is properly shared. Our mission is to raise the standards of global cancer care through education.  

We were founded in 2007 by two inspirational oncologists, Prof Gordon McVie and Prof Umberto Veronesi.  Frustrated by global inequalities in access to education and research, they were driven to create an open platform to share knowledge that would help raise the standards of cancer care - ecancer.org.",2008-01-22T17:28:06Z,GB,3124768,15700,False,2013-10-10T15:40:06Z,PT6M16S,376,en,,false,no_captions_reported,,,,public,False,72,0,,0,True,1,What is overdiagnosis in colorectal cancer screening?,10,fall in colorectal cancer death rates attributed to screening,fall in colorectal cancer death rates attributed to screening|UCGb_Xmf5mzvyXC7NOjsonkg,False,"[{""cancer_domain"": ""colon"", ""search_query"": ""What is overdiagnosis in colorectal cancer screening?"", ""rank"": 10, ""contributor"": ""Yiran"", ""source"": ""National Cancer Institute"", ""scope_category"": ""Pre-screening education""}]"
batch-yiran-colon-002,2026-09-26T22:12:18.316051+00:00,5Ai-N5DSR7c,https://www.youtube.com/watch?v=5Ai-N5DSR7c,Why Can't I Drive Myself Home After a Colonoscopy?,"Ever wondered why you can't just hop in your car after a colonoscopy? This video delves into the critical reasons behind this common medical directive, ensuring your safety and understanding of post-procedure guidelines.

Here's what you'll learn about safe recovery after a colonoscopy:
 ► Understand the effects of sedation on your reflexes and judgment.
 ► Discover why medical professionals strictly prohibit self-driving immediately after the procedure.
 ► Learn about the importance of having a designated driver for your safety and well-being.


#ColonoscopyRecovery, #MedicalSafety, #AnesthesiaEffects, #ColonHealth, #PatientCare",UC9hvmN4dfcHQIH6NkO_sboQ,Colon Health Channel,"Welcome to the Colon Health Channel! Our mission is to provide essential information on colorectal health, focusing on topics like colorectal cancer symptoms, colon cancer screening, rectal cancer signs, and the stages of colorectal cancer. We also cover treatment options, risk factors, surgery for colorectal cancer, and living with the condition. Our friendly tone aims to make complex health issues more approachable for everyone.

DISCLAIMER: This content is independently created by Colon Health Channel and is presented for informational purposes only. We maintain no affiliation, partnership, or formal relationship with any individuals, organizations, companies, or products featured in this content. All trademarks and brand names mentioned are acknowledged as the property of their respective owners. While we strive for accuracy, we encourage viewers to verify current information through official channels and authorized sources.
",2025-03-31T18:21:13.875811Z,US,195399,446,False,2025-11-28T21:26:20Z,PT2M49S,169,en,,false,no_captions_reported,,,,public,False,31,0,1,0,True,1,can I drive myself home after a colonoscopy,1,why can't i drive myself home after a colonoscopy?,why can't i drive myself home after a colonoscopy?|UC9hvmN4dfcHQIH6NkO_sboQ,False,"[{""cancer_domain"": ""colon"", ""search_query"": ""can I drive myself home after a colonoscopy"", ""rank"": 1, ""contributor"": ""Yiran"", ""source"": ""Mayo Clinic"", ""scope_category"": ""Anxiety Reduction""}]"
batch-yiran-colon-002,2026-09-26T22:12:18.316051+00:00,H3xn-w91Crc,https://www.youtube.com/watch?v=H3xn-w91Crc,Post-Colonoscopy: Why You Need a Driver & Key Tips for Your Ride Home. #postcolonoscopy,"Why is it necessary to have someone drive me home after the colonoscopy, and what instructions should I provide to my driver? #Colonoscopyprep #ridehome #transportation #guthealth #gutmicrobiome #gicare",UC1YsSpS2RrSabL5IjZ52nhg,gutsphere,"For people living with ongoing digestive symptoms and conditions who want to understand their experience and prepare better questions for care.

Gutsphere explores constipation, bloating, IBS, stool changes, gut health, and digestive diseases through clear explanations and personal experiences.

Build a personal system of care: a practical way to organize your health history, recognize patterns, prepare for appointments, and keep track of what happens between visits—alongside your healthcare team.

Start with a symptom or condition playlist, then explore ways to connect the pieces of your experience. Subscribe for practical digestive-health education and a clearer path forward.

The Gutsphere app supports this approach. Find our iOS and Android apps in the links below.
Website: https://gutsphere.com/
Contact: hello@gutsphere.com

Educational information and personal experiences—not individual diagnosis or treatment.",2022-09-27T13:11:36.194582Z,US,1393861,4410,False,2024-06-12T15:03:02Z,PT59S,59,en-US,en-US,false,no_captions_reported,,,,public,False,294,4,0,0,True,1,can I drive myself home after a colonoscopy,2,post-colonoscopy: why you need a driver & key tips for your ride home. #postcolonoscopy,post-colonoscopy: why you need a driver & key tips for your ride home. #postcolonoscopy|UC1YsSpS2RrSabL5IjZ52nhg,False,"[{""cancer_domain"": ""colon"", ""search_query"": ""can I drive myself home after a colonoscopy"", ""rank"": 2, ""contributor"": ""Yiran"", ""source"": ""Mayo Clinic"", ""scope_category"": ""Anxiety Reduction""}]"
batch-yiran-colon-002,2026-09-26T22:12:18.316051+00:00,XIO_podDAUI,https://www.youtube.com/watch?v=XIO_podDAUI,What to do after a colonoscopy,"You probably know what happens before and during a colonoscopy, but do you know what happens after? Dr. Khokhar explains what you can expect after your colonoscopy.

Learn more about your screening options and take a short quiz by visiting getscreened.org.",UChk_2XJ0-AcqeSfvyBrAANA,Colorectal Cancer Alliance,"We are the Colorectal Cancer Alliance. A non-profit organization, working with our nation of passionate allies. We exist to screen, care, and cure colorectal (colon and rectal) cancer within our lifetime. Newly diagnosed or need support? Call our free Helpline at (877) 422-2030 or visit colorectalcancer.org.

",2009-01-14T21:33:27Z,US,22616168,19900,False,2025-02-24T22:18:22Z,PT34S,34,en,,false,no_captions_reported,,,,public,False,560458,5422,220,0,True,1,can I drive myself home after a colonoscopy,3,what to do after a colonoscopy,what to do after a colonoscopy|UChk_2XJ0-AcqeSfvyBrAANA,False,"[{""cancer_domain"": ""colon"", ""search_query"": ""can I drive myself home after a colonoscopy"", ""rank"": 3, ""contributor"": ""Yiran"", ""source"": ""Mayo Clinic"", ""scope_category"": ""Anxiety Reduction""}]"
batch-yiran-colon-002,2026-09-26T22:12:18.316051+00:00,BskeCLtwcT4,https://www.youtube.com/watch?v=BskeCLtwcT4,When Can You Go Home After a Colonoscopy? #colonoscopy #health,"As a gastroenterologist, I often get asked this question. I encounter two types of patients: those who want to take four days off after the procedure and those who are ready to get back to their routine immediately. 😄

Everyone's recovery can vary, so it's always best to follow the specific advice given by your healthcare provider. If you have any questions or concerns, don’t hesitate to reach out.",UCbmhQMF6VJyKrmCxFJyKIHA,Dr. Vivian Asamoah,"Board-Certified Gastroenterologist | Integrative & Functional Medicine Expert | Global Gut Health Leader

I’m Dr. Vivian Asamoah, a triple board-certified physician redefining digestive health through a global, root-cause lens. With over two decades of clinical experience, I specialize in microbiome science, mast cell activation (MCAS), gut-brain axis disorders, and immune-driven GI dysfunction.

Through my practices—Houston Gastro Institute and Dr. Vivian Asamoah Integrative Functional GI—I help patients across the U.S. and internationally heal from IBS, SIBO, SIFO, histamine intolerance, and leaky gut using precision diagnostics, nutrition protocols, and trauma-informed care.

This is whole-person medicine—beyond prescriptions. I don’t just advocate for wellness—I design it, honoring your biology, lived experience, and culture.

When conventional care hits a wall, I offer a new path forward. 


",2020-06-18T18:38:09.37463Z,US,605314,1610,False,2024-07-30T13:43:12Z,PT56S,56,en,en,false,no_captions_reported,,,,public,False,1319,40,3,0,True,1,can I drive myself home after a colonoscopy,4,when can you go home after a colonoscopy? #colonoscopy #health,when can you go home after a colonoscopy? #colonoscopy #health|UCbmhQMF6VJyKrmCxFJyKIHA,False,"[{""cancer_domain"": ""colon"", ""search_query"": ""can I drive myself home after a colonoscopy"", ""rank"": 4, ""contributor"": ""Yiran"", ""source"": ""Mayo Clinic"", ""scope_category"": ""Anxiety Reduction""}]"
batch-yiran-colon-002,2026-09-26T22:12:18.316051+00:00,-if5-5A_z6c,https://www.youtube.com/watch?v=-if5-5A_z6c,Things to know for AFTER your colonoscopy,"Some things to consider after undergoing a #colonoscopy to be informed, prepared, and avoid (unwanted) surprises🤞🏼
#health #medical #digestivehealth #guthealth #healthyliving #wellness #wellbeing #gastroenterology #healthcare #short #shorts #shortvideo #shortsfeed #shortsyoutube",UCyMTBmmP43jw5ArmIBnSBVw,"Dr. James Tabibian, MD, PhD","I’m Dr. James Tabibian, MD, PhD—an Interventional Gastroenterologist, researcher, educator, and patient advocate. Here I share insights on endoscopic procedures, digestive health, and overall wellness. I aim to keep it honest, informative, and practical. 
Content is for educational purposes only and not a substitute for professional medical advice.",2025-10-14T00:05:10.47609Z,,162836,241,False,2025-10-21T02:01:10Z,PT59S,59,en,,false,no_captions_reported,,,,public,False,19616,254,46,0,True,1,can I drive myself home after a colonoscopy,5,things to know for after your colonoscopy,things to know for after your colonoscopy|UCyMTBmmP43jw5ArmIBnSBVw,False,"[{""cancer_domain"": ""colon"", ""search_query"": ""can I drive myself home after a colonoscopy"", ""rank"": 5, ""contributor"": ""Yiran"", ""source"": ""Mayo Clinic"", ""scope_category"": ""Anxiety Reduction""}]"
batch-yiran-colon-002,2026-09-26T22:12:18.316051+00:00,9Ae_IM-8vyU,https://www.youtube.com/watch?v=9Ae_IM-8vyU,Can't Find a Ride Home After a Procedure? Here's What to Do! #postcolonoscopy,What can I do if I'm struggling to find someone to drive me home after the procedure? #Colonoscopyprep #ridehome #transportation #guthealth #gutmicrobiome #gicare,UC1YsSpS2RrSabL5IjZ52nhg,gutsphere,"For people living with ongoing digestive symptoms and conditions who want to understand their experience and prepare better questions for care.

Gutsphere explores constipation, bloating, IBS, stool changes, gut health, and digestive diseases through clear explanations and personal experiences.

Build a personal system of care: a practical way to organize your health history, recognize patterns, prepare for appointments, and keep track of what happens between visits—alongside your healthcare team.

Start with a symptom or condition playlist, then explore ways to connect the pieces of your experience. Subscribe for practical digestive-health education and a clearer path forward.

The Gutsphere app supports this approach. Find our iOS and Android apps in the links below.
Website: https://gutsphere.com/
Contact: hello@gutsphere.com

Educational information and personal experiences—not individual diagnosis or treatment.",2022-09-27T13:11:36.194582Z,US,1393861,4410,False,2024-06-12T17:45:00Z,PT49S,49,en-US,en-US,false,no_captions_reported,,,,public,False,261,8,0,0,True,1,can I drive myself home after a colonoscopy,6,can't find a ride home after a procedure? here's what to do! #postcolonoscopy,can't find a ride home after a procedure? here's what to do! #postcolonoscopy|UC1YsSpS2RrSabL5IjZ52nhg,False,"[{""cancer_domain"": ""colon"", ""search_query"": ""can I drive myself home after a colonoscopy"", ""rank"": 6, ""contributor"": ""Yiran"", ""source"": ""Mayo Clinic"", ""scope_category"": ""Anxiety Reduction""}]"
batch-yiran-colon-002,2026-09-26T22:12:18.316051+00:00,Jxk1BiUNgxY,https://www.youtube.com/watch?v=Jxk1BiUNgxY,What Happens After Your Colonoscopy?,"After the colonoscopy procedure, you will be observed in a recovery room for about 30 minutes before being sent home. You might feel some cramping or bloating during this time from the air that was used to expand your colon during the exam, but this should pass quickly. You’ll be able to resume a normal diet as soon as you are released. Your doctor will tell you if any special dietary changes need to be made.  Plan to have someone available to drive you home as you may still be drowsy from the sedative.

#ColorectalCancer #AnalPolyps #coloncleanse #ColorectalCancer #Colonoscopy #Colonoscopyprep #howto #Fyp #viral #foryoupage",UC_EkdxtucXoya8v_PNPip-g,LAColonRectal,"Since the founding of our practice in 1957, our guiding philosophy has been, and will always be to provide our patients with focused diagnostic efforts and compassionate medical and surgical treatment, while adhering to the highest principles in the art and science of medicine.",2011-10-03T15:42:07Z,,1082895,1340,False,2024-05-13T18:00:15Z,PT44S,44,en,,false,no_captions_reported,,,,public,False,21565,247,13,0,True,1,can I drive myself home after a colonoscopy,7,what happens after your colonoscopy?,what happens after your colonoscopy?|UC_EkdxtucXoya8v_PNPip-g,False,"[{""cancer_domain"": ""colon"", ""search_query"": ""can I drive myself home after a colonoscopy"", ""rank"": 7, ""contributor"": ""Yiran"", ""source"": ""Mayo Clinic"", ""scope_category"": ""Anxiety Reduction""}]"
batch-yiran-colon-002,2026-09-26T22:12:18.316051+00:00,yiXuTSy43gE,https://www.youtube.com/watch?v=yiXuTSy43gE,This is how we put you to sleep for a colonoscopy 💩,,UCUVvhkVjs0TSS3ndiKcpGGA,"David Warren, CRNA, NP","What's up YouTube! I am a CRNA and emergency medicine NP, and this channel is all about anesthesia, CRNA school, and emergency medicine!

Here's how to get in touch with me:
Email: Travelnursepractitioner@gmail.com
IG: @DavidWarrenNP
TikTok: @DavidWarrenNP
",2016-10-22T14:35:40Z,US,1795140,18700,False,2023-09-15T19:56:21Z,PT46S,46,en,en,false,no_captions_reported,,,,public,False,263028,3584,236,0,True,1,can I drive myself home after a colonoscopy,8,this is how we put you to sleep for a colonoscopy 💩,this is how we put you to sleep for a colonoscopy 💩|UCUVvhkVjs0TSS3ndiKcpGGA,False,"[{""cancer_domain"": ""colon"", ""search_query"": ""can I drive myself home after a colonoscopy"", ""rank"": 8, ""contributor"": ""Yiran"", ""source"": ""Mayo Clinic"", ""scope_category"": ""Anxiety Reduction""}]"
batch-yiran-colon-002,2026-09-26T22:12:18.316051+00:00,_q4YkbpP7ok,https://www.youtube.com/watch?v=_q4YkbpP7ok,Recovery time after COLONOSCOPY,,UCvt_XEi4-P3fK5JNPlXsVkQ,"Monia Werlang, MD",,2011-10-13T18:40:56Z,,105373,105,False,2023-08-17T22:06:37Z,PT29S,29,en,,false,no_captions_reported,,,,public,False,6966,74,2,0,True,1,can I drive myself home after a colonoscopy,9,recovery time after colonoscopy,recovery time after colonoscopy|UCvt_XEi4-P3fK5JNPlXsVkQ,False,"[{""cancer_domain"": ""colon"", ""search_query"": ""can I drive myself home after a colonoscopy"", ""rank"": 9, ""contributor"": ""Yiran"", ""source"": ""Mayo Clinic"", ""scope_category"": ""Anxiety Reduction""}]"
batch-yiran-colon-002,2026-09-26T22:12:18.316051+00:00,QGQCxq7fX5g,https://www.youtube.com/watch?v=QGQCxq7fX5g,Driving and Colonoscopy,"What is a colonoscopy?
Eating before my colonoscopy 
Kleen prep for my colonoscopy 
Driving after my colonoscopy
How much time off work do I need for my colonoscopy?
Will I be asleep for my colonoscopy?
Sedation and colonoscopy?
Entonox or gas and air for my colonoscopy.
When can I drive after my colonoscopy?
Will I have to stay in hospital for my colonoscopy?
What does bowel prep for my colonoscopy involve?
Can I have a scan instead of a colonoscopy?
What are the alternatives to colonoscopy?",UC1S0ODJCSfamU2-UaC88nLQ,Mr Rajeev Peravali,"Mr. Rajeev Peravali is a Consultant Gastrointestinal and Colorectal Surgeon at Midlands Colorectal, providing specialist care for patients across Birmingham and the Midlands.

This channel provides clear, reliable patient information videos on common colorectal and general surgical conditions, including bowel cancer, haemorrhoids, anal fissures, fistulas, hernias, gallbladder problems, and colonoscopy procedures.

You will also find surgical procedure explanations, recovery guidance, and practical advice on topics such as driving after surgery, time off work, sedation during colonoscopy, and preparing for procedures.

Mr. Peravali specialises in minimally invasive colorectal and gastrointestinal surgery, with a focus on improving patient outcomes, reducing recovery times, and helping patients better understand their treatment options.

These videos aim to provide trusted medical education for patients in Birmingham and beyond, helping you feel informed and confident about your care.
",2020-03-06T09:58:14.134757Z,,89398,253,False,2020-03-08T09:38:05Z,PT40S,40,en,en-GB,false,no_captions_reported,,,,public,False,889,3,,0,True,1,can I drive myself home after a colonoscopy,10,driving and colonoscopy,driving and colonoscopy|UC1S0ODJCSfamU2-UaC88nLQ,False,"[{""cancer_domain"": ""colon"", ""search_query"": ""can I drive myself home after a colonoscopy"", ""rank"": 10, ""contributor"": ""Yiran"", ""source"": ""Mayo Clinic"", ""scope_category"": ""Anxiety Reduction""}]"
